WARNING:root:The plugin name "Morrowind Patch *.esm" contains special characters and so is not valid as an "after" filename. It has been retained and is followed by entries for the following matching filenames: ['Morrowind Patch 1.6.5 Beta (BTB Edit).esm', 'Morrowind Patch Project 1.6.5 [For Rebirth].esm', 'Morrowind Patch Project v1.6.6 [For Rebirth].esm', 'Morrowind Patch v1.2.2.esm', 'Morrowind Patch v1.6.2.esm', 'Morrowind Patch v1.6.3.esm', 'Morrowind Patch v1.6.4 (WIP).esm', 'Morrowind Patch v1.6.4.esm', 'Morrowind Patch v1.6.5-BETA.esm', 'Morrowind Patch v1.6.5d_beta.esm', 'Morrowind Patch v1.6.6_beta.esm']
WARNING:root:The plugin name "Raym's Absolutely Aleatory Accoutrements <VER>.esm" contains special characters and so is not valid as an "after" filename. It has been retained and is followed by entries for the following matching filenames: ["Raym's Absolutely Aleatory Accoutrements 3.0.esm", "Raym's Absolutely Aleatory Accoutrements 4.0.esm"]
WARNING:root:The plugin name "Morrowind Rebirth <VER> - Morrowind Patch *.esm" contains special characters and so is not valid as an "after" filename. It has been retained and is followed by entries for the following matching filenames: ['Morrowind Rebirth 4.1 - Morrowind Patch 1.6.5 [Rebirth].esm', 'Morrowind Rebirth 4.11 - Morrowind Patch 1.6.5 [Rebirth].esm', 'Morrowind Rebirth 4.12 - Morrowind Patch 1.6.5 [Rebirth].esm', 'Morrowind Rebirth 4.13 - Morrowind Patch 1.6.5 [Rebirth].esm', 'Morrowind Rebirth 4.2 - Morrowind Patch 1.6.5 [Rebirth].esm', 'Morrowind Rebirth 4.3 - Morrowind Patch 1.6.5 [Rebirth].esm', 'Morrowind Rebirth 4.31 - Morrowind Patch 1.6.5 [Rebirth].esm', 'Morrowind Rebirth 4.4 - Morrowind Patch 1.6.5 [Rebirth].esm', 'Morrowind Rebirth 4.42 - Morrowind Patch 1.6.5 [Rebirth].esm']
WARNING:root:The filename "AAA <VER> Addon - Westly.ESP" contains special characters and so is not valid as a "inc" filename. No matching filenames were found, and its "inc" entry will never match any files at runtime.
WARNING:root:The plugin name "AAA <VER> Addon - Westly.ESP" contains special characters and so is not valid as an "after" filename. No matching filenames were found, and its "after" entry will never match any files at runtime.
WARNING:root:The filename "AAA <VER> Addon - Westly (standalone).ESP" contains special characters and so is not valid as an "inc" filename. It has been replaced with the following matching filenames: ['AAA 3.0 Addon - Westly (standalone).ESP']
INFO:root:LOOT does not support message highlighting equivalent to mlox's blue highlighting, the following message will be treated as not highlighted: ""[Glassboy's "Adjustable Magicka Regen"] uses its own hard-coded determination of maximum Magicka for purposes of regeneration rate that make it likely to come up with an inaccurate (usually lower) rate when used with mods that change or add birthsigns, races and other factors that grant or modify Magicka multipliers."
(Ref: http://www.mwmythicmods.com/Gluby/Gluby_Magicka_and_Spell_Effect_Mods.htm#MagickaRegenMods )"
INFO:root:LOOT does not support message highlighting equivalent to mlox's blue highlighting, the following message will be treated as not highlighted: ""Characters born under the Atronach birthsign get a hefty boost to their maximum Magicka, but do not recover Magicka normally by resting. Not all mods take this into account. Those mods that do not are imbalancing in favor of Atronach characters if used with them (in other words, they're effectively cheats when used that way)."
(Ref: http://www.mwmythicmods.com/Gluby/Gluby_Magicka_and_Spell_Effect_Mods.htm#MagickaRegenMods )"
WARNING:root:The plugin name "LGNPC_GnaarMok_v?_??.esp" contains special characters and so is not valid as an "after" filename. It has been retained and is followed by entries for the following matching filenames: ['LGNPC_GnaarMok_v1_20.esp']
WARNING:root:The plugin name "LGNPC_AldVelothi_v?_??.esp" contains special characters and so is not valid as an "after" filename. It has been retained and is followed by entries for the following matching filenames: ['LGNPC_AldVelothi_v1_20.esp']
WARNING:root:The plugin name "LGNPC_AldVelothi_rus_v?_??.esp" contains special characters and so is not valid as an "after" filename. No matching filenames were found, and its "after" entry will never match any files at runtime.
WARNING:root:The plugin name "LGNPC_Pelagiad_v<VER>.esp" contains special characters and so is not valid as an "after" filename. No matching filenames were found, and its "after" entry will never match any files at runtime.
WARNING:root:The plugin name "LGNPC_TelMora_v?_??.esp" contains special characters and so is not valid as an "after" filename. It has been retained and is followed by entries for the following matching filenames: ['LGNPC_TelMora_v1_30.esp']
WARNING:root:The plugin name "LGNPC_Khuul_v?_??.esp" contains special characters and so is not valid as an "after" filename. It has been retained and is followed by entries for the following matching filenames: ['LGNPC_Khuul_v2_21.esp']
WARNING:root:The plugin name "LGNPC_SecretMasters_v?_??.esp" contains special characters and so is not valid as an "after" filename. It has been retained and is followed by entries for the following matching filenames: ['LGNPC_SecretMasters_v1_30.esp']
WARNING:root:The plugin name "LGNPC_IndarysManor_v?_??.esp" contains special characters and so is not valid as an "after" filename. No matching filenames were found, and its "after" entry will never match any files at runtime.
WARNING:root:The plugin name "LGNPC_PaxRedoran_v?_??.esp" contains special characters and so is not valid as an "after" filename. It has been retained and is followed by entries for the following matching filenames: ['LGNPC_PaxRedoran_v1_20.esp']
WARNING:root:The plugin name "LGNPC_SoulSicknessPatch_v?_??.esp" contains special characters and so is not valid as an "after" filename. It has been retained and is followed by entries for the following matching filenames: ['LGNPC_SoulSicknessPatch_v1_00.esp']
INFO:root:LOOT does not support message highlighting equivalent to mlox's blue highlighting, the following message will be treated as not highlighted: ""time_2x.esp" alters the TimeScale global variable to 15, making days last twice as long as they do in vanilla Morrowind.
Note that this altered Timescale will only take effect with a new game."
INFO:root:LOOT does not support message highlighting equivalent to mlox's blue highlighting, the following message will be treated as not highlighted: "Use the Holo-Deck plugin from the archive "Holo-Deck2+FIX!!!!.ace", it is the most recent version. The plugin should be dated 11th May 2003."
INFO:root:LOOT does not support message highlighting equivalent to mlox's blue highlighting, the following message will be treated as not highlighted: ""This is a Better Body mod (mostly), so other body mods are not supported in this archive (so clothing will clip with the original bodies and Smoother Bodies)."
(Ref: "Alakazar's Lamp by Westly README.txt")"
INFO:root:LOOT does not support message highlighting equivalent to mlox's blue highlighting, the following message will be treated as not highlighted: ""If you do not have Tribunal, Bloodmoon, and Tamriel Rebuilt installed you will NEED to use the folder "Optional - Ingredient Retexture" to use most of these mods."
(Ref: "Readme - Tealpanda's Alchemy Essentials.txt")"
INFO:root:LOOT does not support message highlighting equivalent to mlox's blue highlighting, the following message will be treated as not highlighted: ""Things that change ingredient effects (like Sri's Alchemy or BTB's Alchemy mod) might make the ingredient lists make less sense, but [Essence Potions] will still work."
(Ref: "Readme - Tealpanda's Alchemy Essentials.txt")"
WARNING:root:The filename "Clean Ald-Ruhn Temple Expansion <VER>.ESP" contains special characters and so is not valid as a "req" filename. It has been replaced with the following matching filenames: ['Clean Ald-Ruhn Temple Expansion 1.2.ESP']
WARNING:root:The plugin name "Clean Ald-Ruhn Temple Expansion <VER>.ESP" contains special characters and so is not valid as an "after" filename. It has been retained and is followed by entries for the following matching filenames: ['Clean Ald-Ruhn Temple Expansion 1.2.ESP']
INFO:root:LOOT does not support message highlighting equivalent to mlox's blue highlighting, the following message will be treated as not highlighted: "An upgraded version (3.1) of Ald Vendras is available:
http://mw.modhistory.com/download-44-6991"
WARNING:root:The plugin name "DN-GDRv<VER>.esp" contains special characters and so is not valid as an "after" filename. It has been retained and is followed by entries for the following matching filenames: ['DN-GDRv1.1.esp', 'DN-GDRv1.2.1.esp', 'DN-GDRv1.2.esp', 'DN-GDRv1.esp']
WARNING:root:The plugin name "DN-GDRv<VER>_NOM.esp" contains special characters and so is not valid as an "after" filename. It has been retained and is followed by entries for the following matching filenames: ['DN-GDRv1.1_NOM.esp', 'DN-GDRv1_NOM.esp']
WARNING:root:The plugin name "DN-GDRv<VER>-Rebirth.esp" contains special characters and so is not valid as an "after" filename. It has been retained and is followed by entries for the following matching filenames: ['DN-GDRv1.2-Rebirth.esp']
WARNING:root:The plugin name "DN-GDRv<VER>.MRM.esp" contains special characters and so is not valid as an "after" filename. It has been retained and is followed by entries for the following matching filenames: ['DN-GDRv1.2.MRM.esp']
WARNING:root:The plugin name "DN-GDRv<VER>.MRMnp.esp" contains special characters and so is not valid as an "after" filename. It has been retained and is followed by entries for the following matching filenames: ['DN-GDRv1.2.MRMnp.esp']
INFO:root:LOOT does not support message highlighting equivalent to mlox's blue highlighting, the following message will be treated as not highlighted: "In Pseron Wyrd's modified version of evermoon's "Alternate Beginnings" he notes "Not all the Alternate Beginnings work as intended in original".
It's probable that these are the "Teleported into the Caldera Mages Guild" and "Drinking at the tavern in Dagon Fel" choices. This is based on information in "Alternate Beginnings 2" by BlueBit and Narfblat, an update to evermoon's original "Alternate Beginnings".
(Ref: "Clean altbegin.txt" and "Alternate_Beginnings_2_v11.rar\README.txt")
"Alternate Beginnings 2" by BlueBit and Narfblat is available on MMH:
http://mw.modhistory.com/download-53-12399"
INFO:root:LOOT does not support message highlighting equivalent to mlox's blue highlighting, the following message will be treated as not highlighted: "You should consider using one of Lthemeow's edited "Alternate Beginnings" plugins from "Alternate_Beginnings_22.zip"
Those versions are "[Necessities of Morrowind], and other start script mods, compatible. It delays the script by five seconds, causing it to be compatible with anything that uses start scripts without making the name/etc menues pop up at once and over one another."
(Ref: http://mw.modhistory.com/download-90-6583 )"
INFO:root:LOOT does not support message highlighting equivalent to mlox's blue highlighting, the following message will be treated as not highlighted: "There is an updated version of Balor's "Alternate Leveling" available, 1.4, you should upgrade!
http://mw.modhistory.com/download-37-584"
INFO:root:LOOT does not support message highlighting equivalent to mlox's blue highlighting, the following message will be treated as not highlighted: ""Animated Containers Optimized" by Stuporstar, Greatness7 and qqqbbb "optimizes Animated Containers scripts to reduce CPU load". You may wish to use that mod instead.
Download "Animated Containers Optimized" from Great House Fliggerty - http://download.fliggerty.com/download-142-1199"
WARNING:root:The plugin name "Quest Tweaks and Alternatives_<VER>.esp" contains special characters and so is not valid as an "after" filename. It has been retained and is followed by entries for the following matching filenames: ['Quest Tweaks and Alternatives_1.17.esp', 'Quest Tweaks and Alternatives_1.19.esp']
INFO:root:LOOT does not support message highlighting equivalent to mlox's blue highlighting, the following message will be treated as not highlighted: "Bud_Lyte_kNight and then Stuporstar have updated AcidBasick's mod with sharper textures and practice dummies that level with the player. You may wish to replace AcidBasick's mod with one of these updated mods.
Bud_Lyte_kNight's "Leveled Animated Practice Dummy"  - http://www.nexusmods.com/morrowind/mods/1073/
Stuporstar's "Animated Targets and Practice Dummies" - http://download.fliggerty.com/download--893"
INFO:root:LOOT does not support message highlighting equivalent to mlox's blue highlighting, the following message will be treated as not highlighted: "The latest version of "Antares' Big Mod" is 7.63, check if you need to upgrade:
http://arcimaestroantares.webs.com/antaresbigmod.htm"
WARNING:root:The filename "Antares' Big Mod <VER>.esp" contains special characters and so is not valid as an "inc" filename. It has been replaced with the following matching filenames: ["Antares' Big Mod 5.6.esp", "Antares' Big Mod 5.7.esp", "Antares' Big Mod 7.4.esp"]
WARNING:root:The filename "Antares Big Mod <VER>.esp" contains special characters and so is not valid as a "inc" filename. No matching filenames were found, and its "inc" entry will never match any files at runtime.
INFO:root:LOOT does not support message highlighting equivalent to mlox's blue highlighting, the following message will be treated as not highlighted: ""A certain part of the main quest requires the player character to take damage to the point of reducing Health to 1 while drowning. If the character has permanent, constant-effect waterbreathing, it effectively breaks this quest."
"Argonian Water Breathing" by Tzing makes Argonian water-breathing a constant-effect ability.
(Ref: http://www.mwmythicmods.com/Gluby/Gluby_CharGen_Mods.htm#FAQ )
Mods which make Argonian water-breathing a toggleable ability:
 "Argonian Water Breathing Toggle" by Jack - http://mw.modhistory.com/download-47-13155
 "Beast Spell Toggle" by Pwin - http://mw.modhistory.com/download-47-13426
 "Slashes' Argonian Water Breathing" by Slashes-With-Claws -http://mw.modhistory.com/download-47-10284"
INFO:root:LOOT does not support message highlighting equivalent to mlox's blue highlighting, the following message will be treated as not highlighted: ""Arkeylan Armor" is designed for Psychodog Studios' "Better Bodies", without it "the armor and clothing will look somewhat silly, if they work at all."
(Ref: "AA Readme.txt" and "Arkeylan_Armor_2.7z\Readme.txt")"
INFO:root:LOOT does not support message highlighting equivalent to mlox's blue highlighting, the following message will be treated as not highlighted: "There are newer versions of "arvisrend's Morrowind fixes" available. You should upgrade!
http://morrowind.nexusmods.com/mods/36373/"
WARNING:root:The plugin name "Morrowind Rebirth <VER>.esp" contains special characters and so is not valid as an "after" filename. It has been retained and is followed by entries for the following matching filenames: ['Morrowind Rebirth 1.6.ESP', 'Morrowind Rebirth 1.8.ESP', 'Morrowind Rebirth 3.81.ESP', 'Morrowind Rebirth 4.1.ESP', 'Morrowind Rebirth 4.11.ESP', 'Morrowind Rebirth 4.12.ESP', 'Morrowind Rebirth 4.13.ESP', 'Morrowind Rebirth 4.2.ESP', 'Morrowind Rebirth 4.3.ESP', 'Morrowind Rebirth 4.31.ESP', 'Morrowind Rebirth 4.4.ESP', 'Morrowind Rebirth 4.42.ESP', 'Morrowind Rebirth 4.43.ESP']
INFO:root:LOOT does not support message highlighting equivalent to mlox's blue highlighting, the following message will be treated as not highlighted: "Korana's "Ascadian Rose Cottage" may have some slight tree blending issues with "Leafy Morrowind" and "Forested Morrowind"
(Ref: Ascadian Rose Cottage READ IT.txt)"
INFO:root:LOOT does not support message highlighting equivalent to mlox's blue highlighting, the following message will be treated as not highlighted: "There is a new version, 2.0, of DragoonWraith's "Assassination" available
http://mw.modhistory.com/download--10511"
INFO:root:LOOT does not support message highlighting equivalent to mlox's blue highlighting, the following message will be treated as not highlighted: "There is a new version of "Balmora Underworld" available, with additional quests and dialogue.
http://www.nexusmods.com/morrowind/mods/42448"
WARNING:root:Converting a VER predicate that uses a filename pattern, LOOT will ignore any version in the plugin description: VersionExpression(operator=<Operator.LESS_THAN: 2>, version='2.3', file='Balmora University V<VER>.esp')
INFO:root:LOOT does not support message highlighting equivalent to mlox's blue highlighting, the following message will be treated as not highlighted: "A newer version of Bank Mod is available, 2.4b, you should upgrade
http://mw.modhistory.com/download-15-11920"
INFO:root:LOOT does not support message highlighting equivalent to mlox's blue highlighting, the following message will be treated as not highlighted: "Better Clothes 1.0 is updated by Better Clothes 1.1, you should upgrade!
http://mw.modhistory.com/download-21-14097"
INFO:root:LOOT does not support message highlighting equivalent to mlox's blue highlighting, the following message will be treated as not highlighted: "There is a newer version of "Better Clothes" available, you should upgrade.
Despite the version numbers "Better Clothes v1.1" was released after the beta "Better Clothes Beta_1.4.esp".
http://mw.modhistory.com/download-21-14097"
WARNING:root:The plugin name "BetterClothesBloodmoonPlus<VER>.esp" contains special characters and so is not valid as an "after" filename. It has been retained and is followed by entries for the following matching filenames: ['BetterClothesBloodmoonPlus1.5.esp']
INFO:root:LOOT does not support message highlighting equivalent to mlox's blue highlighting, the following message will be treated as not highlighted: ""Better Bodies" is highly recommended for Reavance's "Better Daedric Armor".
(Ref: "Better Daedric Armor ReadMe.txt")"
INFO:root:LOOT does not support message highlighting equivalent to mlox's blue highlighting, the following message will be treated as not highlighted: "You are using an older version of Better Looking Morrowind, you should upgrade to 1.3:
http://mw.modhistory.com/download-53-13409"
WARNING:root:Converting a VER predicate that uses a filename pattern, LOOT will ignore any version in the plugin description: VersionExpression(operator=<Operator.LESS_THAN: 2>, version='1.9.1', file='BetterMusicSystem_<VER>.esp')
INFO:root:LOOT does not support message highlighting equivalent to mlox's blue highlighting, the following message will be treated as not highlighted: "There is a newer version of "Better Music System" by Xiran, 1.9.1.
Download "Better Music System" by Xiran from Morrowind Modding History - http://mw.modhistory.com/download-55-13678"
WARNING:root:Converting a VER predicate that uses a filename pattern, LOOT will ignore any version in the plugin description: VersionExpression(operator=<Operator.LESS_THAN: 2>, version='1.9.1', file='BetterMusicSystem_<VER>_alt.esp')
WARNING:root:The plugin name "BMS_UPDATE_v<VER>.esp" contains special characters and so is not valid as an "after" filename. It has been retained and is followed by entries for the following matching filenames: ['BMS_UPDATE_v1.6.esp', 'BMS_UPDATE_v1.7.2.esp', 'BMS_UPDATE_v1.7.esp']
WARNING:root:The plugin name "BMS_UPDATE_from1.6_to<VER>.esp" contains special characters and so is not valid as an "after" filename. It has been retained and is followed by entries for the following matching filenames: ['BMS_UPDATE_from1.6_to1.7.2.esp', 'BMS_UPDATE_from1.6_to1.7.esp']
WARNING:root:The plugin name "BMS_UPDATE_from1.7(.x)to1.9*.esp" contains special characters and so is not valid as an "after" filename. It has been retained and is followed by entries for the following matching filenames: ['BMS_UPDATE_from1.7(.x)to1.9.1.esp', 'BMS_UPDATE_from1.7(.x)to1.9.1_alt.esp', 'BMS_UPDATE_from1.7(.x)to1.9.esp', 'BMS_UPDATE_from1.7(.x)to1.9_alt.esp']
WARNING:root:The filename "DN-GDRv<VER>.esp" contains special characters and so is not valid as a "req" filename. It has been replaced with the following matching filenames: ['DN-GDRv1.1.esp', 'DN-GDRv1.2.1.esp', 'DN-GDRv1.2.esp', 'DN-GDRv1.esp']
WARNING:root:The filename "DN-GDRv<VER>_NOM.esp" contains special characters and so is not valid as a "req" filename. It has been replaced with the following matching filenames: ['DN-GDRv1.1_NOM.esp', 'DN-GDRv1_NOM.esp']
WARNING:root:The filename "DN-GDRv<VER>-Rebirth.esp" contains special characters and so is not valid as a "req" filename. It has been replaced with the following matching filenames: ['DN-GDRv1.2-Rebirth.esp']
WARNING:root:The filename "DN-GDRv<VER>.MRM.esp" contains special characters and so is not valid as a "req" filename. It has been replaced with the following matching filenames: ['DN-GDRv1.2.MRM.esp']
WARNING:root:The filename "DN-GDRv<VER>.MRMnp.esp" contains special characters and so is not valid as a "req" filename. It has been replaced with the following matching filenames: ['DN-GDRv1.2.MRMnp.esp']
INFO:root:LOOT does not support message highlighting equivalent to mlox's blue highlighting, the following message will be treated as not highlighted: "There is a newer version, 1.2, of "Better Portable Containers - Morrowind Script Extender Scripts"
http://web.archive.org/web/20080308192235/http://home1.gte.net/cdcooley/BPC_MWSE_1.2.zip
http://mw.modhistory.com/download--5598"
INFO:root:LOOT does not support message highlighting equivalent to mlox's blue highlighting, the following message will be treated as not highlighted: ""A certain part of the main quest requires the player character to take damage to the point of reducing Health to 1 while drowning. If the character has permanent, constant-effect waterbreathing, it effectively breaks this quest."
"Birthsigns" by Bot makes Argonian water-breathing a constant-effect ability.
(Ref: http://www.mwmythicmods.com/Gluby/Gluby_CharGen_Mods.htm#FAQ )
Mods which make Argonian water-breathing a toggleable ability:
 "Argonian Water Breathing Toggle" by Jack - http://mw.modhistory.com/download-47-13155
 "Beast Spell Toggle" by Pwin - http://mw.modhistory.com/download-47-13426
 "Slashes' Argonian Water Breathing" by Slashes-With-Claws -http://mw.modhistory.com/download-47-10284"
INFO:root:LOOT does not support message highlighting equivalent to mlox's blue highlighting, the following message will be treated as not highlighted: "TheBlackMill.esp is updated by TheBlackMill11.esp
( http://mw.modhistory.com/download--5773 )"
WARNING:root:The plugin name "NOM <VER>.esp" contains special characters and so is not valid as an "after" filename. It has been retained and is followed by entries for the following matching filenames: ['NOM 2.12.esp', 'NOM 2.13.esp', 'NOM 3.0.esp']
INFO:root:LOOT does not support message highlighting equivalent to mlox's blue highlighting, the following message will be treated as not highlighted: "The latest version of TheLys' "Blood and Gore" is 2.14
Download it from Morrowind Modding History - http://mw.modhistory.com/download-56-14938"
WARNING:root:The plugin name "Bloodmoon Landscape Overhaul <VER>.esm" contains special characters and so is not valid as an "after" filename. It has been retained and is followed by entries for the following matching filenames: ['Bloodmoon Landscape Overhaul 1.0.esm', 'Bloodmoon Landscape Overhaul 1.1.esm']
WARNING:root:The filename "Bloodmoon Landscape Overhaul <VER>.esm" contains special characters and so is not valid as an "inc" filename. It has been replaced with the following matching filenames: ['Bloodmoon Landscape Overhaul 1.0.esm', 'Bloodmoon Landscape Overhaul 1.1.esm']
INFO:root:LOOT does not support message highlighting equivalent to mlox's blue highlighting, the following message will be treated as not highlighted: "There is a new version of abot & Arcimaestro Antares' "Boats" available, you should upgrade!
http://www.nexusmods.com/morrowind/mods/42270/"
INFO:root:LOOT does not support message highlighting equivalent to mlox's blue highlighting, the following message will be treated as not highlighted: ""A certain part of the main quest requires the player character to take damage to the point of reducing Health to 1 while drowning. If the character has permanent, constant-effect waterbreathing, it effectively breaks this quest."
"BTB's Game Improvements" makes Argonian water-breathing a constant-effect ability.
(Ref: http://www.mwmythicmods.com/Gluby/Gluby_CharGen_Mods.htm#FAQ )
Mods which make Argonian water-breathing a toggleable ability:
 "Argonian Water Breathing Toggle" by Jack - http://mw.modhistory.com/download-47-13155
 "Beast Spell Toggle" by Pwin - http://mw.modhistory.com/download-47-13426
 "Slashes' Argonian Water Breathing" by Slashes-With-Claws -http://mw.modhistory.com/download-47-10284"
INFO:root:LOOT does not support message highlighting equivalent to mlox's blue highlighting, the following message will be treated as not highlighted: "A new version of Building Up Uvirith's Legacy is available. You should upgrade.
http://mw.modhistory.com/download-44-11851"
INFO:root:LOOT does not support message highlighting equivalent to mlox's blue highlighting, the following message will be treated as not highlighted: "There is a new version, 1.2, of "Cali's Clothing" available, you should upgrade:
http://www.calislahn.com/elder-scrolls/clothing/"
INFO:root:LOOT does not support message highlighting equivalent to mlox's blue highlighting, the following message will be treated as not highlighted: "There is a newer version of Chalk available (v3.1.0), you should upgrade!
http://webpages.charter.net/manauser/morrowind/"
INFO:root:LOOT does not support message highlighting equivalent to mlox's blue highlighting, the following message will be treated as not highlighted: "There is an update to Leeloo's "Changing Faces Replacer" available, the "Changing Faces NPC Replacer Official Add-On":
http://dianahliva.com/morrowindmods.html"
INFO:root:LOOT does not support message highlighting equivalent to mlox's blue highlighting, the following message will be treated as not highlighted: ""[Marbred's "CharGen Diseases"] is an update/replacer for my old Chargen Vampire and Chargen Werewolf mods. This combines both those mod ideas into one mod."
http://mw.modhistory.com/download-90-11436
(Ref: "Readme - Chargen Diseases.txt")"
INFO:root:LOOT does not support message highlighting equivalent to mlox's blue highlighting, the following message will be treated as not highlighted: "A new version of "Chargen Revamped", version 2.3, is available. You should upgrade!
http://mw.modhistory.com/download-18-12898"
INFO:root:LOOT does not support message highlighting equivalent to mlox's blue highlighting, the following message will be treated as not highlighted: ""There is a small interference from ["Children of the Night 1"] if you have both [it and "Children of the Night 2"] installed, this is a minor situation that enables the "Background" topic to appear on No lore NPC. I suggest you uninstall ["Children of the Night 1"] if you already played it."
(Ref: "CON2 Readme.doc")"
INFO:root:LOOT does not support message highlighting equivalent to mlox's blue highlighting, the following message will be treated as not highlighted: "This modification adds around 500 unique NPC's - this will affect your productivity at bigger populated locations."
WARNING:root:Converting a VER predicate that uses a filename pattern, LOOT will ignore any version in the plugin description: VersionExpression(operator=<Operator.LESS_THAN: 2>, version='3.1', file='Class Abilities <VER>.esp')
INFO:root:LOOT does not support message highlighting equivalent to mlox's blue highlighting, the following message will be treated as not highlighted: "A new version of "Class Abilities" is available, you should upgrade!
http://mw.modhistory.com/download-71-12566"
INFO:root:LOOT does not support message highlighting equivalent to mlox's blue highlighting, the following message will be treated as not highlighted: "There is a new version of Kahkahra's "Complete Armor Joints" available, you should upgrade!
http://mw.modhistory.com/download-4-12572"
INFO:root:LOOT does not support message highlighting equivalent to mlox's blue highlighting, the following message will be treated as not highlighted: ""[Shade the Bandit] reports possible conflicts with [his "Comprehensive Chargen" and] Galsiah's Character Development (GCD), though several [people] have reported that they work fine together."
(Ref: "ShadeChargen.txt" and http://www.mwmythicmods.com/Gluby/Gluby_CharGen_Mods.htm#MajorCharGenMods )"
INFO:root:LOOT does not support message highlighting equivalent to mlox's blue highlighting, the following message will be treated as not highlighted: "The armour in Westly's "Creed of the Assassin" is designed for Psychodog Studio's "Better Bodies".
(Ref: "Westly Presents_Creed of the Assassin README.txt")"
INFO:root:LOOT does not support message highlighting equivalent to mlox's blue highlighting, the following message will be treated as not highlighted: "Darknut has released a new version of "Darknut's Greater Dwemer Ruins", 1.2
Download it from Morrowind Nexus - http://www.nexusmods.com/morrowind/mods/43544/"
WARNING:root:The filename "DN-GDRv<VER>.esp" contains special characters and so is not valid as an "inc" filename. It has been replaced with the following matching filenames: ['DN-GDRv1.1.esp', 'DN-GDRv1.2.1.esp', 'DN-GDRv1.2.esp', 'DN-GDRv1.esp']
WARNING:root:The filename "DN-GDRv<VER>-Rebirth.esp" contains special characters and so is not valid as an "inc" filename. It has been replaced with the following matching filenames: ['DN-GDRv1.2-Rebirth.esp']
WARNING:root:The filename "KS_Julan_Ashlander Companion_<VER>.esp" contains special characters and so is not valid as a "req" filename. It has been replaced with the following matching filenames: ['KS_Julan_Ashlander Companion_2.0.esp']
WARNING:root:The filename "Julan Ashlander Companion <VER> [Rebirth].esp" contains special characters and so is not valid as a "req" filename. It has been replaced with the following matching filenames: ['Julan Ashlander Companion 2.0 [Rebirth].esp']
INFO:root:LOOT does not support message highlighting equivalent to mlox's blue highlighting, the following message will be treated as not highlighted: "You are using an old version of hollaajith's "DBAttack Tweaked", you should upgrade.
http://morrowind.nexusmods.com/mods/42299"
WARNING:root:Converting a VER predicate that uses a filename pattern, LOOT will ignore any version in the plugin description: VersionExpression(operator=<Operator.LESS_THAN: 2>, version='1.4', file='DBAttack Tweaked <VER>-Easy.esp')
WARNING:root:Converting a VER predicate that uses a filename pattern, LOOT will ignore any version in the plugin description: VersionExpression(operator=<Operator.LESS_THAN: 2>, version='1.4', file='DBAttack Tweaked <VER>.esp')
WARNING:root:The filename "DBAttack Tweaked <VER>-Easy.esp" contains special characters and so is not valid as an "inc" filename. It has been replaced with the following matching filenames: ['DBAttack Tweaked 2.0a-Easy.esp']
WARNING:root:The plugin name "Pegas Horse Ranch v<VER>.esp" contains special characters and so is not valid as an "after" filename. It has been retained and is followed by entries for the following matching filenames: ['Pegas Horse Ranch v2.0.esp', 'Pegas Horse Ranch v2.1.esp', 'Pegas Horse Ranch v2.4.esp', 'Pegas Horse Ranch v3.1.esp']
INFO:root:LOOT does not support message highlighting equivalent to mlox's blue highlighting, the following message will be treated as not highlighted: "You are using an older version of Decorator+, the current version is 1.1.1:
Download it from Morrowind Modding History - http://mw.modhistory.com/download-95-10574"
INFO:root:LOOT does not support message highlighting equivalent to mlox's blue highlighting, the following message will be treated as not highlighted: "There is a patch available which "fixes the items that revert back to their original scale, and cleans up the scripts."
http://mw.modhistory.com/download--3483
(Ref: "Devil's Rock(Final Patch).txt")"
INFO:root:LOOT does not support message highlighting equivalent to mlox's blue highlighting, the following message will be treated as not highlighted: "Casey Tucker's "NPC Functionality" is an enhanced version of his "The Dialogue Request Mod". You may wish to upgrade.
Download Casey Tucker's "NPC Functionality" from Morrowind Modding History - http://mw.modhistory.com/download-64-12911"
INFO:root:LOOT does not support message highlighting equivalent to mlox's blue highlighting, the following message will be treated as not highlighted: "Version 3.6.0 of MGE added weather, wind and interior detection. This means that distant land is always off in interiors, including Mournhold, and that MGE's fog distance changes in response to the weather.
If you are using 3.6.0 or a later version you should disable harlanrm's "Distant Land Fix for MGE.esp"
(Ref: http://morrgraphext.wiki.sourceforge.net/Change+Log )"
INFO:root:LOOT does not support message highlighting equivalent to mlox's blue highlighting, the following message will be treated as not highlighted: "Version 3.6.0 of MGE added interior detection. This means that distant land is always off in interiors, including Mournhold. If you using 3.6.0 or a later version you should disable Yacoby's "Distant Land Interior Fix".
(Ref: http://morrgraphext.wiki.sourceforge.net/Change+Log )
If you use a version of MGE lower than 3.6.0 it's suggested you use harlanrm's "Distant Land Fix for MGE", as well as turning distant land off in interiors it smoothly alters the fog distance based on the weather.
Download harlanrm's "Distant Land Fix for MGE" from Morrowind Modding History - http://mw.modhistory.com/download-63-11516"
INFO:root:LOOT does not support message highlighting equivalent to mlox's blue highlighting, the following message will be treated as not highlighted: "If you use a version of MGE lower than 3.6.0 it's suggested you use harlanrm's "Distant Land Fix for MGE". Instead of simply turning distant land off harlanrm's plugin smoothly alters the fog distance based on the weather, it also turns distant land off in interiors.
Download harlanrm's "Distant Land Fix for MGE" from Morrowind Modding History - http://mw.modhistory.com/download-63-11516
If you are using MGE 3.6.0 or greater then you do not need Supernatural's or harlanrm's plugins. Version 3.6.0 of MGE added weather, wind and interior detection so that MGE itself adjusts fog distance in response to the weather and turns off distant land in interiors.
(Ref: http://morrgraphext.wiki.sourceforge.net/Change+Log )"
INFO:root:LOOT does not support message highlighting equivalent to mlox's blue highlighting, the following message will be treated as not highlighted: "Version 3.6.0 of MGE added weather, wind and interior detection. This means that distant land is always off in interiors, including Mournhold, and that MGE's fog distance changes in response to the weather.
If you are using 3.6.0 or a later version you should disable XBV's "Distant Land Weather Fog"
(Ref: http://morrgraphext.wiki.sourceforge.net/Change+Log )"
INFO:root:LOOT does not support message highlighting equivalent to mlox's blue highlighting, the following message will be treated as not highlighted: "Von Djangos has released "Djangos Dialogue" which supercedes his earlier "Little Secrets" and "Good Service" mods
http://www.nexusmods.com/morrowind/mods/37328"
INFO:root:LOOT does not support message highlighting equivalent to mlox's blue highlighting, the following message will be treated as not highlighted: "WH-Reaper has updated Arcimaestro Antares and Chaka ZG's "The Doors - Ald-ruhn", you maybe interested in upgrading.
Download it from Morrowind Nexus: http://www.nexusmods.com/morrowind/mods/42512/"
INFO:root:LOOT does not support message highlighting equivalent to mlox's blue highlighting, the following message will be treated as not highlighted: "WH-Reaper has updated Arcimaestro Antares and Chaka ZG's "The Doors - Caldera", you maybe interested in upgrading.
Download it from Morrowind Nexus: http://www.nexusmods.com/morrowind/mods/42511/"
INFO:root:LOOT does not support message highlighting equivalent to mlox's blue highlighting, the following message will be treated as not highlighted: "The Daedric Arcana armor set, included with "Dremora (Markynaz) Race", is a Better Body-style armor. As such it will clip with other body styles (original bodies, smoother bodies, and so on).
(Ref: "Westly Presents-Dremora(Markynaz) Race & Princess Presents Gatanas Companion README.txt")"
INFO:root:LOOT does not support message highlighting equivalent to mlox's blue highlighting, the following message will be treated as not highlighted: "As you do not use McAsmod's "Werewolves" you should consider switching to Kir's version of the Dwemer Clock
(Ref: Dwemer Clock 1.2.txt)
http://morrowind.nexusmods.com/mods/14889"
INFO:root:LOOT does not support message highlighting equivalent to mlox's blue highlighting, the following message will be treated as not highlighted: "As you do use McAsmod's "Werewolves" you should consider switching to TheLys' version of the Dwemer Clock
(Ref: Dwemer Clock 1.2.txt
http://mw.modhistory.com/download-55-8704"
INFO:root:LOOT does not support message highlighting equivalent to mlox's blue highlighting, the following message will be treated as not highlighted: "There is a newer version (1.3) of the Dwemer Fire Gun:
http://www.nexusmods.com/morrowind/mods/8588/"
INFO:root:LOOT does not support message highlighting equivalent to mlox's blue highlighting, the following message will be treated as not highlighted: "The latest version of this mod is 3.3, you may want to upgrade:
http://www.nexusmods.com/morrowind/mods/8729/"
INFO:root:LOOT does not support message highlighting equivalent to mlox's blue highlighting, the following message will be treated as not highlighted: "There is a newer version of Stealaxe's "Dynamic Leveling", 1.1, you should upgrade!
Download from Morrowind Modding History: http://mw.modhistory.com/download-90-12547
However, note that Gluby warns: "The developing modder [of "Dynamic Leveling"] disappeared while the mod was still in beta status, and has not reappeared
Ref: http://www.mwmythicmods.com/Gluby/Gluby_CharacterDevelopment_Mods.htm#AltLevelingSystems"
INFO:root:LOOT does not support message highlighting equivalent to mlox's blue highlighting, the following message will be treated as not highlighted: ""If you've completed Brother Juniper's Twin Lamps mod, then some of the early ["The East Empire Company Expansion"] quests won't be completable. One of the quests require you talk to a slave who will disappear once slavery is outlawed in Vvardenfell."
(Ref: http://forums.nexusmods.com/index.php?/topic/977575-the-east-empire-company-expansion/?p=12720703 )"
INFO:root:LOOT does not support message highlighting equivalent to mlox's blue highlighting, the following message will be treated as not highlighted: "There is a newer version of Yacoby's "Encumbrance Bar" available, you should upgrade.
http://mw.modhistory.com/download-45-14739"
INFO:root:LOOT does not support message highlighting equivalent to mlox's blue highlighting, the following message will be treated as not highlighted: "[Trainwiz's "Endusal and Tureynulal Redone"] includes an updated version of Turenyulal Redone."
Download it from Morrowind Nexus - http://www.nexusmods.com/morrowind/mods/43399/
(Ref: "Turenyulal_EndusalRedone-43399-1-0.rar\Turenyulal_EndusalRedone\TurenyulalAndEndusalRedone\Readme.txt")"
INFO:root:LOOT does not support message highlighting equivalent to mlox's blue highlighting, the following message will be treated as not highlighted: "A new version of "Erengard Mines-Morrowind Crafting Compatible" is available, you should upgrade!
http://download.fliggerty.com/download-53-704"
INFO:root:LOOT does not support message highlighting equivalent to mlox's blue highlighting, the following message will be treated as not highlighted: ""This is a Better Body mod, so other body mods are not supported in this archive (so clothig will clip with the original bodies and Smoother Bodies)."
(Ref: "Exotic Imports by Westly README.txt")"
INFO:root:LOOT does not support message highlighting equivalent to mlox's blue highlighting, the following message will be treated as not highlighted: "The latest version of Expanded Sounds is 1.3, you may want to upgrade:
http://z13.invisionfree.com/Pirate_Lords_Mods/index.php?showtopic=35
http://mw.modhistory.com/download-76-14627"
INFO:root:LOOT does not support message highlighting equivalent to mlox's blue highlighting, the following message will be treated as not highlighted: "WizBang's "Exquisite Robes II" contains the original six robes from his first version, as well as 18 new robes.
Download it from Morrowind Modding History: http://mw.modhistory.com/download--1942"
INFO:root:LOOT does not support message highlighting equivalent to mlox's blue highlighting, the following message will be treated as not highlighted: "Tarnsman recommends you use the ESM of the "THE Morrowind NPC Makeover" to minimise potential conflicts.
(Ref: THE Morrowind NPC Makeover_readme.doc)"
INFO:root:LOOT does not support message highlighting equivalent to mlox's blue highlighting, the following message will be treated as not highlighted: "Glassboy's "Fair Magicka Regen" is obsolete and has been superseded by his "Adjustable Magicka Regen" which "eats less cpu time than the original."
Download "Adjustable Magicka Regen" from Morrowind Modding History - http://mw.modhistory.com/download-37-3887
(Ref: "Readme Fair Magicka Regen.txt")"
INFO:root:LOOT does not support message highlighting equivalent to mlox's blue highlighting, the following message will be treated as not highlighted: ""The articles of clothing/armor [in "Falconer Leather"] are designed for use with Better Bodies 2.0."
(Ref: "Falconer Leather Read ME.txt")"
INFO:root:LOOT does not support message highlighting equivalent to mlox's blue highlighting, the following message will be treated as not highlighted: "The latest version of "Fighters Guild Reanimation" by Cixe' is beta 2.4, you should upgrade.
Download "Fighters Guild Reanimation" from Morrowind Modding History - http://mw.modhistory.com/download-42-7964"
INFO:root:LOOT does not support message highlighting equivalent to mlox's blue highlighting, the following message will be treated as not highlighted: "There is a new version of MADMAX's "Fishing Academy"
Download version 2.54 of "Fishing Academy" from Morrowind Modding History - http://mw.modhistory.com/download-20-8614
Download version 2.54 of "Fishing Academy" from Morrowind Nexus - http://www.nexusmods.com/morrowind/mods/3909/"
WARNING:root:Converting a VER predicate that uses a filename pattern, LOOT will ignore any version in the plugin description: VersionExpression(operator=<Operator.LESS_THAN: 2>, version='2.54', file='Fishing Academy v<VER>.esp')
WARNING:root:The filename "Fishing Academy v<VER>.esp" contains special characters and so is not valid as a "req" filename. It has been replaced with the following matching filenames: ['Fishing Academy v2.0.esp', 'Fishing Academy v2.53.esp', 'Fishing Academy v2.54.esp']
WARNING:root:The plugin name "Fishing Academy v<VER>.esp" contains special characters and so is not valid as an "after" filename. It has been retained and is followed by entries for the following matching filenames: ['Fishing Academy v2.0.esp', 'Fishing Academy v2.53.esp', 'Fishing Academy v2.54.esp']
INFO:root:LOOT does not support message highlighting equivalent to mlox's blue highlighting, the following message will be treated as not highlighted: "Version 2.0 of the Fletcher Mod is available from Morrowind Modding History
http://mw.modhistory.com/download--5560"
INFO:root:LOOT does not support message highlighting equivalent to mlox's blue highlighting, the following message will be treated as not highlighted: "There is a new version of abot & Arcimaestro Antares' "Gondoliers" available, you should upgrade!
http://www.nexusmods.com/morrowind/mods/43291/"
INFO:root:LOOT does not support message highlighting equivalent to mlox's blue highlighting, the following message will be treated as not highlighted: "You are using an old version of huskobar's "GOTY Script Tidy", The latest version is 2.02.
Download version 2.02 of huskobar's "GOTY Script Tidy" from Morrowind Modding History - http://mw.modhistory.com/download-13-6445"
WARNING:root:The filename "Morrowind Rebirth <VER> - Morrowind Patch *.esm" contains special characters and so is not valid as a "req" filename. It has been replaced with the following matching filenames: ['Morrowind Rebirth 4.1 - Morrowind Patch 1.6.5 [Rebirth].esm', 'Morrowind Rebirth 4.11 - Morrowind Patch 1.6.5 [Rebirth].esm', 'Morrowind Rebirth 4.12 - Morrowind Patch 1.6.5 [Rebirth].esm', 'Morrowind Rebirth 4.13 - Morrowind Patch 1.6.5 [Rebirth].esm', 'Morrowind Rebirth 4.2 - Morrowind Patch 1.6.5 [Rebirth].esm', 'Morrowind Rebirth 4.3 - Morrowind Patch 1.6.5 [Rebirth].esm', 'Morrowind Rebirth 4.31 - Morrowind Patch 1.6.5 [Rebirth].esm', 'Morrowind Rebirth 4.4 - Morrowind Patch 1.6.5 [Rebirth].esm', 'Morrowind Rebirth 4.42 - Morrowind Patch 1.6.5 [Rebirth].esm']
WARNING:root:The plugin name "LGNPC_PaxRedoran_v?_??_GOTYST.esp" contains special characters and so is not valid as an "after" filename. It has been retained and is followed by entries for the following matching filenames: ['LGNPC_PaxRedoran_v1_20_GOTYST.esp']
INFO:root:LOOT does not support message highlighting equivalent to mlox's blue highlighting, the following message will be treated as not highlighted: "EnderAndrew has created an updated "Grandmaster of Hlaalu 1.2" plugin which "fixes the "Latest Rumors" issue, and restores Orvas Dren's original desk, closet and chest"
Grandmaster of Hlaalu 1.2-Beta (Ender Edit) - http://mw.modhistory.com/download-106-15120
You will need the original "Grandmaster of Hlaalu 1.2" download for the resources only, replace the plugin with EnderAndrew's modified one.
Grandmaster of Hlaalu v1.2 Beta - http://mw.modhistory.com/download--15123"
INFO:root:LOOT does not support message highlighting equivalent to mlox's blue highlighting, the following message will be treated as not highlighted: "A new version of "Graphic Herbalism", 1.3, is available. You should upgrade!
http://www.nexusmods.com/morrowind/mods/43140/"
INFO:root:LOOT does not support message highlighting equivalent to mlox's blue highlighting, the following message will be treated as not highlighted: "These are older versions of the "Graphic Herbalism / Expanded Sounds Patch", you should upgrade:
http://morrowind.nexusmods.com/mods/23108"
WARNING:root:The filename "GHE PE Patch*.ESP" contains special characters and so is not valid as a "req" filename. It has been replaced with the following matching filenames: ['GHE PE Patch.ESP', 'GHE PE Patch.ESP.ESP']
WARNING:root:The plugin name "GHE PE Patch*.ESP" contains special characters and so is not valid as an "after" filename. It has been retained and is followed by entries for the following matching filenames: ['GHE PE Patch.ESP', 'GHE PE Patch.ESP.ESP']
INFO:root:LOOT does not support message highlighting equivalent to mlox's blue highlighting, the following message will be treated as not highlighted: "A newer version of "Graphic Herbalism TR" by Skrawafunda is available. You should upgrade!
http://www.nexusmods.com/morrowind/mods/43140/"
INFO:root:LOOT does not support message highlighting equivalent to mlox's blue highlighting, the following message will be treated as not highlighted: ""To get green blood in your game, you'll need to manually edit your morrowind.ini file."
(Ref: "readme_green_blood.htm")"
INFO:root:LOOT does not support message highlighting equivalent to mlox's blue highlighting, the following message will be treated as not highlighted: "abot's "Guards" adds a script to the guards defined in Morrowind (including its expansions and Tamriel Rebuilt, depending on the version of abot's mod you use). These mods add their own guards and won't have abot's scripts running on them. If you run one of these mods and abot's *and* use TESTool's Merged Objects plugin then some, and only some, of the new, added guards will respond in the way abot's mod sets them to. The guards unique to the mods listed won't.
Fliggerty's "Protective Guards" mod doesn't edit guards directly, rather it relies on the magic of MWSE to identify NPCs which are guards and modifies their behaviour accordingly.
Download Fliggerty's "Protective Guards" from Morrowind Modding History - http://mw.modhistory.com/download-8-11605
(Ref: http://forums.nexusmods.com/index.php?/topic/1984414-imperial-presence/?p=23715994 )"
INFO:root:LOOT does not support message highlighting equivalent to mlox's blue highlighting, the following message will be treated as not highlighted: "There is a newer version of abot's Guars available, you may want to upgrade:
http://www.nexusmods.com/morrowind/mods/43008/"
INFO:root:LOOT does not support message highlighting equivalent to mlox's blue highlighting, the following message will be treated as not highlighted: "There is a new version, 1.1, of Fliggerty's "Handy Equipping" available. You should check if you need to upgrade!
http://download.fliggerty.com/download--11"
INFO:root:LOOT does not support message highlighting equivalent to mlox's blue highlighting, the following message will be treated as not highlighted: "JOG provides an update (havish_scimitar_gcd_update.rar) for Havish that includes a better compatibility fix for GCD than GCD_Havish_patch.esp:
http://mw.modhistory.com/download--7971"
INFO:root:LOOT does not support message highlighting equivalent to mlox's blue highlighting, the following message will be treated as not highlighted: "The latest version of "Havish Mini-Patch" by Tyraa Rane is 2.0
Download it from Morrowind Modding History - http://mw.modhistory.com/download-13-13281"
INFO:root:LOOT does not support message highlighting equivalent to mlox's blue highlighting, the following message will be treated as not highlighted: "You are using an old version of HELLUVA Complete Weapons.
Download the latest version from Morrowind Modding History - http://mw.modhistory.com/download-98-12736"
INFO:root:LOOT does not support message highlighting equivalent to mlox's blue highlighting, the following message will be treated as not highlighted: ""Herbalism for Purists" has an error in its Kollop script. BTB's version of the plugin fixes the error "by removing the mod's effects on kollups altogether".
Alternatively, Spirithawke has released a fixed version of "Herbalism for Purists" which corrects the script error but maintains the mod's effect on kollops, scroll down to the Additional Files section:
http://mw.modhistory.com/download--9321"
INFO:root:LOOT does not support message highlighting equivalent to mlox's blue highlighting, the following message will be treated as not highlighted: "There is an update to Tealpanda's "Herbalism Lite for Tamriel Rebuilt" available
http://mw.modhistory.com/download-1-13506"
INFO:root:LOOT does not support message highlighting equivalent to mlox's blue highlighting, the following message will be treated as not highlighted: "There is an update to Mode_Locrian's "Herbalism Redux" available
http://www.freewebs.com/mode_locrian/herbalismredux.htm
http://mw.modhistory.com/download-90-11745"
INFO:root:LOOT does not support message highlighting equivalent to mlox's blue highlighting, the following message will be treated as not highlighted: "Bryss Phoenix has created a version of Mr. Dave's "Bob's Armory" which gives each item its own icon.
http://mw.modhistory.com/download-76-10521"
INFO:root:LOOT does not support message highlighting equivalent to mlox's blue highlighting, the following message will be treated as not highlighted: "A newer version of DrkAngl66's "Illuminated Windows", 1.2, is available. You should upgrade!
http://mw.modhistory.com/download--15155"
INFO:root:LOOT does not support message highlighting equivalent to mlox's blue highlighting, the following message will be treated as not highlighted: "A newer version of DrkAngl66's "ASE Expansions" is available in the "Illuminated Windows 1.2" download. You should upgrade!
http://mw.modhistory.com/download--15155"
INFO:root:LOOT does not support message highlighting equivalent to mlox's blue highlighting, the following message will be treated as not highlighted: "Dark Angel suggests changing your morrowind.ini so quadratic lighting is used.
See "MW_Illuminated_windows_v1_2.zip\Data Files\DrkAngel readme.doc""
INFO:root:LOOT does not support message highlighting equivalent to mlox's blue highlighting, the following message will be treated as not highlighted: "There is a new version of "Immersive Chargen" by Qebehsenuf, 1.25. You should upgrade!
http://mw.modhistory.com/download-54-6184"
INFO:root:LOOT does not support message highlighting equivalent to mlox's blue highlighting, the following message will be treated as not highlighted: "Plugins which add weight directly to gold can cause encumbrance errors as gold is added and removed by quests, bribery or barter.
Consider using ManaUser's "Improved Gold Weight" or, if you use Morrowind Enhanced, Tonto's "MWE Gold Burden"
Download ManaUser's "Improved Gold Weight" from his website - http://webpages.charter.net/manauser/morrowind/#goldw
Download Tonto's "MWE Gold Burden" from Morrowind Modding History - http://mw.modhistory.com/download-37-15324
(Ref: "Improved Gold Weight - Readme.txt")
(Ref: http://forums.bethsoft.com/topic/1507269-gold-has-weight-11-major-bug/ )
(Ref: http://forums.bethsoft.com/topic/1510617-giving-gold-weight/ )"
INFO:root:LOOT does not support message highlighting equivalent to mlox's blue highlighting, the following message will be treated as not highlighted: "There is an update to Infernal Summoning, 1.1, available:
Download it from Morrowind Modding History - http://mw.modhistory.com/download-45-3888"
WARNING:root:The plugin name "Uvirith's Legacy_<VER>.esp" contains special characters and so is not valid as an "after" filename. It has been retained and is followed by entries for the following matching filenames: ["Uvirith's Legacy_3.0.esp", "Uvirith's Legacy_3.1.esp", "Uvirith's Legacy_3.2.esp", "Uvirith's Legacy_3.3.esp", "Uvirith's Legacy_3.31.esp", "Uvirith's Legacy_3.32.esp", "Uvirith's Legacy_3.33.esp", "Uvirith's Legacy_3.4.esp", "Uvirith's Legacy_3.41.esp", "Uvirith's Legacy_3.42.esp", "Uvirith's Legacy_3.5.esp", "Uvirith's Legacy_3.53.ESP"]
INFO:root:LOOT does not support message highlighting equivalent to mlox's blue highlighting, the following message will be treated as not highlighted: "There is a new version of lochnarus' "Journey's End" available, 1.1.
Download it from Morrowind Modding History - http://mw.modhistory.com/download-48-12134"
WARNING:root:Converting a VER predicate that uses a filename pattern, LOOT will ignore any version in the plugin description: VersionExpression(operator=<Operator.LESS_THAN: 2>, version='2.0', file='KS_Julan_Ashlander Companion_<VER>.esp')
INFO:root:LOOT does not support message highlighting equivalent to mlox's blue highlighting, the following message will be treated as not highlighted: "A newer version of "Julan, Ashlander Companion", you should upgrade!
http://fallingawkwardly.com/mods/Julan.html"
WARNING:root:The plugin name "KS_Julan_Ashlander Companion_<VER>.esp" contains special characters and so is not valid as an "after" filename. It has been retained and is followed by entries for the following matching filenames: ['KS_Julan_Ashlander Companion_2.0.esp']
WARNING:root:The plugin name "Julan Ashlander Companion <VER> [Rebirth].esp" contains special characters and so is not valid as an "after" filename. It has been retained and is followed by entries for the following matching filenames: ['Julan Ashlander Companion 2.0 [Rebirth].esp']
INFO:root:LOOT does not support message highlighting equivalent to mlox's blue highlighting, the following message will be treated as not highlighted: "There is a newer version of Kat's Kastle available, "Kat's Kastle v1.2 Patch" at the bottom of the page:
http://mw.modhistory.com/download--5800"
WARNING:root:The filename "Pegas Horse Ranch <VER>.esm" contains special characters and so is not valid as a "req" filename. No matching filenames were found, so its "req" entry has been skipped.
WARNING:root:The filename "Pegas Horse Ranch <VER>.esp" contains special characters and so is not valid as a "req" filename. No matching filenames were found, so its "req" entry has been skipped.
WARNING:root:The plugin name "Pegas Horse Ranch <VER>.esp" contains special characters and so is not valid as an "after" filename. No matching filenames were found, and its "after" entry will never match any files at runtime.
INFO:root:LOOT does not support message highlighting equivalent to mlox's blue highlighting, the following message will be treated as not highlighted: "There is a new version of Alaisiagae's "Left Gloves Addon". You should upgrade!
http://www.nexusmods.com/morrowind/mods/18108/"
INFO:root:LOOT does not support message highlighting equivalent to mlox's blue highlighting, the following message will be treated as not highlighted: "Stuporstar has released a new version of "Leveled Animated Practice Dummies". You should upgrade!
http://download.fliggerty.com/download--893"
INFO:root:LOOT does not support message highlighting equivalent to mlox's blue highlighting, the following message will be treated as not highlighted: "Stuporstar has updated Bud_Lyte_kNight's mod which "makes sure you can't die hitting the dummy, though your hands will still take a beating. It also adds a fatigue drain so you can't punch it for too long without falling over." Stuporstar's mod also "adds practice [archery] targets into the mix."
Stuporstar's "Animated Targets and Practice Dummies" - http://download.fliggerty.com/download--893"
WARNING:root:Converting a VER predicate that uses a filename pattern, LOOT will ignore any version in the plugin description: VersionExpression(operator=<Operator.LESS_THAN: 2>, version='1.20', file='LGNPC_AldVelothi_v<VER>.esp')
INFO:root:LOOT does not support message highlighting equivalent to mlox's blue highlighting, the following message will be treated as not highlighted: "A newer version is available, check the LGNPC download site:
http://www.lgnpc.org/downloads"
WARNING:root:Converting a VER predicate that uses a filename pattern, LOOT will ignore any version in the plugin description: VersionExpression(operator=<Operator.LESS_THAN: 2>, version='1.30', file='LGNPC_Aldruhn_v<VER>.esp')
WARNING:root:Converting a VER predicate that uses a filename pattern, LOOT will ignore any version in the plugin description: VersionExpression(operator=<Operator.LESS_THAN: 2>, version='1.30', file='LGNPC_Aldruhn_v<VER>_suppl.esp')
WARNING:root:Converting a VER predicate that uses a filename pattern, LOOT will ignore any version in the plugin description: VersionExpression(operator=<Operator.LESS_THAN: 2>, version='1.20', file='LGNPC_GnaarMok_v<VER>.esp')
WARNING:root:Converting a VER predicate that uses a filename pattern, LOOT will ignore any version in the plugin description: VersionExpression(operator=<Operator.LESS_THAN: 2>, version='1.40', file='LGNPC_HlaOad_v<VER>.esp')
WARNING:root:Converting a VER predicate that uses a filename pattern, LOOT will ignore any version in the plugin description: VersionExpression(operator=<Operator.LESS_THAN: 2>, version='1.51', file='LGNPC_Indarys*Manor_v<VER>.esp')
WARNING:root:Converting a VER predicate that uses a filename pattern, LOOT will ignore any version in the plugin description: VersionExpression(operator=<Operator.LESS_THAN: 2>, version='2.21', file='LGNPC_Khuul_v<VER>.esp')
WARNING:root:Converting a VER predicate that uses a filename pattern, LOOT will ignore any version in the plugin description: VersionExpression(operator=<Operator.LESS_THAN: 2>, version='1.30', file='LGNPC_MaarGan_v<VER>.esp')
WARNING:root:Converting a VER predicate that uses a filename pattern, LOOT will ignore any version in the plugin description: VersionExpression(operator=<Operator.LESS_THAN: 2>, version='1.02', file='LGNPC_NoLore_v<VER>.esp')
WARNING:root:Converting a VER predicate that uses a filename pattern, LOOT will ignore any version in the plugin description: VersionExpression(operator=<Operator.LESS_THAN: 2>, version='1.20', file='LGNPC_PaxRedoran_v<VER>.esp')
WARNING:root:Converting a VER predicate that uses a filename pattern, LOOT will ignore any version in the plugin description: VersionExpression(operator=<Operator.LESS_THAN: 2>, version='1.32', file='LGNPC_Pelagiad_v<VER>.esp')
WARNING:root:Converting a VER predicate that uses a filename pattern, LOOT will ignore any version in the plugin description: VersionExpression(operator=<Operator.LESS_THAN: 2>, version='1.30', file='LGNPC_Secret*Masters_v<VER>.esp')
WARNING:root:The plugin name "LGNPC_Secret_Masters_v?_??.esp" contains special characters and so is not valid as an "after" filename. No matching filenames were found, and its "after" entry will never match any files at runtime.
WARNING:root:The filename "LGNPC_SecretMasters_v?_??.esp" contains special characters and so is not valid as a "req" filename. It has been replaced with the following matching filenames: ['LGNPC_SecretMasters_v1_30.esp']
WARNING:root:Converting a VER predicate that uses a filename pattern, LOOT will ignore any version in the plugin description: VersionExpression(operator=<Operator.LESS_THAN: 2>, version='1.30', file='LGNPC_TelMora_v<VER>.esp')
WARNING:root:Converting a VER predicate that uses a filename pattern, LOOT will ignore any version in the plugin description: VersionExpression(operator=<Operator.LESS_THAN: 2>, version='1.31', file='LGNPC_TelUvirith_v<VER>.esp')
WARNING:root:Converting a VER predicate that uses a filename pattern, LOOT will ignore any version in the plugin description: VersionExpression(operator=<Operator.LESS_THAN: 2>, version='1.31', file='LGNPC_TelUvirith_UI_v<VER>.esp')
WARNING:root:Converting a VER predicate that uses a filename pattern, LOOT will ignore any version in the plugin description: VersionExpression(operator=<Operator.LESS_THAN: 2>, version='1.31', file='LGNPC_TelUvirith_v<VER>_UI.esp')
WARNING:root:The filename "LGNPC_TelUvirith_v<VER>_UI.esp" contains special characters and so is not valid as an "inc" filename. It has been replaced with the following matching filenames: ['LGNPC_TelUvirith_v1_20_UI.esp']
WARNING:root:The plugin name "LGNPC_TelUvirith_v?_??.esp" contains special characters and so is not valid as an "after" filename. It has been retained and is followed by entries for the following matching filenames: ['LGNPC_TelUvirith_v1_20.esp']
WARNING:root:The plugin name "LGNPC_TelUvirith_v?_??_UI.esp" contains special characters and so is not valid as an "after" filename. It has been retained and is followed by entries for the following matching filenames: ['LGNPC_TelUvirith_v1_20_UI.esp']
WARNING:root:The plugin name "LGNPC_TelUvirith_v<VER>_UI.esp" contains special characters and so is not valid as an "after" filename. It has been retained and is followed by entries for the following matching filenames: ['LGNPC_TelUvirith_v1_20_UI.esp']
WARNING:root:Converting a VER predicate that uses a filename pattern, LOOT will ignore any version in the plugin description: VersionExpression(operator=<Operator.LESS_THAN: 2>, version='2.21', file='LGNPC_VivecFQ_v<VER>.esp')
WARNING:root:Converting a VER predicate that uses a filename pattern, LOOT will ignore any version in the plugin description: VersionExpression(operator=<Operator.LESS_THAN: 2>, version='1.62', file='LGNPC_VivecRedoran_v<VER>.esp')
INFO:root:LOOT does not support message highlighting equivalent to mlox's blue highlighting, the following message will be treated as not highlighted: "You appear to have an older version of Less Generic Bloodmoon, you can find the latest here:
http://www.nexusmods.com/morrowind/mods/23346/"
INFO:root:LOOT does not support message highlighting equivalent to mlox's blue highlighting, the following message will be treated as not highlighted: "You appear to have an older version Less Generic Nerevarine, you can find the latest here:
http://www.nexusmods.com/morrowind/mods/23335/"
INFO:root:LOOT does not support message highlighting equivalent to mlox's blue highlighting, the following message will be treated as not highlighted: "You appear to have an older version Less Generic Tribunal, you can find the latest here:
http://www.nexusmods.com/morrowind/mods/23363/"
INFO:root:LOOT does not support message highlighting equivalent to mlox's blue highlighting, the following message will be treated as not highlighted: "X-Bahamut has updated Byblos' "Lights 300", you should upgrade!
http://mw.modhistory.com/download-4-1163"
INFO:root:LOOT does not support message highlighting equivalent to mlox's blue highlighting, the following message will be treated as not highlighted: "Version 1.5 of TheLys' "Lock Bash Enhanced" includes Piepers "Lock Bash", "NPC Schedules - Locks" by Brother Juniper and Kasha and DarkDragon's "Complete Doors and Locks".
You should consider upgrading to TheLys' mod. Download it from Morrowind Modding History: http://mw.modhistory.com/download-31-325"
INFO:root:LOOT does not support message highlighting equivalent to mlox's blue highlighting, the following message will be treated as not highlighted: "A new version of ManualIntelligence's "Maar Gan Extended" is available, 1.01.
Download the latest version from Morrowind Modding History - http://mw.modhistory.com/download-80-11437"
WARNING:root:The plugin name "bloodmoonchargen<VER>.esp" contains special characters and so is not valid as an "after" filename. It has been retained and is followed by entries for the following matching filenames: ['bloodmoonchargen7.2.esp', 'bloodmoonchargen7.3.esp', 'bloodmoonchargen7.4.esp']
INFO:root:LOOT does not support message highlighting equivalent to mlox's blue highlighting, the following message will be treated as not highlighted: "Eisenfaust's plugin "PCL Mage Friendly Creatures.esp" doesn't change all the spells in PirateLord's "Creatures". Vharlak made ["CreaturesXreflectchanges.esp"] which includes Eisenfaust's plugin and also changes a series of powerful Dremora reflect abilities for Creatures-specific Dremora.
http://mw.modhistory.com/download-26-11913"
WARNING:root:The plugin name "Magic Diversity <VER>.ESP" contains special characters and so is not valid as an "after" filename. It has been retained and is followed by entries for the following matching filenames: ['Magic Diversity 1.0.ESP']
INFO:root:LOOT does not support message highlighting equivalent to mlox's blue highlighting, the following message will be treated as not highlighted: "You are using an old version of HotFusion4's "Magicka Based Skill Progression", you should upgrade!
http://mw.modhistory.com/download-51-12364"
INFO:root:LOOT does not support message highlighting equivalent to mlox's blue highlighting, the following message will be treated as not highlighted: "There is a new version of Kalamestari_69's "Magicka Regen for NPCs", 2.5. You should upgrade!
http://morrowind.nexusmods.com/mods/26466"
INFO:root:LOOT does not support message highlighting equivalent to mlox's blue highlighting, the following message will be treated as not highlighted: "Bethesda's "Master Index" plugin is a pre-Tribunal mod and so doesn't use Tribunal's upgraded journal. DeusXMachina's "Master Index Journalfix" adds the "Master Index" to the open and finished questlists in the upgraded journal.
Download it from Morrowind Modding History: http://mw.modhistory.com/download-90-1886
(Ref: DXM_mi_journalfix_readme.txt)"
INFO:root:LOOT does not support message highlighting equivalent to mlox's blue highlighting, the following message will be treated as not highlighted: "There is a newer version of "Melian's Teleport Mod" available. You should upgrade!
http://mw.modhistory.com/download-31-6360"
INFO:root:LOOT does not support message highlighting equivalent to mlox's blue highlighting, the following message will be treated as not highlighted: ""If MNC: Ebonheart is loaded after ["Necessities of Morrowind" version 2 by Nymeria and Taddeus], the pool of NoM will disappear, but everything else will be okay. If NoM is loaded last there will be massive land conflicts with MNC: Ebonheart. If you still want to use both I recommend to load MNC: Ebonheart after NoM."
mlox has loaded "Mercarryn's New Cities: Ebonheart" after "Necessities of Morrowind".
(Ref: "MNC_Ebonheart_ v1.0_EV.txt")"
INFO:root:LOOT does not support message highlighting equivalent to mlox's blue highlighting, the following message will be treated as not highlighted: "There is a newer version of CanadianIce & Howndog's "Metal Queen Boutique" available. You should upgrade
http://canadianice.moddersrealm.com/"
INFO:root:LOOT does not support message highlighting equivalent to mlox's blue highlighting, the following message will be treated as not highlighted: ""MQB_AndromacheBB.esp" is designed for use with Psychodog Studio's "Better Bodies"
(Ref: readme_Andromache.txt)"
INFO:root:LOOT does not support message highlighting equivalent to mlox's blue highlighting, the following message will be treated as not highlighted: ""This pluggin requires Metal Queen Boutique V3.1 & Better Bodies"
(Ref: "MQBAmazonPrincess_Readme.txt")"
INFO:root:LOOT does not support message highlighting equivalent to mlox's blue highlighting, the following message will be treated as not highlighted: ""MQB_QofH_Colours.esp" is designed for use with Psychodog Studio's "Better Bodies"
(Ref: readme_MQB_QofHColours.txt)
(Ref: http://grotto.moddersrealm.com/index.php?action=downloads"
INFO:root:LOOT does not support message highlighting equivalent to mlox's blue highlighting, the following message will be treated as not highlighted: ""This pluggin requires Metal Queen Boutique V3.1 & Better Bodies"
(Ref: MQBVictorianGowns_Readme.txt)"
INFO:root:LOOT does not support message highlighting equivalent to mlox's blue highlighting, the following message will be treated as not highlighted: "All of these plugins are either included in, or the problems they address are also addressed by Midgetalien's "Bloodmoon Patch". It is recommended that you replace them with the "Bloodmoon Patch":
http://morrowind.nexusmods.com/mods/42097"
INFO:root:LOOT does not support message highlighting equivalent to mlox's blue highlighting, the following message will be treated as not highlighted: "abot has released an updated version of "Mills of Morrowind" called "Mills of Morrowind expansion". You should upgrade!
http://www.nexusmods.com/morrowind/mods/42939"
INFO:root:LOOT does not support message highlighting equivalent to mlox's blue highlighting, the following message will be treated as not highlighted: ""If you are using Pluto's The Sable Dragon [with RubberMan and abot's "Mills of Morrowind"] and have land seams, there is a patched replacer version [of Pluto's mod, The Sable Dragon 1.6 mmc.esp]"
(Ref: "Mills of Morrowind.txt")"
WARNING:root:The plugin name "The Sable Dragon <VER>.esp" contains special characters and so is not valid as an "after" filename. It has been retained and is followed by entries for the following matching filenames: ['The Sable Dragon 1.5.esp', 'The Sable Dragon 1.6.esp', 'The Sable Dragon 1.7.esp']
WARNING:root:The plugin name "Mistletoe Manor <VER>.esp" contains special characters and so is not valid as an "after" filename. It has been retained and is followed by entries for the following matching filenames: ['Mistletoe Manor 1.2.esp', 'Mistletoe Manor 1.3.esp', 'Mistletoe Manor 1.5.esp']
INFO:root:LOOT does not support message highlighting equivalent to mlox's blue highlighting, the following message will be treated as not highlighted: "Modman suggests changing your morrowind.ini so quadratic lighting is used.
See "readme_modman_lights_2.txt""
INFO:root:LOOT does not support message highlighting equivalent to mlox's blue highlighting, the following message will be treated as not highlighted: "There is a new version of Ian McConville's "Mog Mod". You should upgrade!
http://mw.modhistory.com/download-70-2258"
INFO:root:LOOT does not support message highlighting equivalent to mlox's blue highlighting, the following message will be treated as not highlighted: "S_Inn_th.esp is the older version of the Moldy Horker. Seek out the newer version that contains an exterior sign by Nigedo:
http://lovkullen.net/Emma/Apartement.htm
http://emma.ufrealms.net/index.php?dir=&file=BM_S_Inn.zip"
INFO:root:LOOT does not support message highlighting equivalent to mlox's blue highlighting, the following message will be treated as not highlighted: "There is a new version of PeterBitt & Logitech's "Morrowind Acoustic Overhaul", 1.0
Download it from Great House Fliggerty - http://download.fliggerty.com/download-76-1045"
INFO:root:LOOT does not support message highlighting equivalent to mlox's blue highlighting, the following message will be treated as not highlighted: "The meshes and textures for the Dark Argonians are missing from the original download of "Morrowind Additions Revamped".
You can download these missing resources from Morrowind Modding History: http://mw.modhistory.com/download-55-3030"
INFO:root:LOOT does not support message highlighting equivalent to mlox's blue highlighting, the following message will be treated as not highlighted: "There is a suggested update for Morrowind Advanced: Morrowind Advanced 1.82
(Ref: http://mw.modhistory.com/download-13-10949 )"
INFO:root:LOOT does not support message highlighting equivalent to mlox's blue highlighting, the following message will be treated as not highlighted: "With version 0.1.7 of "Morrowind Animation Replacer" you do not need to use "Dirnae's Slower Walk.esp"
http://morrowind.nexusmods.com/mods/31635
(Ref: "readme_dirnae_anims.txt")"
INFO:root:LOOT does not support message highlighting equivalent to mlox's blue highlighting, the following message will be treated as not highlighted: "The Morrowind Code Patch Showcase does not need to be loaded for MCP to function. Disable the mod after you have compared how patched Morrowind differs from normal Morrowind.
(Ref: "MCP Readme.txt")"
INFO:root:LOOT does not support message highlighting equivalent to mlox's blue highlighting, the following message will be treated as not highlighted: "The highly recommended "Morrowind Code Patch" by Hrnchamd also fixes the problem of merchants wearing items sold to them (and much more). The MCP fix is also less likely to conflict with other mods. If you have the MCP, you will not need "Fashionable Merchants 1.0.esp"
(Ref: http://morrowind.nexusmods.com/mods/19510 )"
INFO:root:LOOT does not support message highlighting equivalent to mlox's blue highlighting, the following message will be treated as not highlighted: "The highly recommended "Morrowind Code Patch" by Hrnchamd also fixes the problem of merchants wearing items sold to them (and much more). The MCP fix is also less likely to conflict with other mods. If you have the MCP, you will not need "Merchant Unequip v1.0.esp"
(Ref: http://morrowind.nexusmods.com/mods/19510 )"
INFO:root:LOOT does not support message highlighting equivalent to mlox's blue highlighting, the following message will be treated as not highlighted: "The highly recommended "Morrowind Code Patch" by Hrnchamd also fixes the problem of the "missing month" of Morning Star. The MCP fix also may be slightly easier on the CPU as it does not require scripting. If you install the MCP, you will not need these plugins.
(Ref: http://morrowind.nexusmods.com/mods/19510 )"
INFO:root:LOOT does not support message highlighting equivalent to mlox's blue highlighting, the following message will be treated as not highlighted: "The highly recommended "Morrowind Code Patch" by Hrnchamd also fixes the Unarmored Bug. If you install the MCP, you will not need these plugins.
(Ref: http://morrowind.nexusmods.com/mods/19510 )"
INFO:root:LOOT does not support message highlighting equivalent to mlox's blue highlighting, the following message will be treated as not highlighted: ""Morrowind [...] makes heavier things harder to steal, [TheOne&Only's "Pickpocket Fix"] makes heavier things easier to steal. Things appear easier for the wrong reason."
(Ref: http://forums.bethsoft.com/topic/1041190-beta-relz-morrowind-patch-project-165-beta/?p=15974266 )
Rather than using this mod you should try the "Pickpocket overhaul" in the highly recommended "Morrowind Code Patch" by Hrnchamd.
(Ref: http://morrowind.nexusmods.com/mods/19510 )"
INFO:root:LOOT does not support message highlighting equivalent to mlox's blue highlighting, the following message will be treated as not highlighted: "The highly recommended "Morrowind Code Patch" by Hrnchamd also changes the functionality of the sneak key to a toggle button (and much more). The MCP fix is also less likely to conflict with other mods. If you have the MCP, you do not need Yacoby's "Toggle Sneak".
(Ref: http://morrowind.nexusmods.com/mods/19510 )"
INFO:root:LOOT does not support message highlighting equivalent to mlox's blue highlighting, the following message will be treated as not highlighted: "The highly recommended "Morrowind Code Patch" by Hrnchamd changes the Detect Animal spell effect to detect both NPCs and creatures, instead of just creatures. The MCP fix is also less likely to conflict with other mods. If you have the MCP, you do not need lyobovnik's "Detect Humanoid".
(Ref: http://morrowind.nexusmods.com/mods/19510 )"
INFO:root:LOOT does not support message highlighting equivalent to mlox's blue highlighting, the following message will be treated as not highlighted: "The highly recommended "Morrowind Code Patch" by Hrnchamd enables NPC AI to select and cast zero cost powers, for example racial powers. The MCP fix is also less likely to conflict with other mods. If you have the MCP, you do not need Knef's "Power to the People".
(Ref: http://morrowind.nexusmods.com/mods/19510 )"
INFO:root:LOOT does not support message highlighting equivalent to mlox's blue highlighting, the following message will be treated as not highlighted: "The option "Argonian clothing choice" in the highly recommended "Morrowind Code Patch" by Hrnchamd:
"Makes Argonian females prefer to wear male versions of armour and clothing. To avoid looking like a mammal.
This is a convenience such that mods don't have to individually account for Argonian-specific versions of their items."
Enabling this option removes the need for the complicated sewing kits added by this version of "Better Clothes", you should enable this MCP option and use "Better Clothes_v1.1_nac.esp" instead."
INFO:root:LOOT does not support message highlighting equivalent to mlox's blue highlighting, the following message will be treated as not highlighted: "The highly recommended "Morrowind Code Patch" by Hrnchamd adds "Shortcut key improvements". One of those improvements is that when examining a container, you may take all items by pressing the "Ready Weapon" key. If you have the "Morrowind Code Patch", you do not need Fliggerty's "Take All Button of Pain and Happiness"
(Ref: http://forums.nexusmods.com/index.php?/topic/2458519-take-all-hotkey-mod/?p=21660169 )"
INFO:root:LOOT does not support message highlighting equivalent to mlox's blue highlighting, the following message will be treated as not highlighted: "The option "Allow stealing from KOed NPCs" in the highly recommended "Morrowind Code Patch" by Hrnchamd:
"Allows you to steal from NPCs that have been knocked out. Previously you would get a 'You are in combat' message when you activated them."
If you have the MCP, you do not need Reznod's "Mugging Fix".
(Ref: http://morrowind.nexusmods.com/mods/19510 )"
INFO:root:LOOT does not support message highlighting equivalent to mlox's blue highlighting, the following message will be treated as not highlighted: "The latest version of Neoptolemus' "Morrowind Comes Alive" is 8.2, you should upgrade.
http://morrowind.nexusmods.com/mods/6006"
INFO:root:LOOT does not support message highlighting equivalent to mlox's blue highlighting, the following message will be treated as not highlighted: ""The Undead - MCA5.2 Compatibility Patch.esp" is not needed. If you have not already done so, install "MCA 5.2 - The Undead 3.0 Compatible" from:
http://planetelderscrolls.gamespy.com/View.php?view=Mods.Detail&id=6616
(Ref: http://www.bethsoft.com/bgsforums/index.php?s=&showtopic=847583&view=findpost&p=12338232 )"
INFO:root:LOOT does not support message highlighting equivalent to mlox's blue highlighting, the following message will be treated as not highlighted: "There is a new version of Fliggerty's "MCA - HELLUVA Wicked Weapons Patch" available, you should upgrade."
INFO:root:LOOT does not support message highlighting equivalent to mlox's blue highlighting, the following message will be treated as not highlighted: "There is a new version of qqqbbb's "MW Containers Animated", 1.2, you should upgrade.
Download the latest version from Morrowind Nexus: http://www.nexusmods.com/morrowind/mods/42238/"
INFO:root:LOOT does not support message highlighting equivalent to mlox's blue highlighting, the following message will be treated as not highlighted: "There is a new version of "Morrowind Inhabitants" available you should upgrade!
http://morrowind.nexusmods.com/mods/1570
Patch for latest version:
http://morrowind.nexusmods.com/mods/1613
Pickpockets have been separated from the main plugin into "MWInhabitants: Pickpockets!"
http://morrowind.nexusmods.com/mods/1612"
WARNING:root:The plugin name "Morrowind Rebirth <VER> - Racial Diversity <VER> [Addon].esm" contains special characters and so is not valid as an "after" filename. It has been retained and is followed by entries for the following matching filenames: ['Morrowind Rebirth 4.1 - Racial Diversity 1.6 [Addon].esm', 'Morrowind Rebirth 4.11 - Racial Diversity 1.6 [Addon].esm', 'Morrowind Rebirth 4.12 - Racial Diversity 1.6 [Addon].esm', 'Morrowind Rebirth 4.13 - Racial Diversity 1.6 [Addon].esm', 'Morrowind Rebirth 4.2 - Racial Diversity 1.6 [Addon].esm', 'Morrowind Rebirth 4.3 - Racial Diversity 1.7 [Addon].esm', 'Morrowind Rebirth 4.31 - Racial Diversity 1.7 [Addon].esm', 'Morrowind Rebirth 4.4 - Racial Diversity 1.7 [Addon].esm', 'Morrowind Rebirth 4.42 - Racial Diversity 1.7 [Addon].esm']
WARNING:root:The filename "Morrowind Rebirth <VER>.ESP" contains special characters and so is not valid as a "req" filename. It has been replaced with the following matching filenames: ['Morrowind Rebirth 1.6.ESP', 'Morrowind Rebirth 1.8.ESP', 'Morrowind Rebirth 3.81.ESP', 'Morrowind Rebirth 4.1.ESP', 'Morrowind Rebirth 4.11.ESP', 'Morrowind Rebirth 4.12.ESP', 'Morrowind Rebirth 4.13.ESP', 'Morrowind Rebirth 4.2.ESP', 'Morrowind Rebirth 4.3.ESP', 'Morrowind Rebirth 4.31.ESP', 'Morrowind Rebirth 4.4.ESP', 'Morrowind Rebirth 4.42.ESP', 'Morrowind Rebirth 4.43.ESP']
WARNING:root:The plugin name "Morrowind Rebirth <VER> - Balmora Underworld <VER>*.ESP" contains special characters and so is not valid as an "after" filename. No matching filenames were found, and its "after" entry will never match any files at runtime.
WARNING:root:The plugin name "Morrowind Rebirth <VER> - Racial Diversity <VER>*.ESP" contains special characters and so is not valid as an "after" filename. No matching filenames were found, and its "after" entry will never match any files at runtime.
WARNING:root:The filename "Morrowind Rebirth <VER>.ESP" contains special characters and so is not valid as an "inc" filename. It has been replaced with the following matching filenames: ['Morrowind Rebirth 1.6.ESP', 'Morrowind Rebirth 1.8.ESP', 'Morrowind Rebirth 3.81.ESP', 'Morrowind Rebirth 4.1.ESP', 'Morrowind Rebirth 4.11.ESP', 'Morrowind Rebirth 4.12.ESP', 'Morrowind Rebirth 4.13.ESP', 'Morrowind Rebirth 4.2.ESP', 'Morrowind Rebirth 4.3.ESP', 'Morrowind Rebirth 4.31.ESP', 'Morrowind Rebirth 4.4.ESP', 'Morrowind Rebirth 4.42.ESP', 'Morrowind Rebirth 4.43.ESP']
INFO:root:LOOT does not support message highlighting equivalent to mlox's blue highlighting, the following message will be treated as not highlighted: "There is an update to Danae's "Morrowind Trading Cards", you should upgrade!
http://www.nexusmods.com/morrowind/mods/43202/"
INFO:root:LOOT does not support message highlighting equivalent to mlox's blue highlighting, the following message will be treated as not highlighted: "With 1.3 and above of Danae's "Morrowind Trading Cards": "The LGNPC patches are no longer needed, the basic MTC.esp no longer conflicts with LNPC."
(Ref: "Morrowind trading cards.txt")"
WARNING:root:The plugin name "Texture Fix <VER>.esm" contains special characters and so is not valid as an "after" filename. It has been retained and is followed by entries for the following matching filenames: ['Texture Fix 1.8.esm', 'Texture Fix 2.0.esm']
WARNING:root:The plugin name "Morrowind Patch*.esm" contains special characters and so is not valid as an "after" filename. It has been retained and is followed by entries for the following matching filenames: ['Morrowind Patch 1.6.5 Beta (BTB Edit).esm', 'Morrowind Patch Project 1.6.5 [For Rebirth].esm', 'Morrowind Patch Project v1.6.6 [For Rebirth].esm', 'Morrowind Patch v1.2.2.esm', 'Morrowind Patch v1.6.2.esm', 'Morrowind Patch v1.6.3.esm', 'Morrowind Patch v1.6.4 (WIP).esm', 'Morrowind Patch v1.6.4.esm', 'Morrowind Patch v1.6.5-BETA.esm', 'Morrowind Patch v1.6.5d_beta.esm', 'Morrowind Patch v1.6.6_beta.esm']
WARNING:root:The plugin name "Poorly Placed Object Fix*<VER>.esm" contains special characters and so is not valid as an "after" filename. It has been retained and is followed by entries for the following matching filenames: ['Poorly Placed Object Fix  1.2.esm', 'Poorly Placed Object Fix 1.2.esm']
INFO:root:LOOT does not support message highlighting equivalent to mlox's blue highlighting, the following message will be treated as not highlighted: "A new version of Princess Stomper et al's "Mournhold Expanded" is available!
However, the only version updated to 1.5 is the Children of Morrowind and No Chess version.
http://mw.modhistory.com/download-87-14676
(Ref: "MOURNHOLD EXPANDED README.rtf")"
INFO:root:LOOT does not support message highlighting equivalent to mlox's blue highlighting, the following message will be treated as not highlighted: "Version 2.0 and above of "Mournhold Overhaul" by Bob Smolders move "Godsreach and Great Bazaar back to their exact original height, eliminating all conflicts this mod had with other mods such as Morrowind Comes Alive [and "Windows Glow - Tribunal"]"
http://www.nexusmods.com/morrowind/mods/25147/
(Ref: Mournhold_Overhaul_v21.rar\Data Files\Readme.txt)"
INFO:root:LOOT does not support message highlighting equivalent to mlox's blue highlighting, the following message will be treated as not highlighted: "There is an update to EvilGreebo's "Music Mod" available:
http://www.fileplanet.com/144267/140000/fileinfo/Music-Mod-v1.1"
WARNING:root:The filename "LGNPC_PaxRedoran_v?_??.esp" contains special characters and so is not valid as a "req" filename. It has been replaced with the following matching filenames: ['LGNPC_PaxRedoran_v1_20.esp']
WARNING:root:The filename "LGNPC_PaxRedoran_v?_??_GOTYST.esp" contains special characters and so is not valid as a "req" filename. It has been replaced with the following matching filenames: ['LGNPC_PaxRedoran_v1_20_GOTYST.esp']
INFO:root:LOOT does not support message highlighting equivalent to mlox's blue highlighting, the following message will be treated as not highlighted: "This is a template  for adding food items from other mods, it does nothing on its own.
(Ref: "Necessities for Purists 1.01 ReadMe.txt")"
INFO:root:LOOT does not support message highlighting equivalent to mlox's blue highlighting, the following message will be treated as not highlighted: "There is a newer version of Necessities of Morrowind (NoM) available, you may want to upgrade:
http://mw.modhistory.com/download--12114"
INFO:root:LOOT does not support message highlighting equivalent to mlox's blue highlighting, the following message will be treated as not highlighted: "This plugin is a modders resource, and is meant to be merged into other plugins, it is not normally supposed to be loaded in your game.
(Ref: "Readme NoM 3.0.html")"
INFO:root:Found a message containing <hide></hide> tags, removing them and their contents: "Both these mods add the same Armor of St Nerevar (as created by Enlightened_Daedroth and Soulshade), though the (short) quests to obtain it are different <hide>and they also add different enchantments to the armor</hide>."
INFO:root:LOOT does not support message highlighting equivalent to mlox's blue highlighting, the following message will be treated as not highlighted: ""You must modify your Morrowind.ini file with the proper text entries or you will not get the extra blood options ingame or in the CS."
(Ref: "readme_NewBloods.txt" and "Creatures X ini update.txt")"
INFO:root:LOOT does not support message highlighting equivalent to mlox's blue highlighting, the following message will be treated as not highlighted: "The latest version of New Suran Extended is 1.52:
http://mw.modhistory.com/download--11112"
INFO:root:LOOT does not support message highlighting equivalent to mlox's blue highlighting, the following message will be treated as not highlighted: ""This is a Better Bodies armour, so if you use original bodies or smoother bodies, the armour will clip horribly."
(Ref: "Westly Presents-Night Song Armour README.txt")"
INFO:root:LOOT does not support message highlighting equivalent to mlox's blue highlighting, the following message will be treated as not highlighted: "Casey Tucker's "NPC Functionality" alters the distance your PC needs to be from an NPC before the NPC greets you. In vanilla Morrowind this value is 6 (if the Construction Set help is to be believed this is multiplied by the NPC's Hello rating to get the distance before they talk)
LadyDeadlock's "Reduced (Passing) Commentary Mod" and "No Greet" both decrease this value (to 3 an 0 respectively). mlox will load "Reduced (Passing) Commentary Mod" or "No Greet" after Casey Tucker's "NPC Functionality" mod so the reduced greeting distance is used. If you wish to use the higher greeting distance of "NPC Functionality" then remove either "Reduced (Passing) Commentary Mod" or "No Greet"."
INFO:root:LOOT does not support message highlighting equivalent to mlox's blue highlighting, the following message will be treated as not highlighted: "Casey Tucker's "NPC Functionality" alters the distance your PC needs to be from an NPC before the NPC greets you. In vanilla Morrowind this value is 6 (if the Construction Set help is to be believed this is multiplied by the NPC's Hello rating to get the distance before they talk)
BTB's Settings plugin from "BTB's Game Improvements" reduces the value. If you want the larger greeting distance from "NPC Functionality" or the smaller distance from "BTB's Game Improvements" then add an appropriate Order rule to your mlox_user.txt file."
INFO:root:LOOT does not support message highlighting equivalent to mlox's blue highlighting, the following message will be treated as not highlighted: "There is a new version of TheOne&Only's "Object Permanence" available. You should upgrade!
http://mw.modhistory.com/download-4-6235"
INFO:root:LOOT does not support message highlighting equivalent to mlox's blue highlighting, the following message will be treated as not highlighted: "There is a new version of Ghostnull's "Particle Arrow Replacer" available
Download Ghostnull's "Particle Arrow Replacer" 4.0 from Morrowind Modding History - http://mw.modhistory.com/download-26-10923"
WARNING:root:Converting a VER predicate that uses a filename pattern, LOOT will ignore any version in the plugin description: VersionExpression(operator=<Operator.LESS_THAN: 2>, version='3.1', file='Pegas Horse Ranch v<VER>.esm')
INFO:root:LOOT does not support message highlighting equivalent to mlox's blue highlighting, the following message will be treated as not highlighted: "You have an old version and should upgrade.
http://www.nexusmods.com/morrowind/mods/3881/"
WARNING:root:Converting a VER predicate that uses a filename pattern, LOOT will ignore any version in the plugin description: VersionExpression(operator=<Operator.LESS_THAN: 2>, version='3.1', file='Pegas Horse Ranch v<VER>.esp')
WARNING:root:The plugin name "Pegas Horse Ranch v<VER>.esm" contains special characters and so is not valid as an "after" filename. It has been retained and is followed by entries for the following matching filenames: ['Pegas Horse Ranch v2.4.esm', 'Pegas Horse Ranch v3.1.esm']
WARNING:root:The filename "Pegas Horse Ranch v<VER>.esm" contains special characters and so is not valid as an "inc" filename. It has been replaced with the following matching filenames: ['Pegas Horse Ranch v2.4.esm', 'Pegas Horse Ranch v3.1.esm']
INFO:root:LOOT does not support message highlighting equivalent to mlox's blue highlighting, the following message will be treated as not highlighted: "The latest version of this mod is 4.0 ("P.R.E. v4.0.esp"), you may want to upgrade:
http://www.freewebs.com/glassboy/dialogfocus.htm"
INFO:root:LOOT does not support message highlighting equivalent to mlox's blue highlighting, the following message will be treated as not highlighted: "Be aware that you still need to download Emma's "Morrowind Children" mod and install the BSA package in order to get all the meshes and textures needed for "Playable Children".
(Ref: Playablechildren2_0_readme.txt)"
WARNING:root:Converting a VER predicate that uses a filename pattern, LOOT will ignore any version in the plugin description: VersionExpression(operator=<Operator.LESS_THAN: 2>, version='1.2', file='Poorly Placed Object Fix*<VER>.esm')
INFO:root:LOOT does not support message highlighting equivalent to mlox's blue highlighting, the following message will be treated as not highlighted: "There is a new version of Slartibartfast's "Poorly Placed Object Fix" available, you should upgrade!
http://mw.modhistory.com/download-1-12002"
INFO:root:LOOT does not support message highlighting equivalent to mlox's blue highlighting, the following message will be treated as not highlighted: "There is a new version of "Primary Needs" available, 2.8, with errors fixed by Elthar. You should upgrade!
http://mw.modhistory.com/download-53-13012"
INFO:root:LOOT does not support message highlighting equivalent to mlox's blue highlighting, the following message will be treated as not highlighted: "There is a new version of froucria's "Proper Ladies for Starfires NPC Additions" available, you should upgrade.
http://mw.modhistory.com/download-90-14007"
INFO:root:LOOT does not support message highlighting equivalent to mlox's blue highlighting, the following message will be treated as not highlighted: "If you use Protective Guards, it's best not to use MCA Guards Patch, using it may cause problems
(Ref: http://www.bethsoft.com/bgsforums/index.php?s=&showtopic=918882&view=findpost&p=13377858 )"
INFO:root:LOOT does not support message highlighting equivalent to mlox's blue highlighting, the following message will be treated as not highlighted: "The latest version of "Pursuit Enhanced" is 1.2.4, you should upgrade.
http://mw.modhistory.com/download-90-6153"
INFO:root:LOOT does not support message highlighting equivalent to mlox's blue highlighting, the following message will be treated as not highlighted: "It is recommended not to load Alaisiagae's "Races Are More Fun (RAMF) for NPCs" when using "Races Are More Fun (RAMF) - Playable Children Edition" by Kefke the Wren
(Ref: Readme RAMF_Playable_Children.rtf)"
INFO:root:LOOT does not support message highlighting equivalent to mlox's blue highlighting, the following message will be treated as not highlighted: "Only the version of "Races Are More Fun (RAMF)" that is loaded last will take effect. If you wish to use a different version of "Races Are More Fun (RAMF)", it must load after "Races Are More Fun (RAMF) - Playable Children Edition".
To ensure your desired load order you should create a custom [Order] rule in "mlox_user.txt" for your game.
(Ref: Readme RAMF_Playable_Children.rtf)"
INFO:root:LOOT does not support message highlighting equivalent to mlox's blue highlighting, the following message will be treated as not highlighted: "There is a new version of Nedius' "Real Wildlife", 2b, you should upgrade!
http://mw.modhistory.com/download-90-11406"
WARNING:root:The filename "Rincewind's_Luggage_<VER>.esp" contains special characters and so is not valid as a "req" filename. It has been replaced with the following matching filenames: ["Rincewind's_Luggage_1.2.esp"]
WARNING:root:The plugin name "Rincewind's_Luggage_<VER>.esp" contains special characters and so is not valid as an "after" filename. It has been retained and is followed by entries for the following matching filenames: ["Rincewind's_Luggage_1.2.esp"]
WARNING:root:The plugin name "Rincewind's_Luggage_<VER>_MWSE.esp" contains special characters and so is not valid as an "after" filename. It has been retained and is followed by entries for the following matching filenames: ["Rincewind's_Luggage_1.2_MWSE.esp"]
INFO:root:LOOT does not support message highlighting equivalent to mlox's blue highlighting, the following message will be treated as not highlighted: ""Rings of Level Playing All TB BM.ESP, changes the scripts of the Bloodmoon and Tribunal creatures and as such breaks both Tribunal and Bloodmoon quests. [...] Please only use the Rings of Level Playing All TB BM.ESP if you are not planning on playing the Tribunal or Bloodmoon main quests."
(Ref: "Ring of Level Playing - REALLY IMPORTANT readme.txt")"
INFO:root:LOOT does not support message highlighting equivalent to mlox's blue highlighting, the following message will be treated as not highlighted: "You do not appear to be running the latest version of "Riptide's Face, Armor, & Clothing Replace"
Main download - http://mw.modhistory.com/download-64-8844
Update patch - http://mw.modhistory.com/download-64-10389"
INFO:root:LOOT does not support message highlighting equivalent to mlox's blue highlighting, the following message will be treated as not highlighted: "There is a new version, 1.52, of "Rise of House Telvanni" available, you should upgrade.
http://www.nexusmods.com/morrowind/mods/27545/"
INFO:root:LOOT does not support message highlighting equivalent to mlox's blue highlighting, the following message will be treated as not highlighted: "Princess Stomper's "Balmora Council Club" requires that the player talks to Duke Dren a lot which will become impossible during the questline of "Rise of House Telvanni".
(Ref: "Rise of House Telvanni v1.5 Readme.txt")"
INFO:root:LOOT does not support message highlighting equivalent to mlox's blue highlighting, the following message will be treated as not highlighted: "Princess Stomper's "Ebonheart Interior Expansion" requires that the player talks to Duke Dren a lot which will become impossible during the questline of "Rise of House Telvanni".
(Ref: "Rise of House Telvanni v1.5 Readme.txt")"
WARNING:root:Converting a VER predicate that uses a filename pattern, LOOT will ignore any version in the plugin description: VersionExpression(operator=<Operator.LESS_THAN: 2>, version='1.21', file='LGNPC_PaxRedoran_v<VER>.esp')
WARNING:root:Converting a VER predicate that uses a filename pattern, LOOT will ignore any version in the plugin description: VersionExpression(operator=<Operator.LESS_THAN: 2>, version='1.20', file='LGNPC_TelUvirith_v<VER>.esp')
INFO:root:LOOT does not support message highlighting equivalent to mlox's blue highlighting, the following message will be treated as not highlighted: "The Pixie's "Ushindra Beach" requires that the player talks to Ald'ruhn's Mages Guild guide, Estirdalin. In RoHT, she might be forced to leave.
Version 1.2 of "Ushindra Beach" resolves this conflict
Download version 1.2 of The Pixie's "Ushindra Beach" from Morrowind Modding History - http://mw.modhistory.com/download-68-12728
(Ref: "Rise of House Telvanni v1.5 Readme.txt")"
INFO:root:LOOT does not support message highlighting equivalent to mlox's blue highlighting, the following message will be treated as not highlighted: "Cyrano's "Trigger Dark Brotherhood Attack" requires that the player talk to Duke Dren which will become impossible during the questline of "Rise of House Telvanni".
(Ref: "Rise of House Telvanni v1.5 Readme.txt" and http://forums.bethsoft.com/topic/1398805-relz-mlox-a-tool-for-analyzing-and-sorting-your-load-order/?p=21698623 )"
INFO:root:LOOT does not support message highlighting equivalent to mlox's blue highlighting, the following message will be treated as not highlighted: ""If using [the Groin Plateless version], insure that the meshes in the optional folder are where they need to be."
(Ref: "Royal Guard Addons.txt")"
INFO:root:LOOT does not support message highlighting equivalent to mlox's blue highlighting, the following message will be treated as not highlighted: "There is a newer version of Alaisiagae's "Royal Guard Shield Addon" available. You should upgrade!
http://www.nexusmods.com/morrowind/mods/21855"
INFO:root:LOOT does not support message highlighting equivalent to mlox's blue highlighting, the following message will be treated as not highlighted: "There is a newer version of The Sable Dragon available, 1.7
Download Pluto's "The Sable Dragon" from Morrowind Nexus - http://www.nexusmods.com/morrowind/mods/26870/"
INFO:root:LOOT does not support message highlighting equivalent to mlox's blue highlighting, the following message will be treated as not highlighted: "There is a new version of "Sabregirl's Morrowind Ecology" available, 1.6, you should upgrade.
http://mw.modhistory.com/download-53-7082"
INFO:root:LOOT does not support message highlighting equivalent to mlox's blue highlighting, the following message will be treated as not highlighted: "The latest version of "Scent of Blood" is version 1.2.
Download AlienSlof & Peter's "Scent of Blood" from Morrowind Modding History - http://mw.modhistory.com/download-98-10276"
INFO:root:LOOT does not support message highlighting equivalent to mlox's blue highlighting, the following message will be treated as not highlighted: "You are not running the latest version of "Sgaileach Estate".
Download "update01.rar", or "bathing_mod_2_compatibility.rar" if you are using Gaius Atrius' "The Bathing Mod 2.0"
Download the updates from Morrowind Modding History - http://mw.modhistory.com/download-44-14307"
INFO:root:LOOT does not support message highlighting equivalent to mlox's blue highlighting, the following message will be treated as not highlighted: "Ensure you are running the version of "Sgaileach Estate" which is compatible with Gaius Atrius' "The Bathing Mod 2.0". It can be found in the archive "bathing_mod_2_compatibility.rar"
Download "bathing_mod_2_compatibility.rar" from Morrowind Modding History - http://mw.modhistory.com/download-44-14307"
INFO:root:LOOT does not support message highlighting equivalent to mlox's blue highlighting, the following message will be treated as not highlighted: ""[Stuporstar's "Stinkers 2.0 to 3.0 Upgrade Patch "] can be used with any mod with built-in Stinkers 2.0 compatibility[, like "Sgaileach Estate 2.01" by Phinix]. It replaces 2.0 resources with 3.0 resources."
http://download.fliggerty.com/download--894
(Ref: "Ref: Stinkers 2.0 to 3.0 Upgrade.txt")"
INFO:root:LOOT does not support message highlighting equivalent to mlox's blue highlighting, the following message will be treated as not highlighted: "A new version of "Sheikizza's Daedric Armor Collection" is available, 0.1.5. You should upgrade!
http://www.sheikizza.boneflower.com/Sheikizza.html"
INFO:root:LOOT does not support message highlighting equivalent to mlox's blue highlighting, the following message will be treated as not highlighted: "The latest version of "Ships of the Imperial Navy" is 2.0, available from Nexus, you should upgrade!
http://www.nexusmods.com/morrowind/mods/42103/"
INFO:root:LOOT does not support message highlighting equivalent to mlox's blue highlighting, the following message will be treated as not highlighted: "There is a new version of PeterBitt's "Signposts Retextured TR" available, you should upgrade!
http://www.nexusmods.com/morrowind/mods/42126/"
INFO:root:LOOT does not support message highlighting equivalent to mlox's blue highlighting, the following message will be treated as not highlighted: "Version 1.1 of Earth Wyrm's "Signy Signposts(!): Tamriel Rebuilt" provides new meshes and high-resolution textures for the signposts across both Tamriel Rebuilt Maps 1 and 2. You should upgrade!
http://mw.modhistory.com/download-56-11953"
INFO:root:LOOT does not support message highlighting equivalent to mlox's blue highlighting, the following message will be treated as not highlighted: "There is a suggested update for Silgrad Tower:
Download the update from Fileplanet - http://www.fileplanet.com/167255/160000/fileinfo/Elder-Scrolls-III:-Morrowind---Silgrad-Tower-1-4_6-update
Download the update from Morrowind Mod History - http://mw.modhistory.com/download--15032
Download the full version from Morrowind Mod History - http://mw.modhistory.com/download--15033
There is also a suggested texture fix mod for Silgrad Tower by by Slartibartfast:
http://mw.modhistory.com/download-56-10881"
INFO:root:LOOT does not support message highlighting equivalent to mlox's blue highlighting, the following message will be treated as not highlighted: "You may notice oddities running soar/soar182's "Skeleton Island" together with Tenaka's "Black Queen Chronicles". soar/soar182 says:
"I think both plug in function together. A part of my island that is not used is sunk. Where my island is sunk is part of BQC ports. None of BQC land mass is effected. BQC uderwater extension effects Skeleton Island. Both can be played together"
(Ref: "Skeleton_Island_V3.00.doc")"
INFO:root:LOOT does not support message highlighting equivalent to mlox's blue highlighting, the following message will be treated as not highlighted: "Drake Elvin has released an updated version of Ulfgeir's "Slave Warrior Jessica", 2.2.2
Download Drake Elvin's "Slave Warrior Jessica - Tribunal" from Morrowind Modding History - http://mw.modhistory.com/download-24-10661"
INFO:root:LOOT does not support message highlighting equivalent to mlox's blue highlighting, the following message will be treated as not highlighted: "The latest version of Alienslof's "Slof's Goth Shop I", called "Add-on Pack 2", is available from Hall of Torque:
http://www.ladymoiraine.com/forum/index.php?action=downloads"
INFO:root:LOOT does not support message highlighting equivalent to mlox's blue highlighting, the following message will be treated as not highlighted: ""Slof's Goth Shop I" works best with, and is designed for Better Bodies 2.2.
(Ref: "GothShopReadme.txt" and "GothShopAddonReadme.txt" and "GothShop3Readme.txt")"
INFO:root:LOOT does not support message highlighting equivalent to mlox's blue highlighting, the following message will be treated as not highlighted: ""Slof's Goth Shop II" works best with, and is designed for Better Bodies 2.2.
(Ref: "GothShopIIReadme.txt")"
INFO:root:LOOT does not support message highlighting equivalent to mlox's blue highlighting, the following message will be treated as not highlighted: "Kir has released a replacement plugin for "Slof's Morrowind Pillow Book", which:
"Fixed: an extra long line was causing pictures' captions to be carried to the next page (not that many people are fluent reading Daedric and it'd be this important, but it's still sloppy) - extra linefeed removed.
Also changed: captions' font color is set to concord with pictures' color. A dirty entry (Seyda Neen cell) cleaned out."
Download the replacement plugin from Kir's webpage - http://www.angelfire.com/rpg2/mad_weather/smallimp.htm"
INFO:root:LOOT does not support message highlighting equivalent to mlox's blue highlighting, the following message will be treated as not highlighted: "You are using an old version of Midgetalien's "Solstheim Alternate Beginning". You should upgrade!
http://download.fliggerty.com/download--334"
INFO:root:LOOT does not support message highlighting equivalent to mlox's blue highlighting, the following message will be treated as not highlighted: "Souly Soulgems 1.0 has now been updated to 1.1.1, and no longer requires an .esp. You should upgrade and stop using the .esp!
http://mw.modhistory.com/download-18-11059"
INFO:root:LOOT does not support message highlighting equivalent to mlox's blue highlighting, the following message will be treated as not highlighted: "You should use Srikandi's Alchemy Bloodmoon Edition.
Download from Morrowind Modding History - http://mw.modhistory.com/download-37-12192"
INFO:root:LOOT does not support message highlighting equivalent to mlox's blue highlighting, the following message will be treated as not highlighted: "There is a new version of Danae's "Staff Agency" available. You should upgrade!
http://www.nexusmods.com/morrowind/mods/43268/"
INFO:root:LOOT does not support message highlighting equivalent to mlox's blue highlighting, the following message will be treated as not highlighted: "There is a new version of HotFusion4's "State-Based Hit Points" available. You should upgrade!
http://mw.modhistory.com/download-51-11496"
INFO:root:LOOT does not support message highlighting equivalent to mlox's blue highlighting, the following message will be treated as not highlighted: "Talrivian has released an updated version of HotFusion4's "State-Based Hit Points". You should upgrade!
http://mw.modhistory.com/download-90-6521"
INFO:root:LOOT does not support message highlighting equivalent to mlox's blue highlighting, the following message will be treated as not highlighted: "Steel Broadsword Fix 1.0 is updated by Steel Broadsword Fix 1.2. You should upgrade!
http://mw.modhistory.com/download-90-6175"
WARNING:root:The plugin name "LGNPC_Aldruhn_v?_??.esp" contains special characters and so is not valid as an "after" filename. It has been retained and is followed by entries for the following matching filenames: ['LGNPC_Aldruhn_v1_20.esp']
WARNING:root:The filename "Uvirith's Legacy_<VER>.esp" contains special characters and so is not valid as a "req" filename. It has been replaced with the following matching filenames: ["Uvirith's Legacy_3.0.esp", "Uvirith's Legacy_3.1.esp", "Uvirith's Legacy_3.2.esp", "Uvirith's Legacy_3.3.esp", "Uvirith's Legacy_3.31.esp", "Uvirith's Legacy_3.32.esp", "Uvirith's Legacy_3.33.esp", "Uvirith's Legacy_3.4.esp", "Uvirith's Legacy_3.41.esp", "Uvirith's Legacy_3.42.esp", "Uvirith's Legacy_3.5.esp", "Uvirith's Legacy_3.53.ESP"]
WARNING:root:The filename "LGNPC_Aldruhn_v?_??.esp" contains special characters and so is not valid as a "req" filename. It has been replaced with the following matching filenames: ['LGNPC_Aldruhn_v1_20.esp']
INFO:root:LOOT does not support message highlighting equivalent to mlox's blue highlighting, the following message will be treated as not highlighted: "There is a new version of Thondur's "Suran Waterfront" available. You should upgrade!
http://mw.modhistory.com/download-15-13418"
INFO:root:LOOT does not support message highlighting equivalent to mlox's blue highlighting, the following message will be treated as not highlighted: "With both "Tamriel Rebuilt: Census and Excise Links" by The "Bloodthirsty" Crustacean and Bethesda's "Siege at Firemoth" (or a mod which includes it) enabled, there will be two boat captains to talk to and two superimposed gate objects in Seyda Neen.
(Ref: http://forums.bethsoft.com/index.php?/topic/1083121-relz-mlox-a-tool-for-analyzing-and-sorting-your-load-order/page__view__findpost__p__17171911 )"
WARNING:root:The filename "TeaMod_<VER>.esp" contains special characters and so is not valid as a "req" filename. It has been replaced with the following matching filenames: ['TeaMod_2.1.esp']
WARNING:root:The plugin name "TeaMod_<VER>.esp" contains special characters and so is not valid as an "after" filename. It has been retained and is followed by entries for the following matching filenames: ['TeaMod_2.1.esp']
INFO:root:LOOT does not support message highlighting equivalent to mlox's blue highlighting, the following message will be treated as not highlighted: ""All the extra dialogue options [included in the Tea Giving Add-on] have the unfortunate side-effect of slowing all dialogue to a crawl on slower computers."
"You can unload [the Tea Giving Add-on] and still enjoy the main Tea Mod if the sharing options are lagging too much."
(Ref: "TeaMod_1.2_ReadMe.txt")
(Ref: http://forums.bethsoft.com/topic/1452352-rel-the-tea-mod/?p=22959363 )"
WARNING:root:Converting a VER predicate that uses a filename pattern, LOOT will ignore any version in the plugin description: VersionExpression(operator=<Operator.LESS_THAN: 2>, version='2.0', file='Texture Fix <VER>.esm')
INFO:root:LOOT does not support message highlighting equivalent to mlox's blue highlighting, the following message will be treated as not highlighted: "There is a newer version of Texture Fix by Slartibartfast, you should upgrade:
http://mw.modhistory.com/download-56-10353"
WARNING:root:Converting a VER predicate that uses a filename pattern, LOOT will ignore any version in the plugin description: VersionExpression(operator=<Operator.LESS_THAN: 2>, version='2.0', file='Texture Fix <VER>.esm')
WARNING:root:A SIZE predicate uses a filename that contains special characters: "SizeExpression(negated=True, size=4495981, file='Balmora Expansion v1.4+(<VER>).esp')". It has been expanded to check any of the following matching filenames: ['Balmora Expansion v1.4+(1.4).esp']
WARNING:root:The plugin name "Texture Fix - Bloodmoon <VER>.esm" contains special characters and so is not valid as an "after" filename. It has been retained and is followed by entries for the following matching filenames: ['Texture Fix - Bloodmoon 1.1.esm']
INFO:root:LOOT does not support message highlighting equivalent to mlox's blue highlighting, the following message will be treated as not highlighted: ""It is also recommended that you download the Morrowind Code Patch (MCP) and apply the over-the-shoulder third person camera tweak."
(Ref: "Readme_Third_Person_Crosshair.txt")
Morrowind Code Patch: http://morrowind.nexusmods.com/mods/19510"
INFO:root:LOOT does not support message highlighting equivalent to mlox's blue highlighting, the following message will be treated as not highlighted: "There is a newer version of "Threads of the Webspinner Completed" available, you should upgrade.
http://mw.modhistory.com/download--5667"
INFO:root:LOOT does not support message highlighting equivalent to mlox's blue highlighting, the following message will be treated as not highlighted: ""In order to retain the modified interior light settings of TLM, TLM - Ambient Light + Fog Update must load later than any mod that might change a pre-existing interior cell."
mlox automatically loads this plugin late in your load order.
(Ref: "TLM - ~Readme.htm")"
INFO:root:LOOT does not support message highlighting equivalent to mlox's blue highlighting, the following message will be treated as not highlighted: "Von Djangos' "Dagoth's Cry" has been updated and incorporated into his "The Tribe Unmourned" mod.
(Ref: "The Tribe Unmourned.txt")
Download "The Tribe Unmourned" from Morrowind Modding History - http://mw.modhistory.com/download-56-13139"
INFO:root:LOOT does not support message highlighting equivalent to mlox's blue highlighting, the following message will be treated as not highlighted: "B00ze has updated Cool Demon's original "True Lights and Darkness" mod, you should upgrade!
http://www.nexusmods.com/morrowind/mods/39605/?"
INFO:root:LOOT does not support message highlighting equivalent to mlox's blue highlighting, the following message will be treated as not highlighted: "There is an updated version of B00ze's "True Lights and Darkness", you should upgrade!
http://www.nexusmods.com/morrowind/mods/39605/?"
WARNING:root:Converting a VER predicate that uses a filename pattern, LOOT will ignore any version in the plugin description: VersionExpression(operator=<Operator.LESS_THAN: 2>, version='1.5', file="Nevena's Twin Lamps & Slave Hunters <VER>.esp")
INFO:root:LOOT does not support message highlighting equivalent to mlox's blue highlighting, the following message will be treated as not highlighted: "Orry's "The Ultimate Knight Shop" already contains items from these mods, you should review if you want to load them as well:
 fidel's "Resourcepack: Blademaster"
 Jeremy McGuinn's "Knights of Tamriel"
 Korana's "Falconer Leather"
 MikeMS' "Royal Golden Armor"
 The_inwah and AnOldFriend's "Wooden Longbows"
(Ref: "The Ultimate Knight Shop Read Me.txt")"
INFO:root:LOOT does not support message highlighting equivalent to mlox's blue highlighting, the following message will be treated as not highlighted: ""[GhostNull's "Ultimate Ranger 2.0 - Mog Add On"] assumes your using Ger's Moogle Fixes, namely the Total Fix."
Ger's Mog Fixes: http://mw.modhistory.com/download-71-4642
(Ref: "UR-Mog  Readme.txt")"
INFO:root:LOOT does not support message highlighting equivalent to mlox's blue highlighting, the following message will be treated as not highlighted: "There is a version 1.1 replacement patch for Qarl's "The Underground":
 http://mw.modhistory.com/download-44-5048
But "The Underground" 2.0 is recommended, it includes all the content from version 1.1 and fixes a number of problems:
Download "The Underground" 2.0 from Morrowind Modding History - http://mw.modhistory.com/download-44-11514"
INFO:root:LOOT does not support message highlighting equivalent to mlox's blue highlighting, the following message will be treated as not highlighted: ""The Underground" 1.1 is superseded by "The Underground" 2.0, which fixes a number of problems in the first version. You should upgrade!
Download "The Underground" 2.0 from Morrowind Modding History - http://mw.modhistory.com/download-44-11514"
WARNING:root:The filename "The Doors - Balmora, Suran <VER>.esp" contains special characters and so is not valid as a "req" filename. It has been replaced with the following matching filenames: ['The Doors - Balmora, Suran 1.2.esp']
WARNING:root:The plugin name "The Doors - Balmora, Suran <VER>.esp" contains special characters and so is not valid as an "after" filename. It has been retained and is followed by entries for the following matching filenames: ['The Doors - Balmora, Suran 1.2.esp']
INFO:root:LOOT does not support message highlighting equivalent to mlox's blue highlighting, the following message will be treated as not highlighted: "You have an old version of Alaisiagae's "Unique Finery Replacer". A new version, 3.2, is available.
Download the latest version from Morrowind Nexus - http://www.nexusmods.com/morrowind/mods/25725/"
INFO:root:LOOT does not support message highlighting equivalent to mlox's blue highlighting, the following message will be treated as not highlighted: ""[Plangkye's "Unique Finery - Female Hortator Robe Add-On"] is meant to be used with Alaisiagae's Unique Finery."
(Ref: "UF_HortRobeF.zip\Readme.txt")"
INFO:root:LOOT does not support message highlighting equivalent to mlox's blue highlighting, the following message will be treated as not highlighted: "There is a new version of EnderAndrew's "Unofficial Morrowind Patch Project Bug Fixes" available. You should upgrade!
http://morrowind.nexusmods.com/mods/40947/"
INFO:root:LOOT does not support message highlighting equivalent to mlox's blue highlighting, the following message will be treated as not highlighted: "There is a new version of The DopeHatMan's "Uvirith Inside" available, 1.6.
Download the latest version from Morrowind Modding History - http://mw.modhistory.com/download-87-4926"
INFO:root:LOOT does not support message highlighting equivalent to mlox's blue highlighting, the following message will be treated as not highlighted: "The Mad God has patched v1.6 of The DopeHatMan's "Uvirith Inside", consider upgrading.
http://mw.modhistory.com/download-87-10871"
WARNING:root:Converting a VER predicate that uses a filename pattern, LOOT will ignore any version in the plugin description: VersionExpression(operator=<Operator.GREATER_THAN: 3>, version='3.1', file="Uvirith's Legacy_<VER>.esp")
WARNING:root:The plugin name "UL_<VER>_MWSE_Add-on.esp" contains special characters and so is not valid as an "after" filename. It has been retained and is followed by entries for the following matching filenames: ['UL_3.5_MWSE_Add-on.esp']
WARNING:root:Converting a VER predicate that uses a filename pattern, LOOT will ignore any version in the plugin description: VersionExpression(operator=<Operator.GREATER_THAN: 3>, version='3.2', file="Uvirith's Legacy_<VER>.esp")
WARNING:root:The plugin name "UL_<VER>_TR_<VER>_Add-on.esp" contains special characters and so is not valid as an "after" filename. It has been retained and is followed by entries for the following matching filenames: ['UL_3.5_TR_16.12_Add-on.esp', 'UL_3.5_TR_18.09_Add-on.esp', 'UL_3.5_TR_24.12_Add-on.esp']
WARNING:root:The plugin name "UL_<VER>_RoHT_1.52_Compatibility.esp" contains special characters and so is not valid as an "after" filename. It has been retained and is followed by entries for the following matching filenames: ['UL_3.0_RoHT_1.52_Compatibility.esp']
WARNING:root:The plugin name "Book Jackets - *.esp" contains special characters and so is not valid as an "after" filename. It has been retained and is followed by entries for the following matching filenames: ['Book Jackets - Bloodmoon - BookRotate.esp', 'Book Jackets - Bloodmoon.esp', 'Book Jackets - Full.esp', 'Book Jackets - Morrowind - BookRotate.esp', 'Book Jackets - Morrowind.esp', 'Book Jackets - Tribunal - BookRotate.esp', 'Book Jackets - Tribunal.esp']
WARNING:root:The plugin name "Librarian with Jackets *.esp" contains special characters and so is not valid as an "after" filename. It has been retained and is followed by entries for the following matching filenames: ['Librarian with Jackets & Rotate BM Trib.esp', 'Librarian with Jackets BM Trib.esp']
INFO:root:LOOT does not support message highlighting equivalent to mlox's blue highlighting, the following message will be treated as not highlighted: ""[UL_Upgrader_MWSE.esp is] an add-on that will let you stuff everything in the Bag of Holding for safe-keeping if you've already moved into your tower."
This add-on can be used to upgrade any version of Uvirith's Legacy 3.0 (and up) to newer versions.
(Ref: "UL_READMEFIRSTIMEANIT.txt" and "UL_UPGRADER.txt")"
WARNING:root:The filename "Uvirith's Legacy_<VER>.esp" contains special characters and so is not valid as an "inc" filename. It has been replaced with the following matching filenames: ["Uvirith's Legacy_3.0.esp", "Uvirith's Legacy_3.1.esp", "Uvirith's Legacy_3.2.esp", "Uvirith's Legacy_3.3.esp", "Uvirith's Legacy_3.31.esp", "Uvirith's Legacy_3.32.esp", "Uvirith's Legacy_3.33.esp", "Uvirith's Legacy_3.4.esp", "Uvirith's Legacy_3.41.esp", "Uvirith's Legacy_3.42.esp", "Uvirith's Legacy_3.5.esp", "Uvirith's Legacy_3.53.ESP"]
INFO:root:LOOT does not support message highlighting equivalent to mlox's blue highlighting, the following message will be treated as not highlighted: "You have an older version of the MPP (Morrowind Patch Project) installed.
There are a number of versions available:
 1.6.6 beta - The latest beta version from quorn. Fixes most of the outstanding issues from his earlier betas.
            - This is the recommended version.
            - http://www.theassimilationlab.com/forums/files/file/1050-previous-patches-unofficial-morrowind-patch/
 1.6.5d - A beta version, by quorn, released to fix the bugs reported in his 1.6.5b beta release.
        - http://www.theassimilationlab.com/forums/files/file/1050-previous-patches-unofficial-morrowind-patch/
 1.6.5 beta-BTB edit - A slightly edited version of quorn's 1.6.5 beta release. It removes several bugs from the 1.6.5 beta release.
            - This is the recommended version.
            - http://btb2.free.fr/morrowind.html
 1.6.5 beta - A beta version, by quorn, released to fix the bugs reported in his 1.6.4 release.
            -  http://mw.modhistory.com/download-84-7127
 1.6.4 - The last official non-beta release by quorn. Enhances Thepal's original patch (1.6.3b) fixing more unaddressed bugs.
            - http://mw.modhistory.com/download-50-7319
(Ref: http://www.uesp.net/wiki/Tes3Mod:Morrowind_Patch_Project )"
INFO:root:LOOT does not support message highlighting equivalent to mlox's blue highlighting, the following message will be treated as not highlighted: "From version 1.6.4 the MPP (Morrowind Patch Project) contains the "Morrowind Text Patch" by Kevin Dorner, with the exception of the corrections to books it makes.
(Ref: http://www.bethsoft.com/bgsforums/index.php?s=&showtopic=924590&view=findpost&p=13409684 )"
INFO:root:LOOT does not support message highlighting equivalent to mlox's blue highlighting, the following message will be treated as not highlighted: "The optional "UUMPP Ascended Sleeper Sounds Patch" has been removed from the MPP project. It is replaced by quorn's "AscendedSleeperSFX".
Download it from Morrowind Modding History: http://mw.modhistory.com/download-72-6205"
INFO:root:LOOT does not support message highlighting equivalent to mlox's blue highlighting, the following message will be treated as not highlighted: "The optional "UUMPP Steel Broadsword Patch v1.6.4.esp" has been removed from the MPP project. It is replaced by quorn's "Steel Broadsword Fix".
Download it from Morrowind Modding History: http://mw.modhistory.com/download-45-6175"
INFO:root:LOOT does not support message highlighting equivalent to mlox's blue highlighting, the following message will be treated as not highlighted: "All of these plugins are either included in, or the problems they address are also addressed by the latest Morrowind Patch Project. It is recommended that you replace them with the MPP:
There are a number of versions available:
 1.6.6 beta - The latest beta version from quorn. Fixes most of the outstanding issues from his earlier betas.
            - This is the recommended version.
            - http://www.theassimilationlab.com/forums/files/file/1050-previous-patches-unofficial-morrowind-patch/
 1.6.5d - A beta version, by quorn, released to fix the bugs reported in his 1.6.5b beta release.
        - http://www.theassimilationlab.com/forums/files/file/1050-previous-patches-unofficial-morrowind-patch/
 1.6.5 beta-BTB edit - A slightly edited version of quorn's 1.6.5 beta release. It removes several bugs from the 1.6.5 beta release.
            - This is the recommended version.
            - http://btb2.free.fr/morrowind.html
 1.6.5 beta - A beta version, by quorn, released to fix the bugs reported in the 1.6.4 release.
            -  http://mw.modhistory.com/download-84-7127
 1.6.4 - The last official release by quorn. Enhances Thepal's original patch (1.6.3b) with more unaddressed bug fixes.
            - http://mw.modhistory.com/download-50-7319
(Ref: http://www.uesp.net/wiki/Tes3Mod:Morrowind_Patch_Project )"
INFO:root:LOOT does not support message highlighting equivalent to mlox's blue highlighting, the following message will be treated as not highlighted: "The MPP does something similar to Daedric Sanctuary Fix [gaddgadd].
Using gaddgadd's Daedric Sanctuary Fix means you can use the Daedric Sanctuary amulets an infinite number of times. This is contrary to Bethesda's obvious intentions despite their flawed implementation.
(Ref: http://forums.nexusmods.com/index.php?/topic/661754-daedric-sanctuary-fix/?p=24982719 and http://www.uesp.net/wiki/Morrowind:Magas_Volar#Notes )"
INFO:root:LOOT does not support message highlighting equivalent to mlox's blue highlighting, the following message will be treated as not highlighted: "The MPP does something similar to Illy's Solsteim Rumour Fix [Illuminiel].
However, Illuminiel's "Solstheim Rumour Fix" integrates the topic into Morrowind better and should be used if preferred."
INFO:root:LOOT does not support message highlighting equivalent to mlox's blue highlighting, the following message will be treated as not highlighted: "The MPP does something similar to Solstheim Undialog [SeekerVI].
"abyssmal terror" reports: Solstheim Undialog integrates the topic into morrowind better, and should be used if preferred.
(Ref: http://www.bethsoft.com/bgsforums/index.php?showtopic=794715&st=80&p=12924494&"
INFO:root:LOOT does not support message highlighting equivalent to mlox's blue highlighting, the following message will be treated as not highlighted: "Version 1.2 of Vampiric Hunger III is compatible with GCD and no longer requires the "GCD_VH_patch2.esp" patch.
(Ref: VampiricHunger3v12.zip/"Readme_VH.htm")"
INFO:root:LOOT does not support message highlighting equivalent to mlox's blue highlighting, the following message will be treated as not highlighted: "MaeseAtorrante has updated Hoghead the Horrible's "Vivec Expansion". MaeseAtorrante "fixed the floating door, deleted the pickpockets and cleaned the mod". You may wish to upgrade.
Download "Vivec Expansion 3.1 TWEAKED Reworked" from Morrowind Nexus - http://www.nexusmods.com/morrowind/mods/43331
(Ref: "Vivec Expansion Tweaked Reworked-43331-3-1.7z\Vivec Expansion Tweaked Reworked\README.txt")"
INFO:root:LOOT does not support message highlighting equivalent to mlox's blue highlighting, the following message will be treated as not highlighted: ""Vurt's Leafy West Gash" is available in two versions, the original "Vurt's Leafy West Gash" and "Vurt's Leafy West Gash II". The latter has less colourful trees than the original mod.
Both mods use the same name for their plugin: Vurt's Leafy West Gash.esp.
The plugin is required for "Vurt's Leafy West Gash II" as it gives "better placement and less clipping, the .esp also enables some additional, rare trees."
Version 2.0 and above of "Vurt's Leafy West Gash" is pluginless and so the plugin is not needed.
You should check to see if you need this plugin loaded.
Vurt's Leafy West Gash - http://mw.modhistory.com/download-56-13889
Vurt's Leafy West Gash II - http://mw.modhistory.com/download-56-14231"
INFO:root:LOOT does not support message highlighting equivalent to mlox's blue highlighting, the following message will be treated as not highlighted: "The latest version of "Wakim's Game Improvements" is version 9. You should upgrade!
MMH has both the modular and combined versions available.
Modular: http://mw.modhistory.com/download-90-13337
Combined: http://mw.modhistory.com/download-90-459"
INFO:root:LOOT does not support message highlighting equivalent to mlox's blue highlighting, the following message will be treated as not highlighted: ""A certain part of the main quest requires the player character to take damage to the point of reducing Health to 1 while drowning. If the character has permanent, constant-effect waterbreathing, it effectively breaks this quest."
"Wakim's Game Improvements" makes Argonian water-breathing a constant-effect ability.
(Ref: http://www.mwmythicmods.com/Gluby/Gluby_CharGen_Mods.htm#FAQ )
Mods which make Argonian water-breathing a toggleable ability:
 "Argonian Water Breathing Toggle" by Jack - http://mw.modhistory.com/download-47-13155
 "Beast Spell Toggle" by Pwin - http://mw.modhistory.com/download-47-13426
 "Slashes' Argonian Water Breathing" by Slashes-With-Claws -http://mw.modhistory.com/download-47-10284"
INFO:root:LOOT does not support message highlighting equivalent to mlox's blue highlighting, the following message will be treated as not highlighted: "WH-Reaper has updated Hargreth's "The Walled City of Balmora" mod. You maybe interested in his update
Download it from Great House Fliggerty: http://download.fliggerty.com/download-15-940"
INFO:root:LOOT does not support message highlighting equivalent to mlox's blue highlighting, the following message will be treated as not highlighted: "There is a new version of WH-Reaper's "Walled City of Balmora" available.
Download it from Great House Fliggerty: http://download.fliggerty.com/download-15-940"
WARNING:root:The filename "Walled city of Balmora <VER>.esp" contains special characters and so is not valid as a "req" filename. It has been replaced with the following matching filenames: ['Walled City of Balmora 1.3.esp', 'Walled City of Balmora 1.31.esp', 'Walled City of Balmora 1.32c.esp', 'Walled City of Balmora 1.42.esp', 'Walled city of Balmora 1.4.esp', 'Walled city of Balmora 1.41.esp', 'Walled city of Balmora 1.43.esp', 'Walled city of Balmora 1.5.esp', 'Walled city of Balmora 1.6.esp', 'Walled city of Balmora 1.6c.esp']
WARNING:root:The plugin name "Walled city of Balmora <VER>.esp" contains special characters and so is not valid as an "after" filename. It has been retained and is followed by entries for the following matching filenames: ['Walled City of Balmora 1.3.esp', 'Walled City of Balmora 1.31.esp', 'Walled City of Balmora 1.32c.esp', 'Walled City of Balmora 1.42.esp', 'Walled city of Balmora 1.4.esp', 'Walled city of Balmora 1.41.esp', 'Walled city of Balmora 1.43.esp', 'Walled city of Balmora 1.5.esp', 'Walled city of Balmora 1.6.esp', 'Walled city of Balmora 1.6c.esp']
INFO:root:LOOT does not support message highlighting equivalent to mlox's blue highlighting, the following message will be treated as not highlighted: ""Since its 2.0 release, the Morrowind Code Patch contains a 'Detect water level fix' (Bug fixes section - checked by default). If you install it, you'll no longer need [Taddeus'] Water Level Fix, since they solve the same problem, but MCP does it in a more reliable and complete way."
(Ref: http://forums.bethsoft.com/topic/1114091-rel-water-level-fix/?p=18219328 )
Download Hrnchamd's Morrowind Code Patch from Morrowind Nexus: http://www.nexusmods.com/morrowind/mods/19510/"
INFO:root:LOOT does not support message highlighting equivalent to mlox's blue highlighting, the following message will be treated as not highlighted: "A new version of "Water Life" is available, you should upgrade.
http://morrowind.nexusmods.com/mods/42417"
INFO:root:LOOT does not support message highlighting equivalent to mlox's blue highlighting, the following message will be treated as not highlighted: "There is a newer version of Kalamestari_69's "Welcome to the Arena!" available, 6.6.1
Download it from Morrowind Nexus - http://www.nexusmods.com/morrowind/mods/22002"
WARNING:root:The plugin name "Welcome to the Arena! v<VER>.esp" contains special characters and so is not valid as an "after" filename. It has been retained and is followed by entries for the following matching filenames: ['Welcome to the Arena! v5.5.esp', 'Welcome to the Arena! v6.0.esp', 'Welcome to the Arena! v6.1.esp', 'Welcome to the Arena! v6.2.esp', 'Welcome to the Arena! v6.3.esp', 'Welcome to the Arena! v6.4.esp', 'Welcome to the Arena! v6.5.esp', 'Welcome to the Arena! v6.6.esp', 'Welcome to the Arena! v6.7.esp']
INFO:root:LOOT does not support message highlighting equivalent to mlox's blue highlighting, the following message will be treated as not highlighted: "The McAsmod team recommend some changes to Morrowind.ini, see the readme file.
(Ref: werewolves_mod_readme.htm)"
INFO:root:LOOT does not support message highlighting equivalent to mlox's blue highlighting, the following message will be treated as not highlighted: "There is a new version of Aoimevelho's "Westly FCOT clothes in Tamriel Rebuilt". You should upgrade!
http://www.nexusmods.com/morrowind/mods/42652/"
INFO:root:LOOT does not support message highlighting equivalent to mlox's blue highlighting, the following message will be treated as not highlighted: "A new version of "Where Are All Birds Going?" is available, you should upgrade:
http://www.nexusmods.com/morrowind/mods/43128/"
INFO:root:LOOT does not support message highlighting equivalent to mlox's blue highlighting, the following message will be treated as not highlighted: "The latest version of "White Wolf of Lokken" is 2.1, which includes Children of Morrowind support and the "kiss patch". You may want to upgrade.
mlox can only guess which version of "White Wolf of Lokken" you are running based on the mod's file size. If you have altered version 2.1 (for instance cleaned it) then you will see this message.
Download "White Wolf of Lokken" from Emma's site - http://lovkullen.net/Emma/lokken.htm"
INFO:root:LOOT does not support message highlighting equivalent to mlox's blue highlighting, the following message will be treated as not highlighted: "There is a new version of The Puma Man's "Wilderness Mod" available, 2.1.
Download it from Morrowind Modding History - http://mw.modhistory.com/download-26-10045"
INFO:root:LOOT does not support message highlighting equivalent to mlox's blue highlighting, the following message will be treated as not highlighted: "There is a new version of Mr. C. Racer's "A Windmill for Pelagiad", 2.0.
Download the latest version from Morrowind Modding History - http://mw.modhistory.com/download-44-6555"
INFO:root:LOOT does not support message highlighting equivalent to mlox's blue highlighting, the following message will be treated as not highlighted: "abot has released a patched version of Colt17's "Windows Glow - Raven Rock": "If Windows Glow - Raven Rock Eng.esp by Colt17 does not work for you, you can try this replacer."
Download it as part of abot's "Windows Glow Expansion", from Morrowind Nexus - http://www.nexusmods.com/morrowind/mods/42271/
(Ref: "WindowsGlowExpansion1dot11-42271-1-11.7z\extras\readme.txt")"
INFO:root:Rule count: 7760, conversion failure count: 0
INFO:root:There are 0 globals and 4117 plugin entries in the masterlist
INFO:libloot.game:Attempting to create a game handle for game type "The Elder Scrolls III: Morrowind" with game path "."
