url	status	replacement	replacement_source	comment
http://cowguru.silgrad.com/downloads.html	DANGEROUS_HOSTNAME			
http://emma.ufrealms.net/index.php?dir=&file=BM_S_Inn.zip	DANGEROUS_HOSTNAME			
http://wiki.theassimilationlab.com/mmw/TES3cmd#Multipatch	DANGEROUS_HOSTNAME			
http://wiki.theassimilationlab.com/mmw/TESTool#Suggestions_for_use	DANGEROUS_HOSTNAME			
http://wolflore.net/viewtopic.php?f=15&t=2086&sid=cdfbf3957d2d88de3f2c5a4ccda2b76f	DANGEROUS_HOSTNAME			
http://wrye.ufrealms.net/LCV.html	DANGEROUS_HOSTNAME			
http://www.fileplanet.com/144267/140000/fileinfo/Music-Mod-v1.1	DANGEROUS_HOSTNAME			
http://www.fileplanet.com/167255/160000/fileinfo/Elder-Scrolls-III:-Morrowind---Silgrad-Tower-1-4_6-update	DANGEROUS_HOSTNAME			
http://www.ladymoiraine.com/forum/index.php?action=downloads	DANGEROUS_HOSTNAME			
http://www.mw.yacoby.net/Mods/VampireDoorsBugfix.htm	DANGEROUS_HOSTNAME			
http://www.ornitocopter.net/mo_wiki/index.php?title=Credits	DANGEROUS_HOSTNAME			
http://www.theassimilationlab.com/forums/files/file/1050-previous-patches-unofficial-morrowind-patch/	DANGEROUS_HOSTNAME			
http://z13.invisionfree.com/Pirate_Lords_Mods/index.php?showtopic=35	DANGEROUS_HOSTNAME			
http://arcimaestroantares.webs.com/antaresbigmod.htm	DEFUNCT_HOSTNAME	https://web.archive.org/web/20160905084506/http://arcimaestroantares.webs.com/antaresbigmod.htm	REQUEST	The DNS query errors.
http://baratheon79.rpgmods.com/	DEFUNCT_HOSTNAME	https://web.archive.org/web/20240904233239/http://www.baratheon79.rpgmods.com/	REQUEST	The DNS query errors.
http://canadianice.moddersrealm.com/	DEFUNCT_HOSTNAME	https://web.archive.org/web/20220801055908/http://canadianice.moddersrealm.com/	REQUEST	The DNS query errors.
http://dianahliva.com/morrowindmods.html	DEFUNCT_HOSTNAME	https://web.archive.org/web/20191022142259/http://dianahliva.com/morrowindmods.html	REQUEST	The DNS query errors.
http://download.fliggerty.com/download--11	DEFUNCT_HOSTNAME	https://web.archive.org/web/20161024230038/http://download.fliggerty.com/download--11	REQUEST	The request times out.
http://download.fliggerty.com/download--243	DEFUNCT_HOSTNAME	https://web.archive.org/web/20180509095322/http://download.fliggerty.com/download--243	REQUEST	The request times out.
http://download.fliggerty.com/download--334	DEFUNCT_HOSTNAME	https://web.archive.org/web/20160407201031/http://download.fliggerty.com/download--334	REQUEST	The request times out.
http://download.fliggerty.com/download--726	DEFUNCT_HOSTNAME	https://web.archive.org/web/20200202172030/http://download.fliggerty.com/download--726	REQUEST	The request times out.
http://download.fliggerty.com/download--852	DEFUNCT_HOSTNAME	https://web.archive.org/web/20210411160427/http://download.fliggerty.com/download--852	REQUEST	The request times out.
http://download.fliggerty.com/download--893	DEFUNCT_HOSTNAME	https://web.archive.org/web/20210805150631/https://download.fliggerty.com/download--893	REQUEST	The request times out.
http://download.fliggerty.com/download--894	DEFUNCT_HOSTNAME	https://web.archive.org/web/20201129013657/http://download.fliggerty.com/download--894	REQUEST	The request times out.
http://download.fliggerty.com/download-13-1079	DEFUNCT_HOSTNAME	https://web.archive.org/web/20210630050108/http://download.fliggerty.com/download-13-1079	REQUEST	The request times out.
http://download.fliggerty.com/download-13-726	DEFUNCT_HOSTNAME	https://web.archive.org/web/20210117181330/http://download.fliggerty.com/download-13-726	REQUEST	The request times out.
http://download.fliggerty.com/download-142-1199	DEFUNCT_HOSTNAME	https://web.archive.org/web/20191021171942/http://download.fliggerty.com/download-142-1199	REQUEST	The request times out.
http://download.fliggerty.com/download-15-940	DEFUNCT_HOSTNAME	https://web.archive.org/web/20210506011811/https://download.fliggerty.com/download-15-940	REQUEST	The request times out.
http://download.fliggerty.com/download-35-884	DEFUNCT_HOSTNAME	https://web.archive.org/web/20210630092201/http://download.fliggerty.com/download-35-884	REQUEST	The request times out.
http://download.fliggerty.com/download-76-1045	DEFUNCT_HOSTNAME	https://web.archive.org/web/20220912055730/http://download.fliggerty.com/download-76-1045	REQUEST	The request times out.
http://escf.rethan-manor.net/index.php?topic=2333.0	DEFUNCT_HOSTNAME	https://web.archive.org/web/20130910103235/http://escf.rethan-manor.net/index.php?topic=2333.0	REQUEST	The server responds with a 500 error page.
http://forums.bethsoft.com/index.php?/topic/1055283-merchant-from-aleannes-clothing-mod-issue/page__view__findpost__p__15313079	DEFUNCT_HOSTNAME	https://web.archive.org/web/20250910070437/http://forums.bethsoft.com/index.php?/topic/1055283-merchant-from-aleannes-clothing-mod-issue/page__view__findpost__p__15313079	REQUEST	Redirects to bethesda.net: the forums were taken offline in 2020.
http://forums.bethsoft.com/topic/1091351-alphawip-elemental-magicka/?p=16438396	DEFUNCT_HOSTNAME	https://web.archive.org/web/20200220101307/http://forums.bethsoft.com/topic/1091351-alphawip-elemental-magicka/?p=16438396	REQUEST	Redirects to bethesda.net: the forums were taken offline in 2020.
http://forums.bethsoft.com/topic/1098622-tamriel-rebuilt-script-error/page__view__findpost__p__16054878	DEFUNCT_HOSTNAME	https://web.archive.org/web/20200216163036/https://forums.bethsoft.com/topic/1098622-tamriel-rebuilt-script-error/page__view__findpost__p__16054878	REQUEST	Redirects to bethesda.net: the forums were taken offline in 2020.
http://forums.bethsoft.com/topic/1098622-tamriel-rebuilt-script-error/page__view__findpost__p__16055554	DEFUNCT_HOSTNAME	https://web.archive.org/web/20200216163037/https://forums.bethsoft.com/topic/1098622-tamriel-rebuilt-script-error/page__view__findpost__p__16055554	REQUEST	Redirects to bethesda.net: the forums were taken offline in 2020.
http://forums.bethsoft.com/topic/1114091-rel-water-level-fix/?p=18219328	DEFUNCT_HOSTNAME	https://web.archive.org/web/20200216051145/http://forums.bethsoft.com/topic/1114091-rel-water-level-fix/?p=18219328	REQUEST	Redirects to bethesda.net: the forums were taken offline in 2020.
http://forums.bethsoft.com/topic/1135344-problem-between-some-patch-mods/#entry16623781	DEFUNCT_HOSTNAME	https://web.archive.org/web/20200221045256/https://forums.bethsoft.com/topic/1135344-problem-between-some-patch-mods/	REQUEST	Redirects to bethesda.net: the forums were taken offline in 2020.
http://forums.bethsoft.com/topic/1167004-relz-mlox-a-tool-for-analyzing-and-sorting-your-load-order/page__view__findpost__p__20955404	DEFUNCT_HOSTNAME	https://web.archive.org/web/20200219135720/http://forums.bethsoft.com/topic/1167004-relz-mlox-a-tool-for-analyzing-and-sorting-your-load-order/page__view__findpost__p__20955404	REQUEST	Redirects to bethesda.net: the forums were taken offline in 2020.
http://forums.bethsoft.com/topic/1243048-error-in-antares-big-mod/?p=18872973	DEFUNCT_HOSTNAME	https://web.archive.org/web/20200226090309/https://forums.bethsoft.com/topic/1243048-error-in-antares-big-mod/?p=18872973	REQUEST	Redirects to bethesda.net: the forums were taken offline in 2020.
http://forums.bethsoft.com/topic/1305729-mod-recommendations-for-new-players/page-3#entry23136256	DEFUNCT_HOSTNAME	https://web.archive.org/web/20200213033826/http://forums.bethsoft.com/topic/1305729-mod-recommendations-for-new-players/page-3	REQUEST	Redirects to bethesda.net: the forums were taken offline in 2020.
http://forums.bethsoft.com/topic/1379566-relz-tamriel-rebuilt-sacred-east-10/page__view__findpost__p__20899639	DEFUNCT_HOSTNAME	https://web.archive.org/web/20200217003248/https://forums.bethsoft.com/topic/1379566-relz-tamriel-rebuilt-sacred-east-10/page__view__findpost__p__20899639	REQUEST	Redirects to bethesda.net: the forums were taken offline in 2020.
http://forums.bethsoft.com/topic/1379566-relz-tamriel-rebuilt-sacred-east-10/page__view__findpost__p__20903519	DEFUNCT_HOSTNAME	https://web.archive.org/web/20200216163038/https://forums.bethsoft.com/topic/1379566-relz-tamriel-rebuilt-sacred-east-10/page__view__findpost__p__20903519	REQUEST	Redirects to bethesda.net: the forums were taken offline in 2020.
http://forums.bethsoft.com/topic/1398805-relz-mlox-a-tool-for-analyzing-and-sorting-your-load-order/page__view__findpost__p__21680865	DEFUNCT_HOSTNAME	https://web.archive.org/web/20200216224901/http://forums.bethsoft.com/topic/1398805-relz-mlox-a-tool-for-analyzing-and-sorting-your-load-order/page__view__findpost__p__21680865	REQUEST	Redirects to bethesda.net: the forums were taken offline in 2020.
http://forums.bethsoft.com/topic/1464045-unofficial-morrowind-patch-thread-2/?p=22869629	DEFUNCT_HOSTNAME	https://web.archive.org/web/20200216225243/http://forums.bethsoft.com/topic/1464045-unofficial-morrowind-patch-thread-2/?p=22869629	REQUEST	Redirects to bethesda.net: the forums were taken offline in 2020.
http://forums.bethsoft.com/topic/1466182-is-anybody-having-luck-running-this-mod-obqsb/	DEFUNCT_HOSTNAME	https://web.archive.org/web/20200221053007/http://forums.bethsoft.com/topic/1466182-is-anybody-having-luck-running-this-mod-obqsb/	REQUEST	Redirects to bethesda.net: the forums were taken offline in 2020.
http://forums.bethsoft.com/topic/1484931-conflict-between-gcd-and-mcp-21/?p=23273977	DEFUNCT_HOSTNAME	https://web.archive.org/web/20200218161425/http://forums.bethsoft.com/topic/1484931-conflict-between-gcd-and-mcp-21/?p=23273977	REQUEST	Redirects to bethesda.net: the forums were taken offline in 2020.
http://forums.bethsoft.com/topic/1503413-mpp-and-umpp/?p=23684859	DEFUNCT_HOSTNAME	https://web.archive.org/web/20200216180614/http://forums.bethsoft.com/topic/1503413-mpp-and-umpp/?p=23684859	REQUEST	Redirects to bethesda.net: the forums were taken offline in 2020.
http://forums.bethsoft.com/topic/1507269-gold-has-weight-11-major-bug/	DEFUNCT_HOSTNAME	https://web.archive.org/web/20200220001417/http://forums.bethsoft.com/topic/1507269-gold-has-weight-11-major-bug/	REQUEST	Redirects to bethesda.net: the forums were taken offline in 2020.
http://forums.bethsoft.com/topic/1510617-giving-gold-weight/	DEFUNCT_HOSTNAME	https://web.archive.org/web/20200219173802/http://forums.bethsoft.com/topic/1510617-giving-gold-weight/	REQUEST	Redirects to bethesda.net: the forums were taken offline in 2020.
http://forums.bethsoft.com/topic/1513057-relz-morrowind-overhaul-sounds-graphics-30-thread-6/?p=23900746	DEFUNCT_HOSTNAME	https://web.archive.org/web/20200216224858/http://forums.bethsoft.com/topic/1513057-relz-morrowind-overhaul-sounds-graphics-30-thread-6/?p=23900746	REQUEST	Redirects to bethesda.net: the forums were taken offline in 2020.
http://forums.bethsoft.com/topic/1520674-errors-mao-help/?p=24038178	DEFUNCT_HOSTNAME	https://web.archive.org/web/20250808165805/http://forums.bethsoft.com/topic/1520674-errors-mao-help/?p=24038178	REQUEST	Redirects to bethesda.net: the forums were taken offline in 2020.
http://gmml.pbwiki.com/Mod+Conflicts	DEFUNCT_HOSTNAME	https://web.archive.org/web/20090205202218/http://gmml.pbwiki.com/Mod+Conflicts	REQUEST	Redirects to a hosting platform page saying the site does not exist.
http://morrgraphext.wiki.sourceforge.net/Change+Log	DEFUNCT_HOSTNAME	https://web.archive.org/web/20090806005145/http://morrgraphext.wiki.sourceforge.net/Change+Log	REQUEST	TLS negotation fails.
http://mw.modhistory.com/download--1203	DEFUNCT_HOSTNAME	https://web.archive.org/web/20130113012127/http://mw.modhistory.com/download--1203	REQUEST	The request times out.
http://mw.modhistory.com/download--12114	DEFUNCT_HOSTNAME	https://web.archive.org/web/20161103113246/http://mw.modhistory.com/download--12114	REQUEST	The request times out.
http://mw.modhistory.com/download--12174	DEFUNCT_HOSTNAME	https://web.archive.org/web/20221025210611/https://mw.modhistory.com/download--12174	REQUEST	The request times out.
http://mw.modhistory.com/download--12454	DEFUNCT_HOSTNAME	https://web.archive.org/web/20220912055714/https://mw.modhistory.com/download--12454	REQUEST	The request times out.
http://mw.modhistory.com/download--14634	DEFUNCT_HOSTNAME	https://web.archive.org/web/20180103142748/http://mw.modhistory.com/download--14634	REQUEST	The request times out.
http://mw.modhistory.com/download--15032	DEFUNCT_HOSTNAME	https://web.archive.org/web/20161103121705/http://mw.modhistory.com/download--15032	REQUEST	The request times out.
http://mw.modhistory.com/download--15033	DEFUNCT_HOSTNAME	https://web.archive.org/web/20161103121704/http://mw.modhistory.com/download--15033	REQUEST	The request times out.
http://mw.modhistory.com/download--15123	DEFUNCT_HOSTNAME	https://web.archive.org/web/20161103134052/http://mw.modhistory.com/download--15123	REQUEST	The request times out.
http://mw.modhistory.com/download--15169	DEFUNCT_HOSTNAME	https://web.archive.org/web/20161103133355/http://mw.modhistory.com/download--15169	REQUEST	The request times out.
http://mw.modhistory.com/download--1965	DEFUNCT_HOSTNAME	https://web.archive.org/web/20220726192727/https://mw.modhistory.com/download--1965	REQUEST	The request times out.
http://mw.modhistory.com/download--3101	DEFUNCT_HOSTNAME	https://web.archive.org/web/20161103130748/http://mw.modhistory.com/download--3101	REQUEST	The request times out.
http://mw.modhistory.com/download--3663	DEFUNCT_HOSTNAME	https://web.archive.org/web/20141203204906/http://mw.modhistory.com/download--3663	REQUEST	The request times out.
http://mw.modhistory.com/download--5545	DEFUNCT_HOSTNAME	https://web.archive.org/web/20161103165956/http://mw.modhistory.com/download--5545	REQUEST	The request times out.
http://mw.modhistory.com/download--5667	DEFUNCT_HOSTNAME	https://web.archive.org/web/20220805202241/https://mw.modhistory.com/download--5667	REQUEST	The request times out.
http://mw.modhistory.com/download--5773	DEFUNCT_HOSTNAME	https://web.archive.org/web/20161103132417/http://mw.modhistory.com/download--5773	REQUEST	The request times out.
http://mw.modhistory.com/download--5800	DEFUNCT_HOSTNAME	https://web.archive.org/web/20161103114007/http://mw.modhistory.com/download--5800	REQUEST	The request times out.
http://mw.modhistory.com/download--6317	DEFUNCT_HOSTNAME	https://web.archive.org/web/20161103140046/http://mw.modhistory.com/download--6317	REQUEST	The request times out.
http://mw.modhistory.com/download--6955	DEFUNCT_HOSTNAME	https://web.archive.org/web/20220729082200/https://mw.modhistory.com/download--6955	REQUEST	The request times out.
http://mw.modhistory.com/download--7971	DEFUNCT_HOSTNAME	https://web.archive.org/web/20161103113955/http://mw.modhistory.com/download--7971	REQUEST	The request times out.
http://mw.modhistory.com/download--9321	DEFUNCT_HOSTNAME	https://web.archive.org/web/20180103135812/http://mw.modhistory.com/download--9321	REQUEST	The request times out.
http://mw.modhistory.com/download-1-10446	DEFUNCT_HOSTNAME	https://web.archive.org/web/20161103152243/https://mw.modhistory.com/download-1-10446	INDEX	The request times out.
http://mw.modhistory.com/download-1-11736	DEFUNCT_HOSTNAME	https://web.archive.org/web/20161103152243/https://mw.modhistory.com/download-1-11736	INDEX	The request times out.
http://mw.modhistory.com/download-1-13506	DEFUNCT_HOSTNAME	https://web.archive.org/web/20161103152243/https://mw.modhistory.com/download-1-13506	INDEX	The request times out.
http://mw.modhistory.com/download-11-6546	DEFUNCT_HOSTNAME	https://web.archive.org/web/20161103152243/https://mw.modhistory.com/download-11-6546	INDEX	The request times out.
http://mw.modhistory.com/download-13-10927	DEFUNCT_HOSTNAME	https://web.archive.org/web/20161103152243/https://mw.modhistory.com/download-13-10927	INDEX	The request times out.
http://mw.modhistory.com/download-13-11921	DEFUNCT_HOSTNAME	https://web.archive.org/web/20161103152243/https://mw.modhistory.com/download-13-11921	INDEX	The request times out.
http://mw.modhistory.com/download-13-13281	DEFUNCT_HOSTNAME	https://web.archive.org/web/20161103152243/https://mw.modhistory.com/download-13-13281	INDEX	The request times out.
http://mw.modhistory.com/download-13-14917	DEFUNCT_HOSTNAME	https://web.archive.org/web/20161103152243/https://mw.modhistory.com/download-13-14917	INDEX	The request times out.
http://mw.modhistory.com/download-13-15386	DEFUNCT_HOSTNAME	https://web.archive.org/web/20161103152243/https://mw.modhistory.com/download-13-15386	INDEX	The request times out.
http://mw.modhistory.com/download-13-5019	DEFUNCT_HOSTNAME	https://web.archive.org/web/20161103152243/https://mw.modhistory.com/download-13-5019	INDEX	The request times out.
http://mw.modhistory.com/download-13-6445	DEFUNCT_HOSTNAME	https://web.archive.org/web/20161103152243/https://mw.modhistory.com/download-13-6445	INDEX	The request times out.
http://mw.modhistory.com/download-15-6248	DEFUNCT_HOSTNAME	https://web.archive.org/web/20220729082242/https://mw.modhistory.com/download-15-6248	REQUEST	The request times out.
http://mw.modhistory.com/download-21-14097	DEFUNCT_HOSTNAME	https://web.archive.org/web/20161022140953/http://mw.modhistory.com/download-21-14097	REQUEST	The request times out.
http://mw.modhistory.com/download-24-10661	DEFUNCT_HOSTNAME	https://web.archive.org/web/20161103152243/https://mw.modhistory.com/download-24-10661	INDEX	The request times out.
http://mw.modhistory.com/download-26-10045	DEFUNCT_HOSTNAME	https://web.archive.org/web/20161103132159/http://mw.modhistory.com/download-26-10045	REQUEST	The request times out.
http://mw.modhistory.com/download-26-11913	DEFUNCT_HOSTNAME	https://web.archive.org/web/20161103152243/https://mw.modhistory.com/download-26-11913	INDEX	The request times out.
http://mw.modhistory.com/download-26-13778	DEFUNCT_HOSTNAME	https://web.archive.org/web/20161103152243/https://mw.modhistory.com/download-26-13778	INDEX	The request times out.
http://mw.modhistory.com/download-31-2662	DEFUNCT_HOSTNAME	https://web.archive.org/web/20161103152243/https://mw.modhistory.com/download-31-2662	INDEX	The request times out.
http://mw.modhistory.com/download-31-2677	DEFUNCT_HOSTNAME	https://web.archive.org/web/20161103152243/https://mw.modhistory.com/download-31-2677	INDEX	The request times out.
http://mw.modhistory.com/download-31-6360	DEFUNCT_HOSTNAME	https://web.archive.org/web/20201112042347/http://mw.modhistory.com/download-31-6360	REQUEST	The request times out.
http://mw.modhistory.com/download-35-11767	DEFUNCT_HOSTNAME	https://web.archive.org/web/20221002000625/https://mw.modhistory.com/download-35-11767	REQUEST	The request times out.
http://mw.modhistory.com/download-35-15149	DEFUNCT_HOSTNAME	https://web.archive.org/web/20161103152243/https://mw.modhistory.com/download-35-15149	INDEX	The request times out.
http://mw.modhistory.com/download-37-15324	DEFUNCT_HOSTNAME	https://web.archive.org/web/20161103152243/https://mw.modhistory.com/download-37-15324	INDEX	The request times out.
http://mw.modhistory.com/download-37-2814	DEFUNCT_HOSTNAME	https://web.archive.org/web/20161103152243/https://mw.modhistory.com/download-37-2814	INDEX	The request times out.
http://mw.modhistory.com/download-4-1163	DEFUNCT_HOSTNAME	https://web.archive.org/web/20220726192723/https://mw.modhistory.com/download-4-1163	REQUEST	The request times out.
http://mw.modhistory.com/download-4-12572	DEFUNCT_HOSTNAME	https://web.archive.org/web/20161103152243/https://mw.modhistory.com/download-4-12572	INDEX	The request times out.
http://mw.modhistory.com/download-4-12777	DEFUNCT_HOSTNAME	https://web.archive.org/web/20161103152243/https://mw.modhistory.com/download-4-12777	INDEX	The request times out.
http://mw.modhistory.com/download-4-9683	DEFUNCT_HOSTNAME	https://web.archive.org/web/20161103152243/https://mw.modhistory.com/download-4-9683	INDEX	The request times out.
http://mw.modhistory.com/download-44-10227	DEFUNCT_HOSTNAME	https://web.archive.org/web/20180606204357/http://mw.modhistory.com/download-44-10227	REQUEST	The request times out.
http://mw.modhistory.com/download-44-10678	DEFUNCT_HOSTNAME	https://web.archive.org/web/20161103152243/https://mw.modhistory.com/download-44-10678	INDEX	The request times out.
http://mw.modhistory.com/download-44-11124	DEFUNCT_HOSTNAME	https://web.archive.org/web/20161103184718/http://mw.modhistory.com/download-44-11124	REQUEST	The request times out.
http://mw.modhistory.com/download-44-11514	DEFUNCT_HOSTNAME	https://web.archive.org/web/20210919214843/https://mw.modhistory.com/download-44-11514	REQUEST	The request times out.
http://mw.modhistory.com/download-44-11851	DEFUNCT_HOSTNAME	https://web.archive.org/web/20180606204406/http://mw.modhistory.com/download-44-11851	REQUEST	The request times out.
http://mw.modhistory.com/download-44-14307	DEFUNCT_HOSTNAME	https://web.archive.org/web/20161103152243/https://mw.modhistory.com/download-44-14307	INDEX	The request times out.
http://mw.modhistory.com/download-44-6536	DEFUNCT_HOSTNAME	https://web.archive.org/web/20161103152243/https://mw.modhistory.com/download-44-6536	INDEX	The request times out.
http://mw.modhistory.com/download-44-6991	DEFUNCT_HOSTNAME	https://web.archive.org/web/20220805191813/https://mw.modhistory.com/download-44-6991	REQUEST	The request times out.
http://mw.modhistory.com/download-46-11140	DEFUNCT_HOSTNAME	https://web.archive.org/web/20161103152243/https://mw.modhistory.com/download-46-11140	INDEX	The request times out.
http://mw.modhistory.com/download-48-3023	DEFUNCT_HOSTNAME	https://web.archive.org/web/20210820173411/https://mw.modhistory.com/download-48-3023	REQUEST	The request times out.
http://mw.modhistory.com/download-48-6992	DEFUNCT_HOSTNAME	https://web.archive.org/web/20161103152243/https://mw.modhistory.com/download-48-6992	INDEX	The request times out.
http://mw.modhistory.com/download-48-9934	DEFUNCT_HOSTNAME	https://web.archive.org/web/20161103152243/https://mw.modhistory.com/download-48-9934	INDEX	The request times out.
http://mw.modhistory.com/download-50-6822	DEFUNCT_HOSTNAME	https://web.archive.org/web/20161022160320/http://mw.modhistory.com/download-50-6822	REQUEST	The request times out.
http://mw.modhistory.com/download-51-12364	DEFUNCT_HOSTNAME	https://web.archive.org/web/20161103152243/https://mw.modhistory.com/download-51-12364	INDEX	The request times out.
http://mw.modhistory.com/download-51-6318	DEFUNCT_HOSTNAME	https://web.archive.org/web/20220805195826/https://mw.modhistory.com/download-51-6318	REQUEST	The request times out.
http://mw.modhistory.com/download-53-12399	DEFUNCT_HOSTNAME	https://web.archive.org/web/20161103152243/https://mw.modhistory.com/download-53-12399	INDEX	The request times out.
http://mw.modhistory.com/download-53-13012	DEFUNCT_HOSTNAME	https://web.archive.org/web/20141123065852/http://mw.modhistory.com/download-53-13012	REQUEST	The request times out.
http://mw.modhistory.com/download-53-6415	DEFUNCT_HOSTNAME	https://web.archive.org/web/20161103152243/https://mw.modhistory.com/download-53-6415	INDEX	The request times out.
http://mw.modhistory.com/download-53-6632	DEFUNCT_HOSTNAME	https://web.archive.org/web/20161103152243/https://mw.modhistory.com/download-53-6632	INDEX	The request times out.
http://mw.modhistory.com/download-53-6955	DEFUNCT_HOSTNAME	https://web.archive.org/web/20201111222316/http://mw.modhistory.com/download-53-6955	REQUEST	The request times out.
http://mw.modhistory.com/download-55-11485	DEFUNCT_HOSTNAME	https://web.archive.org/web/20161103152243/https://mw.modhistory.com/download-55-11485	INDEX	The request times out.
http://mw.modhistory.com/download-56-11340	DEFUNCT_HOSTNAME	https://web.archive.org/web/20161103152243/https://mw.modhistory.com/download-56-11340	INDEX	The request times out.
http://mw.modhistory.com/download-56-11953	DEFUNCT_HOSTNAME	https://web.archive.org/web/20161103152243/https://mw.modhistory.com/download-56-11953	INDEX	The request times out.
http://mw.modhistory.com/download-56-13889	DEFUNCT_HOSTNAME	https://web.archive.org/web/20161103125743/http://mw.modhistory.com/download-56-13889	REQUEST	The request times out.
http://mw.modhistory.com/download-56-14231	DEFUNCT_HOSTNAME	https://web.archive.org/web/20161103152243/https://mw.modhistory.com/download-56-14231	INDEX	The request times out.
http://mw.modhistory.com/download-56-14938	DEFUNCT_HOSTNAME	https://web.archive.org/web/20190617065757/http://mw.modhistory.com/download-56-14938	REQUEST	The request times out.
http://mw.modhistory.com/download-63-11516	DEFUNCT_HOSTNAME	https://web.archive.org/web/20161103152243/https://mw.modhistory.com/download-63-11516	INDEX	The request times out.
http://mw.modhistory.com/download-64-10389	DEFUNCT_HOSTNAME	https://web.archive.org/web/20180910220250/http://mw.modhistory.com/download-64-10389	REQUEST	The request times out.
http://mw.modhistory.com/download-64-12911	DEFUNCT_HOSTNAME	https://web.archive.org/web/20201111212647/http://mw.modhistory.com/download-64-12911	REQUEST	The request times out.
http://mw.modhistory.com/download-64-13704	DEFUNCT_HOSTNAME	https://web.archive.org/web/20161103152243/https://mw.modhistory.com/download-64-13704	INDEX	The request times out.
http://mw.modhistory.com/download-64-8454	DEFUNCT_HOSTNAME	https://web.archive.org/web/20161103152243/https://mw.modhistory.com/download-64-8454	INDEX	The request times out.
http://mw.modhistory.com/download-68-12728	DEFUNCT_HOSTNAME	https://web.archive.org/web/20161103152243/https://mw.modhistory.com/download-68-12728	INDEX	The request times out.
http://mw.modhistory.com/download-70-14656	DEFUNCT_HOSTNAME	https://web.archive.org/web/20161103152243/https://mw.modhistory.com/download-70-14656	INDEX	The request times out.
http://mw.modhistory.com/download-70-2258	DEFUNCT_HOSTNAME	https://web.archive.org/web/20161103152243/https://mw.modhistory.com/download-70-2258	INDEX	The request times out.
http://mw.modhistory.com/download-70-8710	DEFUNCT_HOSTNAME	https://web.archive.org/web/20161103152243/https://mw.modhistory.com/download-70-8710	INDEX	The request times out.
http://mw.modhistory.com/download-71-12566	DEFUNCT_HOSTNAME	https://web.archive.org/web/20220310160911/https://mw.modhistory.com/download-71-12566	REQUEST	The request times out.
http://mw.modhistory.com/download-76-14627	DEFUNCT_HOSTNAME	https://web.archive.org/web/20161103115112/http://mw.modhistory.com/download-76-14627	REQUEST	The request times out.
http://mw.modhistory.com/download-8-11605	DEFUNCT_HOSTNAME	https://web.archive.org/web/20220729082226/https://mw.modhistory.com/download-8-11605	REQUEST	The request times out.
http://mw.modhistory.com/download-8-7483	DEFUNCT_HOSTNAME	https://web.archive.org/web/20221120062833/https://mw.modhistory.com/download-8-7483	REQUEST	The request times out.
http://mw.modhistory.com/download-80-11007	DEFUNCT_HOSTNAME	https://web.archive.org/web/20161103152243/https://mw.modhistory.com/download-80-11007	INDEX	The request times out.
http://mw.modhistory.com/download-80-9183	DEFUNCT_HOSTNAME	https://web.archive.org/web/20201112023808/http://mw.modhistory.com/download-80-9183	REQUEST	The request times out.
http://mw.modhistory.com/download-87-14676	DEFUNCT_HOSTNAME	https://web.archive.org/web/20161103152243/https://mw.modhistory.com/download-87-14676	INDEX	The request times out.
http://mw.modhistory.com/download-87-15410	DEFUNCT_HOSTNAME	https://web.archive.org/web/20161103152243/https://mw.modhistory.com/download-87-15410	INDEX	The request times out.
http://mw.modhistory.com/download-87-5625	DEFUNCT_HOSTNAME	https://web.archive.org/web/20161103152243/https://mw.modhistory.com/download-87-5625	INDEX	The request times out.
http://mw.modhistory.com/download-90-10996	DEFUNCT_HOSTNAME	https://web.archive.org/web/20161103152243/https://mw.modhistory.com/download-90-10996	INDEX	The request times out.
http://mw.modhistory.com/download-90-11436	DEFUNCT_HOSTNAME	https://web.archive.org/web/20161103152243/https://mw.modhistory.com/download-90-11436	INDEX	The request times out.
http://mw.modhistory.com/download-90-11600	DEFUNCT_HOSTNAME	https://web.archive.org/web/20161103152243/https://mw.modhistory.com/download-90-11600	INDEX	The request times out.
http://mw.modhistory.com/download-90-12647	DEFUNCT_HOSTNAME	https://web.archive.org/web/20161103152243/https://mw.modhistory.com/download-90-12647	INDEX	The request times out.
http://mw.modhistory.com/download-90-13208	DEFUNCT_HOSTNAME	https://web.archive.org/web/20161103152243/https://mw.modhistory.com/download-90-13208	INDEX	The request times out.
http://mw.modhistory.com/download-90-13337	DEFUNCT_HOSTNAME	https://web.archive.org/web/20161103152243/https://mw.modhistory.com/download-90-13337	INDEX	The request times out.
http://mw.modhistory.com/download-90-13869	DEFUNCT_HOSTNAME	https://web.archive.org/web/20161103152243/https://mw.modhistory.com/download-90-13869	INDEX	The request times out.
http://mw.modhistory.com/download-90-14007	DEFUNCT_HOSTNAME	https://web.archive.org/web/20161103152243/https://mw.modhistory.com/download-90-14007	INDEX	The request times out.
http://mw.modhistory.com/download-90-14308	DEFUNCT_HOSTNAME	https://web.archive.org/web/20161103152243/https://mw.modhistory.com/download-90-14308	INDEX	The request times out.
http://mw.modhistory.com/download-90-459	DEFUNCT_HOSTNAME	https://web.archive.org/web/20161103152243/https://mw.modhistory.com/download-90-459	INDEX	The request times out.
http://mw.modhistory.com/download-90-6153	DEFUNCT_HOSTNAME	https://web.archive.org/web/20161103152243/https://mw.modhistory.com/download-90-6153	INDEX	The request times out.
http://mw.modhistory.com/download-90-6521	DEFUNCT_HOSTNAME	https://web.archive.org/web/20161103152243/https://mw.modhistory.com/download-90-6521	INDEX	The request times out.
http://mw.modhistory.com/download-90-6583	DEFUNCT_HOSTNAME	https://web.archive.org/web/20161103152243/https://mw.modhistory.com/download-90-6583	INDEX	The request times out.
http://mw.modhistory.com/download-90-6756	DEFUNCT_HOSTNAME	https://web.archive.org/web/20161103152243/https://mw.modhistory.com/download-90-6756	INDEX	The request times out.
http://mw.modhistory.com/download-90-8153	DEFUNCT_HOSTNAME	https://web.archive.org/web/20161103152243/https://mw.modhistory.com/download-90-8153	INDEX	The request times out.
http://mw.modhistory.com/download-98-10789	DEFUNCT_HOSTNAME	https://web.archive.org/web/20161103152243/https://mw.modhistory.com/download-98-10789	INDEX	The request times out.
http://mw.modhistory.com/download-98-12736	DEFUNCT_HOSTNAME	https://web.archive.org/web/20161103152243/https://mw.modhistory.com/download-98-12736	INDEX	The request times out.
http://mw.modhistory.com/download-98-3279	DEFUNCT_HOSTNAME	https://web.archive.org/web/20201112013544/http://mw.modhistory.com/download-98-3279	REQUEST	The request times out.
http://planetelderscrolls.gamespy.com/View.php?view=Mods.Detail&id=1123	DEFUNCT_HOSTNAME	https://web.archive.org/web/20080917013312/http://planetelderscrolls.gamespy.com/View.php?view=Mods.Detail&id=1123	REQUEST	The server responds with a 403 error page.
http://planetelderscrolls.gamespy.com/View.php?view=Mods.Detail&id=130	DEFUNCT_HOSTNAME	https://web.archive.org/web/20080916185008/http://planetelderscrolls.gamespy.com/View.php?view=Mods.Detail&id=130	REQUEST	The server responds with a 403 error page.
http://planetelderscrolls.gamespy.com/View.php?view=Mods.Detail&id=1455	DEFUNCT_HOSTNAME	https://web.archive.org/web/20121028083950/http://planetelderscrolls.gamespy.com/View.php?view=Mods.Detail&id=1455	REQUEST	The server responds with a 403 error page.
http://planetelderscrolls.gamespy.com/View.php?view=Mods.Detail&id=1768	DEFUNCT_HOSTNAME	https://web.archive.org/web/20080917013508/http://planetelderscrolls.gamespy.com/View.php?view=Mods.Detail&id=1768	REQUEST	The server responds with a 403 error page.
http://planetelderscrolls.gamespy.com/View.php?view=Mods.Detail&id=3404	DEFUNCT_HOSTNAME	https://web.archive.org/web/20080624040752/http://planetelderscrolls.gamespy.com/View.php?view=Mods.Detail&id=3404	REQUEST	The server responds with a 403 error page.
http://planetelderscrolls.gamespy.com/View.php?view=Mods.Detail&id=5409	DEFUNCT_HOSTNAME	https://web.archive.org/web/20081009080942/http://planetelderscrolls.gamespy.com/View.php?view=Mods.Detail&id=5409	MANUAL	The server responds with a 403 error page.
http://planetelderscrolls.gamespy.com/View.php?view=Mods.Detail&id=546	DEFUNCT_HOSTNAME	https://web.archive.org/web/20130307161135/http://planetelderscrolls.gamespy.com/View.php?view=Mods.Detail&id=546	REQUEST	The server responds with a 403 error page.
http://planetelderscrolls.gamespy.com/View.php?view=Mods.Detail&id=5607	DEFUNCT_HOSTNAME	https://web.archive.org/web/20120808192354/http://planetelderscrolls.gamespy.com/View.php?view=Mods.Detail&id=5607	MANUAL	The server responds with a 403 error page.
http://planetelderscrolls.gamespy.com/View.php?view=Mods.Detail&id=5892	DEFUNCT_HOSTNAME	https://web.archive.org/web/20111220105227/http://planetelderscrolls.gamespy.com/View.php?view=Mods.Detail&id=5892	MANUAL	The server responds with a 403 error page.
http://planetelderscrolls.gamespy.com/View.php?view=Mods.Detail&id=6581	DEFUNCT_HOSTNAME	https://web.archive.org/web/20130628101504/http://planetelderscrolls.gamespy.com/View.php?view=mods.detail&id=6581	MANUAL	The server responds with a 403 error page.
http://planetelderscrolls.gamespy.com/View.php?view=Mods.Detail&id=6616	DEFUNCT_HOSTNAME	https://web.archive.org/web/20110911053737/http://planetelderscrolls.gamespy.com/View.php?view=Mods.Detail&id=6616	MANUAL	The server responds with a 403 error page.
http://planetelderscrolls.gamespy.com/View.php?view=Mods.Detail&id=8304	DEFUNCT_HOSTNAME	https://web.archive.org/web/20131023200344/http://planetelderscrolls.gamespy.com/View.php?view=Mods.Detail&id=8304	REQUEST	The server responds with a 403 error page.
http://planetelderscrolls.gamespy.com/View.php?view=Mods.Detail&id=8380	DEFUNCT_HOSTNAME	https://web.archive.org/web/20140703133330/http://planetelderscrolls.gamespy.com/View.php?view=Mods.Detail&id=8380	MANUAL	The server responds with a 403 error page.
http://planetelderscrolls.gamespy.com/View.php?view=Mods.Detail&id=8634	DEFUNCT_HOSTNAME	https://web.archive.org/web/20100924060014/http://planetelderscrolls.gamespy.com/View.php?view=Mods.Detail&id=8634	REQUEST	The server responds with a 403 error page.
http://planetelderscrolls.gamespy.com/View.php?view=mods.detail&id=735	DEFUNCT_HOSTNAME	https://web.archive.org/web/20090509214611/http://planetelderscrolls.gamespy.com/View.php?view=mods.detail&id=735	REQUEST	The server responds with a 403 error page.
http://static-2.nexusmods.com/15/mods/100/images/30236-1-1267397842.jpg	DEFUNCT_HOSTNAME	https://web.archive.org/web/20141123052625/http://static-2.nexusmods.com/15/mods/100/images/30236-1-1267397842.jpg	REQUEST	The server responds with a Cloudflare error 1016 page.
http://static-2.nexusmods.com/15/mods/100/images/42119-1-1336146863.jpg	DEFUNCT_HOSTNAME	https://web.archive.org/web/20151026191842/http://static-2.nexusmods.com/15/mods/100/images/42119-1-1336146863.jpg	REQUEST	The server responds with a Cloudflare error 1016 page.
http://webpages.charter.net/manauser/morrowind/	DEFUNCT_HOSTNAME	https://web.archive.org/web/20180618134552/http://webpages.charter.net/manauser/morrowind/	REQUEST	The request times out.
http://webpages.charter.net/manauser/morrowind/#gherb	DEFUNCT_HOSTNAME	https://web.archive.org/web/20180618134552/http://webpages.charter.net/manauser/morrowind/	REQUEST	The request times out.
http://webpages.charter.net/manauser/morrowind/#goldw	DEFUNCT_HOSTNAME	https://web.archive.org/web/20180618134552/http://webpages.charter.net/manauser/morrowind/	REQUEST	The request times out.
http://webpages.charter.net/manauser/morrowind/#minimods	DEFUNCT_HOSTNAME	https://web.archive.org/web/20180618134552/http://webpages.charter.net/manauser/morrowind/	REQUEST	The request times out.
http://www.angelfire.com/folk/joesfaithweb/Morrowind.htm	DEFUNCT_HOSTNAME	https://web.archive.org/web/20190725163019/http://www.angelfire.com/folk/joesfaithweb/Morrowind.htm	REQUEST	The request times out.
http://www.angelfire.com/rpg2/mad_weather/potions.htm	DEFUNCT_HOSTNAME	https://web.archive.org/web/20200128235044/http://www.angelfire.com/rpg2/mad_weather/potions.htm	REQUEST	The request times out.
http://www.angelfire.com/rpg2/mad_weather/smallimp.htm	DEFUNCT_HOSTNAME	https://web.archive.org/web/20250915091037/https://www.angelfire.com/rpg2/mad_weather/smallimp.htm	REQUEST	The request times out.
http://www.fliggerty.com/phpBB3/viewtopic.php?f=28&t=5764	DEFUNCT_HOSTNAME	https://web.archive.org/web/20220726191504/http://www.fliggerty.com/phpBB3/viewtopic.php?f=28&t=5764	REQUEST	The request times out.
http://www.fliggerty.com/phpBB3/viewtopic.php?style=5&f=9&t=5734	DEFUNCT_HOSTNAME	https://web.archive.org/web/20220703015353/http://www.fliggerty.com/phpBB3/viewtopic.php?style=5&f=9&t=5734	REQUEST	The request times out.
http://www.freewebs.com/glassboy/dialogfocus.htm	DEFUNCT_HOSTNAME	https://web.archive.org/web/20121013203257/http://www.freewebs.com/glassboy/dialogfocus.htm	MANUAL	Redirects to a hosting platform page saying the site does not exist.
http://www.freewebs.com/mode_locrian/herbalismredux.htm	DEFUNCT_HOSTNAME	https://web.archive.org/web/20100909192727/http://www.freewebs.com/mode_locrian/herbalismredux.htm	REQUEST	Redirects to a hosting platform page saying the site does not exist.
http://www.freewebs.com/slartibartfast1/downloads.htm	DEFUNCT_HOSTNAME	https://web.archive.org/web/20180207161430/http://www.freewebs.com/slartibartfast1/downloads.htm	REQUEST	Redirects to a hosting platform page saying the site does not exist.
http://www.morrowind4kids.com/pseronwyrd/PW_Redesigned_Vivec-Vivec_Expansion.zip	DEFUNCT_HOSTNAME	https://web.archive.org/web/20141120195550/http://www.morrowind4kids.com/pseronwyrd/PW_Redesigned_Vivec-Vivec_Expansion.zip	REQUEST	The DNS query errors.
http://www.pirates.retreat.btinternet.co.uk/Sounds.htm	DEFUNCT_HOSTNAME	https://web.archive.org/web/20121130224249/http://www.pirates.retreat.btinternet.co.uk/Sounds.htm	REQUEST	The request times out.
http://www.pirates.retreat.btinternet.co.uk/Vivec.htm	DEFUNCT_HOSTNAME	https://web.archive.org/web/20121130191555/http://www.pirates.retreat.btinternet.co.uk/Vivec.htm	REQUEST	The request times out.
http://www3.telus.net/public/xereau/BigMod2%20v2.0%20RELEASE.rar	DEFUNCT_HOSTNAME	https://web.archive.org/web/20080511190119/http://www3.telus.net/public/xereau/BigMod2%20v2.0%20RELEASE.rar	REQUEST	The request times out.
http://btb2.free.fr/morrowind.html	DEFUNCT_ARCHIVED_404	http://web.archive.org/web/20171001213519/http://btb2.free.fr/morrowind.html 	MANUAL	404s.
http://forums.bethsoft.com/topic/1494048-relz-morrowind-comes-alive-v80/?p=23915533	DEFUNCT_ARCHIVED_404			Redirects to bethesda.net: the forums were taken offline in 2020.
http://forums.nexusmods.com/index.php?/topic/1910539-smart-crosshair/?p=16577309	DEFUNCT_ARCHIVED_404	https://web.archive.org/web/20141203204845/http://forums.nexusmods.com/index.php?/topic/1910539-smart-crosshair/#entry16577309	MANUAL	404s.
http://home.earthlink.net/~andoreth/	DEFUNCT_ARCHIVED_404	http://web.archive.org/web/20180506222622/http://home.earthlink.net/~andoreth/	MANUAL	The DNS query errors.
http://planetelderscrolls.gamespy.com/View.php?view=Mods.Detail&id=157	DEFUNCT_ARCHIVED_404	http://web.archive.org/web/20111223145430/http://planetelderscrolls.gamespy.com/View.php?view=Mods.Detail&id=157	MANUAL	The server responds with a 403 error page.
http://download.fliggerty.com/download-53-704	DEFUNCT_NOT_ARCHIVED			The request times out.
http://escf.rethan-manor.net/index.php?topic=2065.msg21592#msg21592	DEFUNCT_NOT_ARCHIVED			The server responds with a 500 error page.
http://forums.bethsoft.com/?showtopic=1035923	DEFUNCT_NOT_ARCHIVED			Redirects to bethesda.net: the forums were taken offline in 2020.
http://forums.bethsoft.com/index.php?/topic/1060060-the-underground-2-patch-project/	DEFUNCT_NOT_ARCHIVED			Redirects to bethesda.net: the forums were taken offline in 2020.
http://forums.bethsoft.com/index.php?/topic/1083121-relz-mlox-a-tool-for-analyzing-and-sorting-your-load-order/page__view__findpost__p__15859457	DEFUNCT_NOT_ARCHIVED			Redirects to bethesda.net: the forums were taken offline in 2020.
http://forums.bethsoft.com/index.php?/topic/1083121-relz-mlox-a-tool-for-analyzing-and-sorting-your-load-order/page__view__findpost__p__16053177	DEFUNCT_NOT_ARCHIVED			Redirects to bethesda.net: the forums were taken offline in 2020.
http://forums.bethsoft.com/index.php?/topic/1083121-relz-mlox-a-tool-for-analyzing-and-sorting-your-load-order/page__view__findpost__p__17171911	DEFUNCT_NOT_ARCHIVED			Redirects to bethesda.net: the forums were taken offline in 2020.
http://forums.bethsoft.com/index.php?/topic/1107451-trapped-by-mwe/page__view__findpost__p__16233656	DEFUNCT_NOT_ARCHIVED			Redirects to bethesda.net: the forums were taken offline in 2020.
http://forums.bethsoft.com/index.php?/topic/1120044-gcd-error-message/page__view__findpost__p__16467760	DEFUNCT_NOT_ARCHIVED			Redirects to bethesda.net: the forums were taken offline in 2020.
http://forums.bethsoft.com/index.php?/topic/1167004-relz-mlox-a-tool-for-analyzing-and-sorting-your-load-order/page__view__findpost__p__17414153	DEFUNCT_NOT_ARCHIVED			Redirects to bethesda.net: the forums were taken offline in 2020.
http://forums.bethsoft.com/index.php?/topic/794715-comprehensive-bugfix-mods-catalogfaq/	DEFUNCT_NOT_ARCHIVED			Redirects to bethesda.net: the forums were taken offline in 2020.
http://forums.bethsoft.com/index.php?/topic/847583-relz-the-undead-v30/page__st__60__p__15461806&#entry15461806	DEFUNCT_NOT_ARCHIVED			Redirects to bethesda.net: the forums were taken offline in 2020.
http://forums.bethsoft.com/topic/1034477-rel-the-sable-dragon/?p=25270234	DEFUNCT_NOT_ARCHIVED			Redirects to bethesda.net: the forums were taken offline in 2020.
http://forums.bethsoft.com/topic/1041190-beta-relz-morrowind-patch-project-165-beta/?p=15974266	DEFUNCT_NOT_ARCHIVED			Redirects to bethesda.net: the forums were taken offline in 2020.
http://forums.bethsoft.com/topic/1058604-conflicting-mods-suran-underworld-25-dark-brotherhood-armor-replacer/?p=16333098	DEFUNCT_NOT_ARCHIVED			Redirects to bethesda.net: the forums were taken offline in 2020.
http://forums.bethsoft.com/topic/1086703-goty-script-tidy/?p=16625185	DEFUNCT_NOT_ARCHIVED			Redirects to bethesda.net: the forums were taken offline in 2020.
http://forums.bethsoft.com/topic/1118289-relz-ob-style-quivers-and-sheathing-bows-for-morrowind/?p=16435065	DEFUNCT_NOT_ARCHIVED			Redirects to bethesda.net: the forums were taken offline in 2020.
http://forums.bethsoft.com/topic/1140559-smartmerger/?p=18223850	DEFUNCT_NOT_ARCHIVED			Redirects to bethesda.net: the forums were taken offline in 2020.
http://forums.bethsoft.com/topic/1167004-relz-mlox-a-tool-for-analyzing-and-sorting-your-load-order/page__view__findpost__p__19352031	DEFUNCT_NOT_ARCHIVED			Redirects to bethesda.net: the forums were taken offline in 2020.
http://forums.bethsoft.com/topic/1167004-relz-mlox-a-tool-for-analyzing-and-sorting-your-load-order/page__view__findpost__p__20121847	DEFUNCT_NOT_ARCHIVED			Redirects to bethesda.net: the forums were taken offline in 2020.
http://forums.bethsoft.com/topic/1167004-relz-mlox-a-tool-for-analyzing-and-sorting-your-load-order/page__view__findpost__p__20205486	DEFUNCT_NOT_ARCHIVED			Redirects to bethesda.net: the forums were taken offline in 2020.
http://forums.bethsoft.com/topic/1208216-relz-suran-underworld-3/?p=18065553	DEFUNCT_NOT_ARCHIVED			Redirects to bethesda.net: the forums were taken offline in 2020.
http://forums.bethsoft.com/topic/1215570-is-there-an-official-mod-confliction-thread/?p=18215928	DEFUNCT_NOT_ARCHIVED			Redirects to bethesda.net: the forums were taken offline in 2020.
http://forums.bethsoft.com/topic/1215570-is-there-an-official-mod-confliction-thread/?p=18215985	DEFUNCT_NOT_ARCHIVED			Redirects to bethesda.net: the forums were taken offline in 2020.
http://forums.bethsoft.com/topic/1330818-wiprel-elemental-magicka-ii/?p=22989328	DEFUNCT_NOT_ARCHIVED			Redirects to bethesda.net: the forums were taken offline in 2020.
http://forums.bethsoft.com/topic/1374445-problem-with-renting-beds/?p=20784637	DEFUNCT_NOT_ARCHIVED			Redirects to bethesda.net: the forums were taken offline in 2020.
http://forums.bethsoft.com/topic/1376740-relz-morrowind-comes-alive-70/page__view__findpost__p__20881423	DEFUNCT_NOT_ARCHIVED			Redirects to bethesda.net: the forums were taken offline in 2020.
http://forums.bethsoft.com/topic/1398805-relz-mlox-a-tool-for-analyzing-and-sorting-your-load-order/?p=21698623	DEFUNCT_NOT_ARCHIVED			Redirects to bethesda.net: the forums were taken offline in 2020.
http://forums.bethsoft.com/topic/1398805-relz-mlox-a-tool-for-analyzing-and-sorting-your-load-order/?p=22907825	DEFUNCT_NOT_ARCHIVED			Redirects to bethesda.net: the forums were taken offline in 2020.
http://forums.bethsoft.com/topic/1398805-relz-mlox-a-tool-for-analyzing-and-sorting-your-load-order/?p=22922747	DEFUNCT_NOT_ARCHIVED			Redirects to bethesda.net: the forums were taken offline in 2020.
http://forums.bethsoft.com/topic/1398805-relz-mlox-a-tool-for-analyzing-and-sorting-your-load-order/?p=23205502	DEFUNCT_NOT_ARCHIVED			Redirects to bethesda.net: the forums were taken offline in 2020.
http://forums.bethsoft.com/topic/1402028-silgrad-tower/?p=21351297	DEFUNCT_NOT_ARCHIVED			Redirects to bethesda.net: the forums were taken offline in 2020.
http://forums.bethsoft.com/topic/1410482-house-hlaalu-mods/page__p__21530992#entry21530992	DEFUNCT_NOT_ARCHIVED			Redirects to bethesda.net: the forums were taken offline in 2020.
http://forums.bethsoft.com/topic/1414876-zarkons-gonna-start-playing-morrowind-mod-research/page__view__findpost__p__21626638	DEFUNCT_NOT_ARCHIVED			Redirects to bethesda.net: the forums were taken offline in 2020.
http://forums.bethsoft.com/topic/1439244-the-mod-discovery-thread/?p=22148167	DEFUNCT_NOT_ARCHIVED			Redirects to bethesda.net: the forums were taken offline in 2020.
http://forums.bethsoft.com/topic/1452352-rel-the-tea-mod/?p=22959363	DEFUNCT_NOT_ARCHIVED			Redirects to bethesda.net: the forums were taken offline in 2020.
http://forums.bethsoft.com/topic/1463732-hollaajiths-tweaks-and-fixes/page-3#entry23418808	DEFUNCT_NOT_ARCHIVED			Redirects to bethesda.net: the forums were taken offline in 2020.
http://forums.bethsoft.com/topic/1469676-relz-morrowind-rebirth/?p=23275763	DEFUNCT_NOT_ARCHIVED			Redirects to bethesda.net: the forums were taken offline in 2020.
http://forums.bethsoft.com/topic/1472233-ideapossible-wip-dh-furn-expansion-discussion/?p=23626043	DEFUNCT_NOT_ARCHIVED			Redirects to bethesda.net: the forums were taken offline in 2020.
http://forums.bethsoft.com/topic/1473350-crash-when-using-unique-jewelry-morrowind-patch/?p=23003270	DEFUNCT_NOT_ARCHIVED			Redirects to bethesda.net: the forums were taken offline in 2020.
http://forums.bethsoft.com/topic/1481668-rel-uviriths-legacy-32/?p=23585678	DEFUNCT_NOT_ARCHIVED			Redirects to bethesda.net: the forums were taken offline in 2020.
http://forums.bethsoft.com/topic/1482710-repairing-the-cogs-of-morrowind-30-mcp/?p=23321951	DEFUNCT_NOT_ARCHIVED			Redirects to bethesda.net: the forums were taken offline in 2020.
http://forums.bethsoft.com/topic/1486753-relz-mistletoe-manor-13/?p=23316204	DEFUNCT_NOT_ARCHIVED			Redirects to bethesda.net: the forums were taken offline in 2020.
http://forums.bethsoft.com/topic/1487854-relz-mlox-analyze-and-sort-your-load-order/?p=23678035	DEFUNCT_NOT_ARCHIVED			Redirects to bethesda.net: the forums were taken offline in 2020.
http://forums.bethsoft.com/topic/1487854-relz-mlox-analyze-and-sort-your-load-order/?p=23678206	DEFUNCT_NOT_ARCHIVED			Redirects to bethesda.net: the forums were taken offline in 2020.
http://forums.bethsoft.com/topic/1493664-problem-with-nom3-mix-script-in-tel-mora-branwen-cell/?p=23466953	DEFUNCT_NOT_ARCHIVED			Redirects to bethesda.net: the forums were taken offline in 2020.
http://forums.bethsoft.com/topic/1495086-journeys-end/?p=23489878	DEFUNCT_NOT_ARCHIVED			Redirects to bethesda.net: the forums were taken offline in 2020.
http://forums.bethsoft.com/topic/1498128-rel-rayms-absolutely-aleatory-accoutrements-20/?p=23646232	DEFUNCT_NOT_ARCHIVED			Redirects to bethesda.net: the forums were taken offline in 2020.
http://forums.bethsoft.com/topic/1504990-relz-morrowind-overhaul-sounds-graphics-30-thread-5/?p=23818723	DEFUNCT_NOT_ARCHIVED			Redirects to bethesda.net: the forums were taken offline in 2020.
http://forums.bethsoft.com/topic/1506596-koranas-ascadian-rose-cottagenom-303-conflict/?p=23750317	DEFUNCT_NOT_ARCHIVED			Redirects to bethesda.net: the forums were taken offline in 2020.
http://forums.bethsoft.com/topic/1507969-morrowind-modding-showcases-2/?p=23789342	DEFUNCT_NOT_ARCHIVED			Redirects to bethesda.net: the forums were taken offline in 2020.
http://forums.bethsoft.com/topic/1509142-relz-mlox-analyze-and-sort-your-load-order/?p=24165234	DEFUNCT_NOT_ARCHIVED			Redirects to bethesda.net: the forums were taken offline in 2020.
http://forums.bethsoft.com/topic/1509142-relz-mlox-analyze-and-sort-your-load-order/?p=24214022	DEFUNCT_NOT_ARCHIVED			Redirects to bethesda.net: the forums were taken offline in 2020.
http://forums.bethsoft.com/topic/1509142-relz-mlox-analyze-and-sort-your-load-order/?p=24217352	DEFUNCT_NOT_ARCHIVED			Redirects to bethesda.net: the forums were taken offline in 2020.
http://forums.bethsoft.com/topic/1509142-relz-mlox-analyze-and-sort-your-load-order/?p=24254590	DEFUNCT_NOT_ARCHIVED			Redirects to bethesda.net: the forums were taken offline in 2020.
http://forums.bethsoft.com/topic/1510846-warning-for-lgnpc-aldruhn/?p=23836478	DEFUNCT_NOT_ARCHIVED			Redirects to bethesda.net: the forums were taken offline in 2020.
http://forums.bethsoft.com/topic/874116-relzchargen-revamped-v2/?p=15485709	DEFUNCT_NOT_ARCHIVED			Redirects to bethesda.net: the forums were taken offline in 2020.
http://forums.nexusmods.com/index.php?/topic/1037099-more-detailed-places-2013-feedback/?p=8722170	DEFUNCT_NOT_ARCHIVED			404s.
http://forums.nexusmods.com/index.php?/topic/1037099-more-detailed-places-2013-feedback/?p=8803296	DEFUNCT_NOT_ARCHIVED			404s.
http://forums.nexusmods.com/index.php?/topic/1100701-morrowind-jobs/?p=12067425	DEFUNCT_NOT_ARCHIVED			404s.
http://forums.nexusmods.com/index.php?/topic/1285587-solstheiml-tomb-of-the-snow-prince/?p=16495364	DEFUNCT_NOT_ARCHIVED			404s.
http://forums.nexusmods.com/index.php?/topic/1285587-solstheiml-tomb-of-the-snow-prince/?p=19428709	DEFUNCT_NOT_ARCHIVED			404s.
http://forums.nexusmods.com/index.php?/topic/1285587-solstheiml-tomb-of-the-snow-prince/?p=20299539	DEFUNCT_NOT_ARCHIVED			404s.
http://forums.nexusmods.com/index.php?/topic/1340498-epic-balmora/?p=17802254	DEFUNCT_NOT_ARCHIVED			404s.
http://forums.nexusmods.com/index.php?/topic/1498323-epic-ald-ruhn/?p=13156463	DEFUNCT_NOT_ARCHIVED			404s.
http://forums.nexusmods.com/index.php?/topic/152538-tel-nechim/?p=7720962	DEFUNCT_NOT_ARCHIVED			404s.
http://forums.nexusmods.com/index.php?/topic/1635508-mgso-3-doors-fix/?p=14119558	DEFUNCT_NOT_ARCHIVED			404s.
http://forums.nexusmods.com/index.php?/topic/1775570-holidays-across-tamriel-vvardenfell/?p=15517005	DEFUNCT_NOT_ARCHIVED			404s.
http://forums.nexusmods.com/index.php?/topic/1944044-tel-nechim-moved-version/?p=17352729	DEFUNCT_NOT_ARCHIVED			404s.
http://forums.nexusmods.com/index.php?/topic/1984414-imperial-presence/?p=23715994	DEFUNCT_NOT_ARCHIVED			404s.
http://forums.nexusmods.com/index.php?/topic/2429529-khajiit-greeting-fix/?p=23743974	DEFUNCT_NOT_ARCHIVED			404s.
http://forums.nexusmods.com/index.php?/topic/2429559-tribunal-temple-compassion-quest-fix/?p=23743709	DEFUNCT_NOT_ARCHIVED			404s.
http://forums.nexusmods.com/index.php?/topic/2672199-rr-mod-series-holamayan-monastery-replacer/?p=23525454	DEFUNCT_NOT_ARCHIVED			404s.
http://forums.nexusmods.com/index.php?/topic/2672199-rr-mod-series-holamayan-monastery-replacer/?p=29470707	DEFUNCT_NOT_ARCHIVED			404s.
http://forums.nexusmods.com/index.php?/topic/2812749-the-vvardenfell-libraries/#entry25760034	DEFUNCT_NOT_ARCHIVED			404s.
http://forums.nexusmods.com/index.php?/topic/2891584-love-in-the-time-of-daedra-v10/?p=25977594	DEFUNCT_NOT_ARCHIVED			404s.
http://forums.nexusmods.com/index.php?/topic/318922-morrowind-rebirth-beta/?p=25645554	DEFUNCT_NOT_ARCHIVED			404s.
http://forums.nexusmods.com/index.php?/topic/318922-morrowind-rebirth-beta/?p=27348969	DEFUNCT_NOT_ARCHIVED			404s.
http://forums.nexusmods.com/index.php?/topic/661754-daedric-sanctuary-fix/?p=24982719	DEFUNCT_NOT_ARCHIVED			404s.
http://forums.nexusmods.com/index.php?/topic/668121-mountainous-red-mountain/?p=13915773	DEFUNCT_NOT_ARCHIVED			404s.
http://forums.nexusmods.com/index.php?/topic/668121-mountainous-red-mountain/?p=8390298	DEFUNCT_NOT_ARCHIVED			404s.
http://forums.nexusmods.com/index.php?/topic/777499-new-seyda-neen/?p=19401164	DEFUNCT_NOT_ARCHIVED			404s.
http://forums.nexusmods.com/index.php?/topic/806063-silt-striders/?p=25238694	DEFUNCT_NOT_ARCHIVED			404s.
http://forums.nexusmods.com/index.php?/topic/867100-sotha-sil-expanded/?p=25110819	DEFUNCT_NOT_ARCHIVED			404s.
http://forums.nexusmods.com/index.php?/topic/880356-simple-balmora-house/?p=13132893	DEFUNCT_NOT_ARCHIVED			404s.
http://forums.nexusmods.com/index.php?/topic/977575-the-east-empire-company-expansion/?p=12720703	DEFUNCT_NOT_ARCHIVED			404s.
http://forums.nexusmods.com/index.php?/topic/977575-the-east-empire-company-expansion/?p=7991572	DEFUNCT_NOT_ARCHIVED			404s.
http://grotto.moddersrealm.com/index.php?action=downloads	DEFUNCT_NOT_ARCHIVED			The DNS query errors.
http://mw.modhistory.com/download--10511	DEFUNCT_NOT_ARCHIVED			The request times out.
http://mw.modhistory.com/download--11112	DEFUNCT_NOT_ARCHIVED			The request times out.
http://mw.modhistory.com/download--14242	DEFUNCT_NOT_ARCHIVED			The request times out.
http://mw.modhistory.com/download--15155	DEFUNCT_NOT_ARCHIVED			The request times out.
http://mw.modhistory.com/download--1942	DEFUNCT_NOT_ARCHIVED			The request times out.
http://mw.modhistory.com/download--2859	DEFUNCT_NOT_ARCHIVED			The request times out.
http://mw.modhistory.com/download--3483	DEFUNCT_NOT_ARCHIVED			The request times out.
http://mw.modhistory.com/download--4764	DEFUNCT_NOT_ARCHIVED			The request times out.
http://mw.modhistory.com/download--537	DEFUNCT_NOT_ARCHIVED			The request times out.
http://mw.modhistory.com/download--5560	DEFUNCT_NOT_ARCHIVED			The request times out.
http://mw.modhistory.com/download--5598	DEFUNCT_NOT_ARCHIVED			The request times out.
http://mw.modhistory.com/download--7195	DEFUNCT_NOT_ARCHIVED			The request times out.
http://mw.modhistory.com/download--8943	DEFUNCT_NOT_ARCHIVED			The request times out.
http://mw.modhistory.com/download-1-10831	DEFUNCT_NOT_ARCHIVED			The request times out.
http://mw.modhistory.com/download-1-12002	DEFUNCT_NOT_ARCHIVED			The request times out.
http://mw.modhistory.com/download-1-6470	DEFUNCT_NOT_ARCHIVED			The request times out.
http://mw.modhistory.com/download-106-15120	DEFUNCT_NOT_ARCHIVED			The request times out.
http://mw.modhistory.com/download-11-6629	DEFUNCT_NOT_ARCHIVED			The request times out.
http://mw.modhistory.com/download-13-10949	DEFUNCT_NOT_ARCHIVED			The request times out.
http://mw.modhistory.com/download-13-4950	DEFUNCT_NOT_ARCHIVED			The request times out.
http://mw.modhistory.com/download-15-11920	DEFUNCT_NOT_ARCHIVED			The request times out.
http://mw.modhistory.com/download-15-13418	DEFUNCT_NOT_ARCHIVED			The request times out.
http://mw.modhistory.com/download-18-11059	DEFUNCT_NOT_ARCHIVED			The request times out.
http://mw.modhistory.com/download-18-12898	DEFUNCT_NOT_ARCHIVED			The request times out.
http://mw.modhistory.com/download-20-8614	DEFUNCT_NOT_ARCHIVED			The request times out.
http://mw.modhistory.com/download-21-11329	DEFUNCT_NOT_ARCHIVED			The request times out.
http://mw.modhistory.com/download-21-11884	DEFUNCT_NOT_ARCHIVED			The request times out.
http://mw.modhistory.com/download-21-6975	DEFUNCT_NOT_ARCHIVED			The request times out.
http://mw.modhistory.com/download-26-10923	DEFUNCT_NOT_ARCHIVED			The request times out.
http://mw.modhistory.com/download-26-13962	DEFUNCT_NOT_ARCHIVED			The request times out.
http://mw.modhistory.com/download-26-5659	DEFUNCT_NOT_ARCHIVED			The request times out.
http://mw.modhistory.com/download-26-708	DEFUNCT_NOT_ARCHIVED			The request times out.
http://mw.modhistory.com/download-26-9345	DEFUNCT_NOT_ARCHIVED			The request times out.
http://mw.modhistory.com/download-31-325	DEFUNCT_NOT_ARCHIVED			The request times out.
http://mw.modhistory.com/download-35-11766	DEFUNCT_NOT_ARCHIVED			The request times out.
http://mw.modhistory.com/download-35-14381	DEFUNCT_NOT_ARCHIVED			The request times out.
http://mw.modhistory.com/download-37-10488	DEFUNCT_NOT_ARCHIVED			The request times out.
http://mw.modhistory.com/download-37-12192	DEFUNCT_NOT_ARCHIVED			The request times out.
http://mw.modhistory.com/download-37-13942	DEFUNCT_NOT_ARCHIVED			The request times out.
http://mw.modhistory.com/download-37-14254	DEFUNCT_NOT_ARCHIVED			The request times out.
http://mw.modhistory.com/download-37-3887	DEFUNCT_NOT_ARCHIVED			The request times out.
http://mw.modhistory.com/download-37-584	DEFUNCT_NOT_ARCHIVED			The request times out.
http://mw.modhistory.com/download-37-7919	DEFUNCT_NOT_ARCHIVED			The request times out.
http://mw.modhistory.com/download-37-891	DEFUNCT_NOT_ARCHIVED			The request times out.
http://mw.modhistory.com/download-4-10331	DEFUNCT_NOT_ARCHIVED			The request times out.
http://mw.modhistory.com/download-4-11912	DEFUNCT_NOT_ARCHIVED			The request times out.
http://mw.modhistory.com/download-4-12153	DEFUNCT_NOT_ARCHIVED			The request times out.
http://mw.modhistory.com/download-4-12317	DEFUNCT_NOT_ARCHIVED			The request times out.
http://mw.modhistory.com/download-4-12653	DEFUNCT_NOT_ARCHIVED			The request times out.
http://mw.modhistory.com/download-4-6235	DEFUNCT_NOT_ARCHIVED			The request times out.
http://mw.modhistory.com/download-42-7964	DEFUNCT_NOT_ARCHIVED			The request times out.
http://mw.modhistory.com/download-44-10798	DEFUNCT_NOT_ARCHIVED			The request times out.
http://mw.modhistory.com/download-44-11112	DEFUNCT_NOT_ARCHIVED			The request times out.
http://mw.modhistory.com/download-44-11621	DEFUNCT_NOT_ARCHIVED			The request times out.
http://mw.modhistory.com/download-44-13619	DEFUNCT_NOT_ARCHIVED			The request times out.
http://mw.modhistory.com/download-44-13805	DEFUNCT_NOT_ARCHIVED			The request times out.
http://mw.modhistory.com/download-44-5048	DEFUNCT_NOT_ARCHIVED			The request times out.
http://mw.modhistory.com/download-44-5583	DEFUNCT_NOT_ARCHIVED			The request times out.
http://mw.modhistory.com/download-44-6047	DEFUNCT_NOT_ARCHIVED			The request times out.
http://mw.modhistory.com/download-44-6220	DEFUNCT_NOT_ARCHIVED			The request times out.
http://mw.modhistory.com/download-44-6555	DEFUNCT_NOT_ARCHIVED			The request times out.
http://mw.modhistory.com/download-44-8975	DEFUNCT_NOT_ARCHIVED			The request times out.
http://mw.modhistory.com/download-45-10768	DEFUNCT_NOT_ARCHIVED			The request times out.
http://mw.modhistory.com/download-45-11922	DEFUNCT_NOT_ARCHIVED			The request times out.
http://mw.modhistory.com/download-45-14739	DEFUNCT_NOT_ARCHIVED			The request times out.
http://mw.modhistory.com/download-45-2643	DEFUNCT_NOT_ARCHIVED			The request times out.
http://mw.modhistory.com/download-45-3888	DEFUNCT_NOT_ARCHIVED			The request times out.
http://mw.modhistory.com/download-45-6175	DEFUNCT_NOT_ARCHIVED			The request times out.
http://mw.modhistory.com/download-45-6989	DEFUNCT_NOT_ARCHIVED			The request times out.
http://mw.modhistory.com/download-45-7172	DEFUNCT_NOT_ARCHIVED			The request times out.
http://mw.modhistory.com/download-47-10284	DEFUNCT_NOT_ARCHIVED			The request times out.
http://mw.modhistory.com/download-47-13155	DEFUNCT_NOT_ARCHIVED			The request times out.
http://mw.modhistory.com/download-47-13426	DEFUNCT_NOT_ARCHIVED			The request times out.
http://mw.modhistory.com/download-48-12134	DEFUNCT_NOT_ARCHIVED			The request times out.
http://mw.modhistory.com/download-48-12374	DEFUNCT_NOT_ARCHIVED			The request times out.
http://mw.modhistory.com/download-48-13625	DEFUNCT_NOT_ARCHIVED			The request times out.
http://mw.modhistory.com/download-48-6719	DEFUNCT_NOT_ARCHIVED			The request times out.
http://mw.modhistory.com/download-49-14798	DEFUNCT_NOT_ARCHIVED			The request times out.
http://mw.modhistory.com/download-50-7319	DEFUNCT_NOT_ARCHIVED			The request times out.
http://mw.modhistory.com/download-51-11496	DEFUNCT_NOT_ARCHIVED			The request times out.
http://mw.modhistory.com/download-51-1593	DEFUNCT_NOT_ARCHIVED			The request times out.
http://mw.modhistory.com/download-51-6493	DEFUNCT_NOT_ARCHIVED			The request times out.
http://mw.modhistory.com/download-53-13409	DEFUNCT_NOT_ARCHIVED			The request times out.
http://mw.modhistory.com/download-53-14181	DEFUNCT_NOT_ARCHIVED			The request times out.
http://mw.modhistory.com/download-53-6610	DEFUNCT_NOT_ARCHIVED			The request times out.
http://mw.modhistory.com/download-53-7082	DEFUNCT_NOT_ARCHIVED			The request times out.
http://mw.modhistory.com/download-53-9420	DEFUNCT_NOT_ARCHIVED			The request times out.
http://mw.modhistory.com/download-54-6184	DEFUNCT_NOT_ARCHIVED			The request times out.
http://mw.modhistory.com/download-55-12257	DEFUNCT_NOT_ARCHIVED			The request times out.
http://mw.modhistory.com/download-55-13678	DEFUNCT_NOT_ARCHIVED			The request times out.
http://mw.modhistory.com/download-55-13949	DEFUNCT_NOT_ARCHIVED			The request times out.
http://mw.modhistory.com/download-55-227	DEFUNCT_NOT_ARCHIVED			The request times out.
http://mw.modhistory.com/download-55-3030	DEFUNCT_NOT_ARCHIVED			The request times out.
http://mw.modhistory.com/download-55-3062	DEFUNCT_NOT_ARCHIVED			The request times out.
http://mw.modhistory.com/download-55-8704	DEFUNCT_NOT_ARCHIVED			The request times out.
http://mw.modhistory.com/download-56-10353	DEFUNCT_NOT_ARCHIVED			The request times out.
http://mw.modhistory.com/download-56-10392	DEFUNCT_NOT_ARCHIVED			The request times out.
http://mw.modhistory.com/download-56-10881	DEFUNCT_NOT_ARCHIVED			The request times out.
http://mw.modhistory.com/download-56-10943	DEFUNCT_NOT_ARCHIVED			The request times out.
http://mw.modhistory.com/download-56-12803	DEFUNCT_NOT_ARCHIVED			The request times out.
http://mw.modhistory.com/download-56-13139	DEFUNCT_NOT_ARCHIVED			The request times out.
http://mw.modhistory.com/download-56-13200	DEFUNCT_NOT_ARCHIVED			The request times out.
http://mw.modhistory.com/download-56-4610	DEFUNCT_NOT_ARCHIVED			The request times out.
http://mw.modhistory.com/download-56-4635	DEFUNCT_NOT_ARCHIVED			The request times out.
http://mw.modhistory.com/download-56-7297	DEFUNCT_NOT_ARCHIVED			The request times out.
http://mw.modhistory.com/download-64-14084	DEFUNCT_NOT_ARCHIVED			The request times out.
http://mw.modhistory.com/download-64-14085	DEFUNCT_NOT_ARCHIVED			The request times out.
http://mw.modhistory.com/download-64-8844	DEFUNCT_NOT_ARCHIVED			The request times out.
http://mw.modhistory.com/download-65-14559	DEFUNCT_NOT_ARCHIVED			The request times out.
http://mw.modhistory.com/download-68-11075	DEFUNCT_NOT_ARCHIVED			The request times out.
http://mw.modhistory.com/download-68-5571	DEFUNCT_NOT_ARCHIVED			The request times out.
http://mw.modhistory.com/download-69-13876	DEFUNCT_NOT_ARCHIVED			The request times out.
http://mw.modhistory.com/download-7-13337	DEFUNCT_NOT_ARCHIVED			The request times out.
http://mw.modhistory.com/download-7-5867	DEFUNCT_NOT_ARCHIVED			The request times out.
http://mw.modhistory.com/download-7-6828	DEFUNCT_NOT_ARCHIVED			The request times out.
http://mw.modhistory.com/download-70-1253	DEFUNCT_NOT_ARCHIVED			The request times out.
http://mw.modhistory.com/download-70-2216	DEFUNCT_NOT_ARCHIVED			The request times out.
http://mw.modhistory.com/download-71-4642	DEFUNCT_NOT_ARCHIVED			The request times out.
http://mw.modhistory.com/download-72-6205	DEFUNCT_NOT_ARCHIVED			The request times out.
http://mw.modhistory.com/download-76-10521	DEFUNCT_NOT_ARCHIVED			The request times out.
http://mw.modhistory.com/download-76-10560	DEFUNCT_NOT_ARCHIVED			The request times out.
http://mw.modhistory.com/download-76-11591	DEFUNCT_NOT_ARCHIVED			The request times out.
http://mw.modhistory.com/download-8-5659	DEFUNCT_NOT_ARCHIVED			The request times out.
http://mw.modhistory.com/download-80-11437	DEFUNCT_NOT_ARCHIVED			The request times out.
http://mw.modhistory.com/download-80-13596	DEFUNCT_NOT_ARCHIVED			The request times out.
http://mw.modhistory.com/download-80-6312	DEFUNCT_NOT_ARCHIVED			The request times out.
http://mw.modhistory.com/download-80-6423	DEFUNCT_NOT_ARCHIVED			The request times out.
http://mw.modhistory.com/download-80-6464	DEFUNCT_NOT_ARCHIVED			The request times out.
http://mw.modhistory.com/download-80-9291	DEFUNCT_NOT_ARCHIVED			The request times out.
http://mw.modhistory.com/download-84-7127	DEFUNCT_NOT_ARCHIVED			The request times out.
http://mw.modhistory.com/download-84-7915	DEFUNCT_NOT_ARCHIVED			The request times out.
http://mw.modhistory.com/download-87-10871	DEFUNCT_NOT_ARCHIVED			The request times out.
http://mw.modhistory.com/download-87-11621	DEFUNCT_NOT_ARCHIVED			The request times out.
http://mw.modhistory.com/download-87-1298	DEFUNCT_NOT_ARCHIVED			The request times out.
http://mw.modhistory.com/download-87-4926	DEFUNCT_NOT_ARCHIVED			The request times out.
http://mw.modhistory.com/download-87-5447	DEFUNCT_NOT_ARCHIVED			The request times out.
http://mw.modhistory.com/download-87-6045	DEFUNCT_NOT_ARCHIVED			The request times out.
http://mw.modhistory.com/download-87-7201	DEFUNCT_NOT_ARCHIVED			The request times out.
http://mw.modhistory.com/download-90-11406	DEFUNCT_NOT_ARCHIVED			The request times out.
http://mw.modhistory.com/download-90-11745	DEFUNCT_NOT_ARCHIVED			The request times out.
http://mw.modhistory.com/download-90-12547	DEFUNCT_NOT_ARCHIVED			The request times out.
http://mw.modhistory.com/download-90-1812	DEFUNCT_NOT_ARCHIVED			The request times out.
http://mw.modhistory.com/download-90-1886	DEFUNCT_NOT_ARCHIVED			The request times out.
http://mw.modhistory.com/download-90-2567	DEFUNCT_NOT_ARCHIVED			The request times out.
http://mw.modhistory.com/download-90-6175	DEFUNCT_NOT_ARCHIVED			The request times out.
http://mw.modhistory.com/download-90-6712	DEFUNCT_NOT_ARCHIVED			The request times out.
http://mw.modhistory.com/download-90-845	DEFUNCT_NOT_ARCHIVED			The request times out.
http://mw.modhistory.com/download-90-8921	DEFUNCT_NOT_ARCHIVED			The request times out.
http://mw.modhistory.com/download-95-10574	DEFUNCT_NOT_ARCHIVED			The request times out.
http://mw.modhistory.com/download-95-8309	DEFUNCT_NOT_ARCHIVED			The request times out.
http://mw.modhistory.com/download-98-10276	DEFUNCT_NOT_ARCHIVED			The request times out.
http://planetelderscrolls.gamespy.com/View.php?view=Mods.Detail&id=122	DEFUNCT_NOT_ARCHIVED			The server responds with a 403 error page.
http://planetelderscrolls.gamespy.com/View.php?view=Mods.Detail&id=197600	DEFUNCT_NOT_ARCHIVED			The server responds with a 403 error page.
http://planetelderscrolls.gamespy.com/View.php?view=Mods.Detail&id=2099	DEFUNCT_NOT_ARCHIVED			The server responds with a 403 error page.
http://planetelderscrolls.gamespy.com/View.php?view=Mods.Detail&id=3130	DEFUNCT_NOT_ARCHIVED			The server responds with a 403 error page.
http://planetelderscrolls.gamespy.com/View.php?view=Mods.Detail&id=593	DEFUNCT_NOT_ARCHIVED			The server responds with a 403 error page.
http://tamriel-rebuilt.org/forum/viewtopic.php?p=308220	DEFUNCT_NOT_ARCHIVED			
http://tamriel-rebuilt.org/forum/viewtopic.php?p=327744#327744	DEFUNCT_NOT_ARCHIVED			
http://www.fliggerty.com/phpBB3/viewtopic.php?f=19&t=1498#p24284	DEFUNCT_NOT_ARCHIVED			The request times out.
http://www.fliggerty.com/phpBB3/viewtopic.php?f=32&t=5902	DEFUNCT_NOT_ARCHIVED			The request times out.
http://www.fliggerty.com/phpBB3/viewtopic.php?p=92801#p92801	DEFUNCT_NOT_ARCHIVED			The request times out.
https://forums.nexusmods.com/index.php?/topic/1834440-atmospheric-plazas/?p=34491075	DEFUNCT_NOT_ARCHIVED			404s.
https://forums.nexusmods.com/index.php?/topic/318922-morrowind-rebirth-beta/?p=44021700	DEFUNCT_NOT_ARCHIVED			404s.
https://forums.nexusmods.com/index.php?/topic/318922-morrowind-rebirth-beta/?p=44031575	DEFUNCT_NOT_ARCHIVED			404s.
https://forums.nexusmods.com/index.php?/topic/4853520-tamriel-data/?p=45385050	DEFUNCT_NOT_ARCHIVED			404s.
https://mw.modhistory.com/download-35-12114	DEFUNCT_NOT_ARCHIVED			The request times out.
http://forums.nexusmods.com/index.php?/topic/668121-mountainous-red-mountain/page-2#entry5687706	DEFUNCT_VERIFIED	https://web.archive.org/web/20141120203834/http://forums.nexusmods.com/index.php?/topic/668121-mountainous-red-mountain/page-2	REQUEST	404s.
http://sites.google.com/site/johnmoonsugar/Home/morrowind-mods	DEFUNCT_VERIFIED	https://web.archive.org/web/20220510221156/https://sites.google.com/site/johnmoonsugar/Home/morrowind-mods	MANUAL	404s, hidden behind a Google account login page.
http://sites.google.com/site/johnmoonsugar/Home/morrowind-mods/	DEFUNCT_VERIFIED	https://web.archive.org/web/20220510221156/https://sites.google.com/site/johnmoonsugar/Home/morrowind-mods/	MANUAL	404s, hidden behind a Google account login page.
http://tamriel-rebuilt.org/forum/viewtopic.php?p=323469#323469	DEFUNCT_VERIFIED	https://web.archive.org/web/20151207112442/http://tamriel-rebuilt.org/forum/viewtopic.php?p=323469#323469	MANUAL	
http://tamriel-rebuilt.org/forum/viewtopic.php?p=326603#326603	DEFUNCT_VERIFIED	https://web.archive.org/web/20150923071913/http://tamriel-rebuilt.org/forum/viewtopic.php?p=326603#326603	MANUAL	
http://www.bethsoft.com/bgsforums/index.php?act=findpost&hl=ASH_Zombie_S&pid=13726158	DEFUNCT_VERIFIED			Redirects to bethesda.net: the forums were taken offline in 2020.
http://www.bethsoft.com/bgsforums/index.php?s=&showtopic=1045818&view=findpost&p=15175288	DEFUNCT_VERIFIED			Redirects to bethesda.net: the forums were taken offline in 2020.
http://www.bethsoft.com/bgsforums/index.php?s=&showtopic=816189&view=findpost&p=11869393	DEFUNCT_VERIFIED			Redirects to bethesda.net: the forums were taken offline in 2020.
http://www.bethsoft.com/bgsforums/index.php?s=&showtopic=847583&view=findpost&p=12338232	DEFUNCT_VERIFIED			Redirects to bethesda.net: the forums were taken offline in 2020.
http://www.bethsoft.com/bgsforums/index.php?s=&showtopic=918882&view=findpost&p=13377858	DEFUNCT_VERIFIED			Redirects to bethesda.net: the forums were taken offline in 2020.
http://www.bethsoft.com/bgsforums/index.php?s=&showtopic=924590&view=findpost&p=13409684	DEFUNCT_VERIFIED			Redirects to bethesda.net: the forums were taken offline in 2020.
http://www.bethsoft.com/bgsforums/index.php?s=&showtopic=925400&view=findpost&p=13558636	DEFUNCT_VERIFIED			Redirects to bethesda.net: the forums were taken offline in 2020.
http://www.bethsoft.com/bgsforums/index.php?s=&showtopic=926679&view=findpost&p=13492454	DEFUNCT_VERIFIED			Redirects to bethesda.net: the forums were taken offline in 2020.
http://www.bethsoft.com/bgsforums/index.php?s=&showtopic=926679&view=findpost&p=13495426	DEFUNCT_VERIFIED			Redirects to bethesda.net: the forums were taken offline in 2020.
http://www.bethsoft.com/bgsforums/index.php?s=&showtopic=926679&view=findpost&p=13495433	DEFUNCT_VERIFIED			Redirects to bethesda.net: the forums were taken offline in 2020.
http://www.bethsoft.com/bgsforums/index.php?s=&showtopic=926679&view=findpost&p=13543380	DEFUNCT_VERIFIED			Redirects to bethesda.net: the forums were taken offline in 2020.
http://www.bethsoft.com/bgsforums/index.php?s=&showtopic=926679&view=findpost&p=13546227	DEFUNCT_VERIFIED			Redirects to bethesda.net: the forums were taken offline in 2020.
http://www.bethsoft.com/bgsforums/index.php?s=&showtopic=926679&view=findpost&p=13558881	DEFUNCT_VERIFIED			Redirects to bethesda.net: the forums were taken offline in 2020.
http://www.bethsoft.com/bgsforums/index.php?s=&showtopic=926679&view=findpost&p=13560421	DEFUNCT_VERIFIED			Redirects to bethesda.net: the forums were taken offline in 2020.
http://www.bethsoft.com/bgsforums/index.php?s=&showtopic=938026&view=findpost&p=13585779	DEFUNCT_VERIFIED			Redirects to bethesda.net: the forums were taken offline in 2020.
http://www.bethsoft.com/bgsforums/index.php?s=&showtopic=938026&view=findpost&p=13892245	DEFUNCT_VERIFIED			Redirects to bethesda.net: the forums were taken offline in 2020.
http://www.bethsoft.com/bgsforums/index.php?s=&showtopic=946462&view=findpost&p=13837411	DEFUNCT_VERIFIED			Redirects to bethesda.net: the forums were taken offline in 2020.
http://www.bethsoft.com/bgsforums/index.php?s=&showtopic=970900&view=findpost&p=14294420	DEFUNCT_VERIFIED			Redirects to bethesda.net: the forums were taken offline in 2020.
http://www.bethsoft.com/bgsforums/index.php?s=&showtopic=970900&view=findpost&p=14395738	DEFUNCT_VERIFIED			Redirects to bethesda.net: the forums were taken offline in 2020.
http://www.bethsoft.com/bgsforums/index.php?s=&showtopic=981265&view=findpost&p=14193898	DEFUNCT_VERIFIED			Redirects to bethesda.net: the forums were taken offline in 2020.
http://www.bethsoft.com/bgsforums/index.php?s=&showtopic=984080&view=findpost&p=14243169	DEFUNCT_VERIFIED			Redirects to bethesda.net: the forums were taken offline in 2020.
http://www.bethsoft.com/bgsforums/index.php?s=&showtopic=987437&view=findpost&p=14289093	DEFUNCT_VERIFIED			Redirects to bethesda.net: the forums were taken offline in 2020.
http://www.bethsoft.com/bgsforums/index.php?s=&showtopic=997293&view=findpost&p=15063847	DEFUNCT_VERIFIED			Redirects to bethesda.net: the forums were taken offline in 2020.
http://www.bethsoft.com/bgsforums/index.php?showtopic=1049424	DEFUNCT_VERIFIED			Redirects to bethesda.net: the forums were taken offline in 2020.
http://www.bethsoft.com/bgsforums/index.php?showtopic=1057546&st=0&p=15350660&#entry15350660	DEFUNCT_VERIFIED			Redirects to bethesda.net: the forums were taken offline in 2020.
http://www.bethsoft.com/bgsforums/index.php?showtopic=712712&hl=	DEFUNCT_VERIFIED			Redirects to bethesda.net: the forums were taken offline in 2020.
http://www.bethsoft.com/bgsforums/index.php?showtopic=794715&st=0	DEFUNCT_VERIFIED			Redirects to bethesda.net: the forums were taken offline in 2020.
http://www.bethsoft.com/bgsforums/index.php?showtopic=794715&st=80&p=12924494&	DEFUNCT_VERIFIED			Redirects to bethesda.net: the forums were taken offline in 2020.
http://www.bethsoft.com/bgsforums/index.php?showtopic=866830&hl=	DEFUNCT_VERIFIED			Redirects to bethesda.net: the forums were taken offline in 2020.
http://www.bethsoft.com/bgsforums/index.php?showtopic=874116&st=0&start=0	DEFUNCT_VERIFIED			Redirects to bethesda.net: the forums were taken offline in 2020.
http://www.bethsoft.com/bgsforums/index.php?showtopic=889011	DEFUNCT_VERIFIED			Redirects to bethesda.net: the forums were taken offline in 2020.
http://www.bethsoft.com/bgsforums/index.php?showtopic=913903&st=0&p=13269662&	DEFUNCT_VERIFIED			Redirects to bethesda.net: the forums were taken offline in 2020.
http://www.bethsoft.com/bgsforums/index.php?showtopic=937789	DEFUNCT_VERIFIED			Redirects to bethesda.net: the forums were taken offline in 2020.
http://www.bethsoft.com/bgsforums/index.php?showtopic=970900&pid=14090164&st=20&#entry14090164	DEFUNCT_VERIFIED			Redirects to bethesda.net: the forums were taken offline in 2020.
http://www.elderscrolls.com/morrowind/expansions/	DEFUNCT_VERIFIED	https://web.archive.org/web/20251205134909/http://www.elderscrolls.com/morrowind/expansions/	REQUEST	Redirects to elderscrolls.bethesda.net then 404s.
http://www.mwmythicmods.com/Gluby/Gluby_CharGen_Mods.htm#FAQ	DEFUNCT_VERIFIED	https://web.archive.org/web/20220726191503/https://www.mwmythicmods.com/Gluby/Gluby_CharGen_Mods.htm#FAQ	MANUAL	404s.
http://www.mwmythicmods.com/Gluby/Gluby_CharGen_Mods.htm#MajorCharGenMods	DEFUNCT_VERIFIED	https://web.archive.org/web/20220726191503/https://www.mwmythicmods.com/Gluby/Gluby_CharGen_Mods.htm#MajorCharGenMods	MANUAL	404s.
http://www.mwmythicmods.com/Gluby/Gluby_CharGen_Mods.htm#MinorCharGenMods	DEFUNCT_VERIFIED	https://web.archive.org/web/20220726191503/https://www.mwmythicmods.com/Gluby/Gluby_CharGen_Mods.htm#MinorCharGenMods	MANUAL	404s.
http://www.mwmythicmods.com/Gluby/Gluby_CharGen_Mods.htm#RaceMods	DEFUNCT_VERIFIED	https://web.archive.org/web/20220726191503/https://www.mwmythicmods.com/Gluby/Gluby_CharGen_Mods.htm#RaceMods	MANUAL	404s.
http://www.mwmythicmods.com/Gluby/Gluby_CharGen_Mods.htm#RaceMods	DEFUNCT_VERIFIED	https://web.archive.org/web/20220726191503/https://www.mwmythicmods.com/Gluby/Gluby_CharGen_Mods.htm#RaceMods	MANUAL	404s.
http://www.mwmythicmods.com/Gluby/Gluby_CharGen_Mods.htm#ThematicCharGenMods	DEFUNCT_VERIFIED	https://web.archive.org/web/20220726191503/https://www.mwmythicmods.com/Gluby/Gluby_CharGen_Mods.htm#ThematicCharGenMods	MANUAL	404s.
http://www.mwmythicmods.com/Gluby/Gluby_CharacterDevelopment_Mods.htm#AltHealthSystems	DEFUNCT_VERIFIED	https://web.archive.org/web/20230531104538/https://www.mwmythicmods.com/Gluby/Gluby_CharacterDevelopment_Mods.htm	REQUEST	404s.
http://www.mwmythicmods.com/Gluby/Gluby_CharacterDevelopment_Mods.htm#AltLevelingSystems	DEFUNCT_VERIFIED	https://web.archive.org/web/20230531104538/https://www.mwmythicmods.com/Gluby/Gluby_CharacterDevelopment_Mods.htm	REQUEST	404s.
http://www.mwmythicmods.com/Gluby/Gluby_DarkBrotherhood_Mods.htm	DEFUNCT_VERIFIED	https://web.archive.org/web/20220726191504/https://www.mwmythicmods.com/Gluby/Gluby_DarkBrotherhood_Mods.htm	MANUAL	404s.
http://www.mwmythicmods.com/Gluby/Gluby_MagicItemSpellFX_Mods.htm#FAQ	DEFUNCT_VERIFIED	https://web.archive.org/web/20220726191503/https://www.mwmythicmods.com/Gluby/Gluby_MagicItemSpellFX_Mods.htm#FAQ	MANUAL	404s.
http://www.mwmythicmods.com/Gluby/Gluby_Magicka_and_Spell_Effect_Mods.htm#MagicSkillGainMods	DEFUNCT_VERIFIED	https://web.archive.org/web/20220726191503/https://www.mwmythicmods.com/Gluby/Gluby_Magicka_and_Spell_Effect_Mods.htm#MagicSkillGainMods	MANUAL	404s.
http://www.mwmythicmods.com/Gluby/Gluby_Magicka_and_Spell_Effect_Mods.htm#MagickaRegenMods	DEFUNCT_VERIFIED	https://web.archive.org/web/20220726191503/https://www.mwmythicmods.com/Gluby/Gluby_Magicka_and_Spell_Effect_Mods.htm#MagickaRegenMods	MANUAL	404s.
http://www.mwmythicmods.com/Gluby/Gluby_Magicka_and_Spell_Effect_Mods.htm#OtherSpellUseMods	DEFUNCT_VERIFIED	https://web.archive.org/web/20220726191503/https://www.mwmythicmods.com/Gluby/Gluby_Magicka_and_Spell_Effect_Mods.htm#OtherSpellUseMods	MANUAL	404s.
http://www.mwmythicmods.com/Gluby/Gluby_Magicka_and_Spell_Effect_Mods.htm#SpellCostMods	DEFUNCT_VERIFIED	https://web.archive.org/web/20220726191503/https://www.mwmythicmods.com/Gluby/Gluby_Magicka_and_Spell_Effect_Mods.htm#SpellCostMods	MANUAL	404s.
http://www.mwmythicmods.com/MAPoMODSbyCyronaut.jpg	DEFUNCT_VERIFIED	https://web.archive.org/web/20230517161441/https://www.mwmythicmods.com/MAPoMODSbyCyronaut.jpg	MANUAL	404s.
http://www.mwmythicmods.com/argent/tech/gmst.html	DEFUNCT_VERIFIED	https://web.archive.org/web/20220801034410/https://www.mwmythicmods.com/argent/tech/gmst.html	MANUAL	404s.
https://sites.google.com/site/johnmoonsugar/Home/morrowind-mods	DEFUNCT_VERIFIED	https://web.archive.org/web/20220510221156/https://sites.google.com/site/johnmoonsugar/Home/morrowind-mods	MANUAL	404s, hidden behind a Google account login page.
http://morrowind.nexusmods.com/mods/14889	VALID_FROM_INDEX	https://www.nexusmods.com/morrowind/mods/14889	DERIVED	
http://morrowind.nexusmods.com/mods/14894	VALID_FROM_INDEX	https://www.nexusmods.com/morrowind/mods/14894	DERIVED	
http://morrowind.nexusmods.com/mods/1570	VALID_FROM_INDEX	https://www.nexusmods.com/morrowind/mods/1570	DERIVED	
http://morrowind.nexusmods.com/mods/1612	VALID_FROM_INDEX	https://www.nexusmods.com/morrowind/mods/1612	DERIVED	
http://morrowind.nexusmods.com/mods/1613	VALID_FROM_INDEX	https://www.nexusmods.com/morrowind/mods/1613	DERIVED	
http://morrowind.nexusmods.com/mods/1616	VALID_FROM_INDEX	https://www.nexusmods.com/morrowind/mods/1616	DERIVED	
http://morrowind.nexusmods.com/mods/1643	VALID_FROM_INDEX	https://www.nexusmods.com/morrowind/mods/1643	DERIVED	
http://morrowind.nexusmods.com/mods/17935	VALID_FROM_INDEX	https://www.nexusmods.com/morrowind/mods/17935	DERIVED	
http://morrowind.nexusmods.com/mods/20882	VALID_FROM_INDEX	https://www.nexusmods.com/morrowind/mods/20882	DERIVED	
http://morrowind.nexusmods.com/mods/23108	VALID_FROM_INDEX	https://www.nexusmods.com/morrowind/mods/23108	DERIVED	
http://morrowind.nexusmods.com/mods/26014/	VALID_FROM_INDEX	https://www.nexusmods.com/morrowind/mods/26014	DERIVED	
http://morrowind.nexusmods.com/mods/26466	VALID_FROM_INDEX	https://www.nexusmods.com/morrowind/mods/26466	DERIVED	
http://morrowind.nexusmods.com/mods/27167	VALID_FROM_INDEX	https://www.nexusmods.com/morrowind/mods/27167	DERIVED	
http://morrowind.nexusmods.com/mods/27765	VALID_FROM_INDEX	https://www.nexusmods.com/morrowind/mods/27765	DERIVED	
http://morrowind.nexusmods.com/mods/36373/	VALID_FROM_INDEX	https://www.nexusmods.com/morrowind/mods/36373	DERIVED	
http://morrowind.nexusmods.com/mods/40947/	VALID_FROM_INDEX	https://www.nexusmods.com/morrowind/mods/40947	DERIVED	
http://morrowind.nexusmods.com/mods/41220	VALID_FROM_INDEX	https://www.nexusmods.com/morrowind/mods/41220	DERIVED	
http://morrowind.nexusmods.com/mods/42097	VALID_FROM_INDEX	https://www.nexusmods.com/morrowind/mods/42097	DERIVED	
http://morrowind.nexusmods.com/mods/42294	VALID_FROM_INDEX	https://www.nexusmods.com/morrowind/mods/42294	DERIVED	
http://morrowind.nexusmods.com/mods/42299	VALID_FROM_INDEX	https://www.nexusmods.com/morrowind/mods/42299	DERIVED	
http://morrowind.nexusmods.com/mods/42320	VALID_FROM_INDEX	https://www.nexusmods.com/morrowind/mods/42320	DERIVED	
http://morrowind.nexusmods.com/mods/42417	VALID_FROM_INDEX	https://www.nexusmods.com/morrowind/mods/42417	DERIVED	
http://morrowind.nexusmods.com/mods/42536	VALID_FROM_INDEX	https://www.nexusmods.com/morrowind/mods/42536	DERIVED	
http://morrowind.nexusmods.com/mods/42725/	VALID_FROM_INDEX	https://www.nexusmods.com/morrowind/mods/42725	DERIVED	
http://morrowind.nexusmods.com/mods/6006	VALID_FROM_INDEX	https://www.nexusmods.com/morrowind/mods/6006	DERIVED	
http://www.nexusmods.com/morrowind/mods/1073/	VALID_FROM_INDEX	https://www.nexusmods.com/morrowind/mods/1073	DERIVED	
http://www.nexusmods.com/morrowind/mods/14890/	VALID_FROM_INDEX	https://www.nexusmods.com/morrowind/mods/14890	DERIVED	
http://www.nexusmods.com/morrowind/mods/17935/	VALID_FROM_INDEX	https://www.nexusmods.com/morrowind/mods/17935	DERIVED	
http://www.nexusmods.com/morrowind/mods/18108/	VALID_FROM_INDEX	https://www.nexusmods.com/morrowind/mods/18108	DERIVED	
http://www.nexusmods.com/morrowind/mods/21855	VALID_FROM_INDEX	https://www.nexusmods.com/morrowind/mods/21855	DERIVED	
http://www.nexusmods.com/morrowind/mods/21875/	VALID_FROM_INDEX	https://www.nexusmods.com/morrowind/mods/21875	DERIVED	
http://www.nexusmods.com/morrowind/mods/22002	VALID_FROM_INDEX	https://www.nexusmods.com/morrowind/mods/22002	DERIVED	
http://www.nexusmods.com/morrowind/mods/22024/	VALID_FROM_INDEX	https://www.nexusmods.com/morrowind/mods/22024	DERIVED	
http://www.nexusmods.com/morrowind/mods/23335/	VALID_FROM_INDEX	https://www.nexusmods.com/morrowind/mods/23335	DERIVED	
http://www.nexusmods.com/morrowind/mods/23346/	VALID_FROM_INDEX	https://www.nexusmods.com/morrowind/mods/23346	DERIVED	
http://www.nexusmods.com/morrowind/mods/23363/	VALID_FROM_INDEX	https://www.nexusmods.com/morrowind/mods/23363	DERIVED	
http://www.nexusmods.com/morrowind/mods/25147/	VALID_FROM_INDEX	https://www.nexusmods.com/morrowind/mods/25147	DERIVED	
http://www.nexusmods.com/morrowind/mods/25725/	VALID_FROM_INDEX	https://www.nexusmods.com/morrowind/mods/25725	DERIVED	
http://www.nexusmods.com/morrowind/mods/26870/	VALID_FROM_INDEX	https://www.nexusmods.com/morrowind/mods/26870	DERIVED	
http://www.nexusmods.com/morrowind/mods/27545/	VALID_FROM_INDEX	https://www.nexusmods.com/morrowind/mods/27545	DERIVED	
http://www.nexusmods.com/morrowind/mods/28858/	VALID_FROM_INDEX	https://www.nexusmods.com/morrowind/mods/28858	DERIVED	
http://www.nexusmods.com/morrowind/mods/28887/	VALID_FROM_INDEX	https://www.nexusmods.com/morrowind/mods/28887	DERIVED	
http://www.nexusmods.com/morrowind/mods/28889/	VALID_FROM_INDEX	https://www.nexusmods.com/morrowind/mods/28889	DERIVED	
http://www.nexusmods.com/morrowind/mods/28917	VALID_FROM_INDEX	https://www.nexusmods.com/morrowind/mods/28917	DERIVED	
http://www.nexusmods.com/morrowind/mods/31051/	VALID_FROM_INDEX	https://www.nexusmods.com/morrowind/mods/31051	DERIVED	
http://www.nexusmods.com/morrowind/mods/36812/	VALID_FROM_INDEX	https://www.nexusmods.com/morrowind/mods/36812	DERIVED	
http://www.nexusmods.com/morrowind/mods/37328	VALID_FROM_INDEX	https://www.nexusmods.com/morrowind/mods/37328	DERIVED	
http://www.nexusmods.com/morrowind/mods/3881/	VALID_FROM_INDEX	https://www.nexusmods.com/morrowind/mods/3881	DERIVED	
http://www.nexusmods.com/morrowind/mods/3909/	VALID_FROM_INDEX	https://www.nexusmods.com/morrowind/mods/3909	DERIVED	
http://www.nexusmods.com/morrowind/mods/39308/	VALID_FROM_INDEX	https://www.nexusmods.com/morrowind/mods/39308	DERIVED	
http://www.nexusmods.com/morrowind/mods/39774/	VALID_FROM_INDEX	https://www.nexusmods.com/morrowind/mods/39774	DERIVED	
http://www.nexusmods.com/morrowind/mods/40085/	VALID_FROM_INDEX	https://www.nexusmods.com/morrowind/mods/40085	DERIVED	
http://www.nexusmods.com/morrowind/mods/42103/	VALID_FROM_INDEX	https://www.nexusmods.com/morrowind/mods/42103	DERIVED	
http://www.nexusmods.com/morrowind/mods/42106	VALID_FROM_INDEX	https://www.nexusmods.com/morrowind/mods/42106	DERIVED	
http://www.nexusmods.com/morrowind/mods/42126/	VALID_FROM_INDEX	https://www.nexusmods.com/morrowind/mods/42126	DERIVED	
http://www.nexusmods.com/morrowind/mods/42145	VALID_FROM_INDEX	https://www.nexusmods.com/morrowind/mods/42145	DERIVED	
http://www.nexusmods.com/morrowind/mods/42146	VALID_FROM_INDEX	https://www.nexusmods.com/morrowind/mods/42146	DERIVED	
http://www.nexusmods.com/morrowind/mods/42189	VALID_FROM_INDEX	https://www.nexusmods.com/morrowind/mods/42189	DERIVED	
http://www.nexusmods.com/morrowind/mods/42238/	VALID_FROM_INDEX	https://www.nexusmods.com/morrowind/mods/42238	DERIVED	
http://www.nexusmods.com/morrowind/mods/42267/	VALID_FROM_INDEX	https://www.nexusmods.com/morrowind/mods/42267	DERIVED	
http://www.nexusmods.com/morrowind/mods/42270/	VALID_FROM_INDEX	https://www.nexusmods.com/morrowind/mods/42270	DERIVED	
http://www.nexusmods.com/morrowind/mods/42271/	VALID_FROM_INDEX	https://www.nexusmods.com/morrowind/mods/42271	DERIVED	
http://www.nexusmods.com/morrowind/mods/42327/	VALID_FROM_INDEX	https://www.nexusmods.com/morrowind/mods/42327	DERIVED	
http://www.nexusmods.com/morrowind/mods/42347/	VALID_FROM_INDEX	https://www.nexusmods.com/morrowind/mods/42347	DERIVED	
http://www.nexusmods.com/morrowind/mods/42373/	VALID_FROM_INDEX	https://www.nexusmods.com/morrowind/mods/42373	DERIVED	
http://www.nexusmods.com/morrowind/mods/42376/	VALID_FROM_INDEX	https://www.nexusmods.com/morrowind/mods/42376	DERIVED	
http://www.nexusmods.com/morrowind/mods/42392/	VALID_FROM_INDEX	https://www.nexusmods.com/morrowind/mods/42392	DERIVED	
http://www.nexusmods.com/morrowind/mods/42448	VALID_FROM_INDEX	https://www.nexusmods.com/morrowind/mods/42448	DERIVED	
http://www.nexusmods.com/morrowind/mods/42511/	VALID_FROM_INDEX	https://www.nexusmods.com/morrowind/mods/42511	DERIVED	
http://www.nexusmods.com/morrowind/mods/42512/	VALID_FROM_INDEX	https://www.nexusmods.com/morrowind/mods/42512	DERIVED	
http://www.nexusmods.com/morrowind/mods/42652/	VALID_FROM_INDEX	https://www.nexusmods.com/morrowind/mods/42652	DERIVED	
http://www.nexusmods.com/morrowind/mods/42709/	VALID_FROM_INDEX	https://www.nexusmods.com/morrowind/mods/42709	DERIVED	
http://www.nexusmods.com/morrowind/mods/42719/	VALID_FROM_INDEX	https://www.nexusmods.com/morrowind/mods/42719	DERIVED	
http://www.nexusmods.com/morrowind/mods/42773/	VALID_FROM_INDEX	https://www.nexusmods.com/morrowind/mods/42773	DERIVED	
http://www.nexusmods.com/morrowind/mods/42939	VALID_FROM_INDEX	https://www.nexusmods.com/morrowind/mods/42939	DERIVED	
http://www.nexusmods.com/morrowind/mods/42979/	VALID_FROM_INDEX	https://www.nexusmods.com/morrowind/mods/42979	DERIVED	
http://www.nexusmods.com/morrowind/mods/43008/	VALID_FROM_INDEX	https://www.nexusmods.com/morrowind/mods/43008	DERIVED	
http://www.nexusmods.com/morrowind/mods/43038/	VALID_FROM_INDEX	https://www.nexusmods.com/morrowind/mods/43038	DERIVED	
http://www.nexusmods.com/morrowind/mods/43128/	VALID_FROM_INDEX	https://www.nexusmods.com/morrowind/mods/43128	DERIVED	
http://www.nexusmods.com/morrowind/mods/43140/	VALID_FROM_INDEX	https://www.nexusmods.com/morrowind/mods/43140	DERIVED	
http://www.nexusmods.com/morrowind/mods/43190/	VALID_FROM_INDEX	https://www.nexusmods.com/morrowind/mods/43190	DERIVED	
http://www.nexusmods.com/morrowind/mods/43191	VALID_FROM_INDEX	https://www.nexusmods.com/morrowind/mods/43191	DERIVED	
http://www.nexusmods.com/morrowind/mods/43197/	VALID_FROM_INDEX	https://www.nexusmods.com/morrowind/mods/43197	DERIVED	
http://www.nexusmods.com/morrowind/mods/43202/	VALID_FROM_INDEX	https://www.nexusmods.com/morrowind/mods/43202	DERIVED	
http://www.nexusmods.com/morrowind/mods/43204/	VALID_FROM_INDEX	https://www.nexusmods.com/morrowind/mods/43204	DERIVED	
http://www.nexusmods.com/morrowind/mods/43205/	VALID_FROM_INDEX	https://www.nexusmods.com/morrowind/mods/43205	DERIVED	
http://www.nexusmods.com/morrowind/mods/43236/	VALID_FROM_INDEX	https://www.nexusmods.com/morrowind/mods/43236	DERIVED	
http://www.nexusmods.com/morrowind/mods/43268/	VALID_FROM_INDEX	https://www.nexusmods.com/morrowind/mods/43268	DERIVED	
http://www.nexusmods.com/morrowind/mods/43281/	VALID_FROM_INDEX	https://www.nexusmods.com/morrowind/mods/43281	DERIVED	
http://www.nexusmods.com/morrowind/mods/43291/	VALID_FROM_INDEX	https://www.nexusmods.com/morrowind/mods/43291	DERIVED	
http://www.nexusmods.com/morrowind/mods/43331	VALID_FROM_INDEX	https://www.nexusmods.com/morrowind/mods/43331	DERIVED	
http://www.nexusmods.com/morrowind/mods/43380/	VALID_FROM_INDEX	https://www.nexusmods.com/morrowind/mods/43380	DERIVED	
http://www.nexusmods.com/morrowind/mods/43399/	VALID_FROM_INDEX	https://www.nexusmods.com/morrowind/mods/43399	DERIVED	
http://www.nexusmods.com/morrowind/mods/43408/	VALID_FROM_INDEX	https://www.nexusmods.com/morrowind/mods/43408	DERIVED	
http://www.nexusmods.com/morrowind/mods/43434/	VALID_FROM_INDEX	https://www.nexusmods.com/morrowind/mods/43434	DERIVED	
http://www.nexusmods.com/morrowind/mods/43501/	VALID_FROM_INDEX	https://www.nexusmods.com/morrowind/mods/43501	DERIVED	
http://www.nexusmods.com/morrowind/mods/43522/	VALID_FROM_INDEX	https://www.nexusmods.com/morrowind/mods/43522	DERIVED	
http://www.nexusmods.com/morrowind/mods/43524/	VALID_FROM_INDEX	https://www.nexusmods.com/morrowind/mods/43524	DERIVED	
http://www.nexusmods.com/morrowind/mods/43533/	VALID_FROM_INDEX	https://www.nexusmods.com/morrowind/mods/43533	DERIVED	
http://www.nexusmods.com/morrowind/mods/43544	VALID_FROM_INDEX	https://www.nexusmods.com/morrowind/mods/43544	DERIVED	
http://www.nexusmods.com/morrowind/mods/43544/	VALID_FROM_INDEX	https://www.nexusmods.com/morrowind/mods/43544	DERIVED	
http://www.nexusmods.com/morrowind/mods/43829/	VALID_FROM_INDEX	https://www.nexusmods.com/morrowind/mods/43829	DERIVED	
http://www.nexusmods.com/morrowind/mods/44267/	VALID_FROM_INDEX	https://www.nexusmods.com/morrowind/mods/44267	DERIVED	
http://www.nexusmods.com/morrowind/mods/44537/	VALID_FROM_INDEX	https://www.nexusmods.com/morrowind/mods/44537	DERIVED	
http://www.nexusmods.com/morrowind/mods/44575	VALID_FROM_INDEX	https://www.nexusmods.com/morrowind/mods/44575	DERIVED	
http://www.nexusmods.com/morrowind/mods/44688/	VALID_FROM_INDEX	https://www.nexusmods.com/morrowind/mods/44688	DERIVED	
http://www.nexusmods.com/morrowind/mods/44921/	VALID_FROM_INDEX	https://www.nexusmods.com/morrowind/mods/44921	DERIVED	
http://www.nexusmods.com/morrowind/mods/44922/	VALID_FROM_INDEX	https://www.nexusmods.com/morrowind/mods/44922	DERIVED	
http://www.nexusmods.com/morrowind/mods/8588/	VALID_FROM_INDEX	https://www.nexusmods.com/morrowind/mods/8588	DERIVED	
http://www.nexusmods.com/morrowind/mods/8620/	VALID_FROM_INDEX	https://www.nexusmods.com/morrowind/mods/8620	DERIVED	
http://www.nexusmods.com/morrowind/mods/8729/	VALID_FROM_INDEX	https://www.nexusmods.com/morrowind/mods/8729	DERIVED	
https://modlist.altervista.org/mmh/index.php?operation=view&pk0=12672	VALID_FROM_INDEX			
https://modlist.altervista.org/mmh/index.php?operation=view&pk0=12680	VALID_FROM_INDEX			
https://modlist.altervista.org/mmh/index.php?operation=view&pk0=12701	VALID_FROM_INDEX			
https://modlist.altervista.org/mmh/index.php?operation=view&pk0=12704	VALID_FROM_INDEX			
https://modlist.altervista.org/mmh/index.php?operation=view&pk0=12708	VALID_FROM_INDEX			
https://modlist.altervista.org/mmh/index.php?operation=view&pk0=12715	VALID_FROM_INDEX			
https://modlist.altervista.org/mmh/index.php?operation=view&pk0=12729	VALID_FROM_INDEX			
https://modlist.altervista.org/mmh/index.php?operation=view&pk0=12730	VALID_FROM_INDEX			
https://modlist.altervista.org/mmh/index.php?operation=view&pk0=12735	VALID_FROM_INDEX			
https://modlist.altervista.org/mmh/index.php?operation=view&pk0=12738	VALID_FROM_INDEX			
https://modlist.altervista.org/mmh/index.php?operation=view&pk0=12740	VALID_FROM_INDEX			
https://modlist.altervista.org/mmh/index.php?operation=view&pk0=12745	VALID_FROM_INDEX			
https://modlist.altervista.org/mmh/index.php?operation=view&pk0=12752	VALID_FROM_INDEX			
https://modlist.altervista.org/mmh/index.php?operation=view&pk0=12753	VALID_FROM_INDEX			
https://modlist.altervista.org/mmh/index.php?operation=view&pk0=12754	VALID_FROM_INDEX			
https://modlist.altervista.org/mmh/index.php?operation=view&pk0=12756	VALID_FROM_INDEX			
https://modlist.altervista.org/mmh/index.php?operation=view&pk0=12757	VALID_FROM_INDEX			
https://modlist.altervista.org/mmh/index.php?operation=view&pk0=12759	VALID_FROM_INDEX			
https://modlist.altervista.org/mmh/index.php?operation=view&pk0=12761	VALID_FROM_INDEX			
https://modlist.altervista.org/mmh/index.php?operation=view&pk0=12766	VALID_FROM_INDEX			
https://modlist.altervista.org/mmh/index.php?operation=view&pk0=12767	VALID_FROM_INDEX			
https://modlist.altervista.org/mmh/index.php?operation=view&pk0=12769	VALID_FROM_INDEX			
https://modlist.altervista.org/mmh/index.php?operation=view&pk0=12770	VALID_FROM_INDEX			
https://modlist.altervista.org/mmh/index.php?operation=view&pk0=12771	VALID_FROM_INDEX			
https://modlist.altervista.org/mmh/index.php?operation=view&pk0=12773	VALID_FROM_INDEX			
https://modlist.altervista.org/mmh/index.php?operation=view&pk0=12774	VALID_FROM_INDEX			
https://modlist.altervista.org/mmh/index.php?operation=view&pk0=12775	VALID_FROM_INDEX			
https://modlist.altervista.org/mmh/index.php?operation=view&pk0=12778	VALID_FROM_INDEX			
https://modlist.altervista.org/mmh/index.php?operation=view&pk0=12779	VALID_FROM_INDEX			
https://modlist.altervista.org/mmh/index.php?operation=view&pk0=12780	VALID_FROM_INDEX			
https://modlist.altervista.org/mmh/index.php?operation=view&pk0=12781	VALID_FROM_INDEX			
https://modlist.altervista.org/mmh/index.php?operation=view&pk0=12782	VALID_FROM_INDEX			
https://modlist.altervista.org/mmh/index.php?operation=view&pk0=12783	VALID_FROM_INDEX			
https://modlist.altervista.org/mmh/index.php?operation=view&pk0=12784	VALID_FROM_INDEX			
https://modlist.altervista.org/mmh/index.php?operation=view&pk0=12785	VALID_FROM_INDEX			
https://modlist.altervista.org/mmh/index.php?operation=view&pk0=12786	VALID_FROM_INDEX			
https://modlist.altervista.org/mmh/index.php?operation=view&pk0=12787	VALID_FROM_INDEX			
https://modlist.altervista.org/mmh/index.php?operation=view&pk0=12788	VALID_FROM_INDEX			
https://modlist.altervista.org/mmh/index.php?operation=view&pk0=12790	VALID_FROM_INDEX			
https://modlist.altervista.org/mmh/index.php?operation=view&pk0=12791	VALID_FROM_INDEX			
https://modlist.altervista.org/mmh/index.php?operation=view&pk0=12793	VALID_FROM_INDEX			
https://modlist.altervista.org/mmh/index.php?operation=view&pk0=12794	VALID_FROM_INDEX			
https://modlist.altervista.org/mmh/index.php?operation=view&pk0=12795	VALID_FROM_INDEX			
https://modlist.altervista.org/mmh/index.php?operation=view&pk0=12796	VALID_FROM_INDEX			
https://modlist.altervista.org/mmh/index.php?operation=view&pk0=12800	VALID_FROM_INDEX			
https://modlist.altervista.org/mmh/index.php?operation=view&pk0=12802	VALID_FROM_INDEX			
https://modlist.altervista.org/mmh/index.php?operation=view&pk0=12803	VALID_FROM_INDEX			
https://modlist.altervista.org/mmh/index.php?operation=view&pk0=12804	VALID_FROM_INDEX			
https://modlist.altervista.org/mmh/index.php?operation=view&pk0=12806	VALID_FROM_INDEX			
https://modlist.altervista.org/mmh/index.php?operation=view&pk0=12807	VALID_FROM_INDEX			
https://modlist.altervista.org/mmh/index.php?operation=view&pk0=12810	VALID_FROM_INDEX			
https://modlist.altervista.org/mmh/index.php?operation=view&pk0=12812	VALID_FROM_INDEX			
https://modlist.altervista.org/mmh/index.php?operation=view&pk0=12813	VALID_FROM_INDEX			
https://modlist.altervista.org/mmh/index.php?operation=view&pk0=12814	VALID_FROM_INDEX			
https://modlist.altervista.org/mmh/index.php?operation=view&pk0=12815	VALID_FROM_INDEX			
https://modlist.altervista.org/mmh/index.php?operation=view&pk0=12817	VALID_FROM_INDEX			
https://modlist.altervista.org/mmh/index.php?operation=view&pk0=12818	VALID_FROM_INDEX			
https://modlist.altervista.org/mmh/index.php?operation=view&pk0=12821	VALID_FROM_INDEX			
https://modlist.altervista.org/mmh/index.php?operation=view&pk0=12822	VALID_FROM_INDEX			
https://modlist.altervista.org/mmh/index.php?operation=view&pk0=12824	VALID_FROM_INDEX			
https://modlist.altervista.org/mmh/index.php?operation=view&pk0=12831	VALID_FROM_INDEX			
https://modlist.altervista.org/mmh/index.php?operation=view&pk0=12833	VALID_FROM_INDEX			
https://modlist.altervista.org/mmh/index.php?operation=view&pk0=12849	VALID_FROM_INDEX			
https://modlist.altervista.org/mmh/index.php?operation=view&pk0=12856	VALID_FROM_INDEX			
https://modlist.altervista.org/mmh/index.php?operation=view&pk0=12857	VALID_FROM_INDEX			
https://modlist.altervista.org/mmh/index.php?operation=view&pk0=12859	VALID_FROM_INDEX			
https://modlist.altervista.org/mmh/index.php?operation=view&pk0=12860	VALID_FROM_INDEX			
https://modlist.altervista.org/mmh/index.php?operation=view&pk0=12861	VALID_FROM_INDEX			
https://modlist.altervista.org/mmh/index.php?operation=view&pk0=12862	VALID_FROM_INDEX			
https://modlist.altervista.org/mmh/index.php?operation=view&pk0=12863	VALID_FROM_INDEX			
https://modlist.altervista.org/mmh/index.php?operation=view&pk0=12865	VALID_FROM_INDEX			
https://modlist.altervista.org/mmh/index.php?operation=view&pk0=12915	VALID_FROM_INDEX			
https://modlist.altervista.org/mmh/index.php?operation=view&pk0=12924	VALID_FROM_INDEX			
https://modlist.altervista.org/mmh/index.php?operation=view&pk0=12954	VALID_FROM_INDEX			
https://modlist.altervista.org/mmh/index.php?operation=view&pk0=12955	VALID_FROM_INDEX			
https://modlist.altervista.org/mmh/index.php?operation=view&pk0=12956	VALID_FROM_INDEX			
https://modlist.altervista.org/mmh/index.php?operation=view&pk0=12958	VALID_FROM_INDEX			
https://modlist.altervista.org/mmh/index.php?operation=view&pk0=12959	VALID_FROM_INDEX			
https://modlist.altervista.org/mmh/index.php?operation=view&pk0=12960	VALID_FROM_INDEX			
https://modlist.altervista.org/mmh/index.php?operation=view&pk0=12966	VALID_FROM_INDEX			
https://modlist.altervista.org/mmh/index.php?operation=view&pk0=12971	VALID_FROM_INDEX			
https://modlist.altervista.org/mmh/index.php?operation=view&pk0=12972	VALID_FROM_INDEX			
https://modlist.altervista.org/mmh/index.php?operation=view&pk0=12974	VALID_FROM_INDEX			
https://modlist.altervista.org/mmh/index.php?operation=view&pk0=12980	VALID_FROM_INDEX			
https://modlist.altervista.org/mmh/index.php?operation=view&pk0=12992	VALID_FROM_INDEX			
https://modlist.altervista.org/mmh/index.php?operation=view&pk0=12993	VALID_FROM_INDEX			
https://modlist.altervista.org/mmh/index.php?operation=view&pk0=12995	VALID_FROM_INDEX			
https://modlist.altervista.org/mmh/index.php?operation=view&pk0=13008	VALID_FROM_INDEX			
https://modlist.altervista.org/mmh/index.php?operation=view&pk0=13057	VALID_FROM_INDEX			
https://modlist.altervista.org/mmh/index.php?operation=view&pk0=13061	VALID_FROM_INDEX			
https://modlist.altervista.org/mmh/index.php?operation=view&pk0=13064	VALID_FROM_INDEX			
https://modlist.altervista.org/mmh/index.php?operation=view&pk0=13065	VALID_FROM_INDEX			
https://modlist.altervista.org/mmh/index.php?operation=view&pk0=13072	VALID_FROM_INDEX			
https://modlist.altervista.org/mmh/index.php?operation=view&pk0=13073	VALID_FROM_INDEX			
https://modlist.altervista.org/mmh/index.php?operation=view&pk0=13075	VALID_FROM_INDEX			
https://modlist.altervista.org/mmh/index.php?operation=view&pk0=13085	VALID_FROM_INDEX			
https://modlist.altervista.org/mmh/index.php?operation=view&pk0=13109	VALID_FROM_INDEX			
https://modlist.altervista.org/mmh/index.php?operation=view&pk0=13113	VALID_FROM_INDEX			
https://modlist.altervista.org/mmh/index.php?operation=view&pk0=13129	VALID_FROM_INDEX			
https://modlist.altervista.org/mmh/index.php?operation=view&pk0=13130	VALID_FROM_INDEX			
https://modlist.altervista.org/mmh/index.php?operation=view&pk0=13131	VALID_FROM_INDEX			
https://modlist.altervista.org/mmh/index.php?operation=view&pk0=13138	VALID_FROM_INDEX			
https://modlist.altervista.org/mmh/index.php?operation=view&pk0=13139	VALID_FROM_INDEX			
https://modlist.altervista.org/mmh/index.php?operation=view&pk0=13144	VALID_FROM_INDEX			
https://modlist.altervista.org/mmh/index.php?operation=view&pk0=13148	VALID_FROM_INDEX			
https://modlist.altervista.org/mmh/index.php?operation=view&pk0=13150	VALID_FROM_INDEX			
https://modlist.altervista.org/mmh/index.php?operation=view&pk0=13155	VALID_FROM_INDEX			
https://modlist.altervista.org/mmh/index.php?operation=view&pk0=13157	VALID_FROM_INDEX			
https://modlist.altervista.org/mmh/index.php?operation=view&pk0=13160	VALID_FROM_INDEX			
https://modlist.altervista.org/mmh/index.php?operation=view&pk0=13161	VALID_FROM_INDEX			
https://modlist.altervista.org/mmh/index.php?operation=view&pk0=13162	VALID_FROM_INDEX			
https://modlist.altervista.org/mmh/index.php?operation=view&pk0=13171	VALID_FROM_INDEX			
https://modlist.altervista.org/mmh/index.php?operation=view&pk0=13172	VALID_FROM_INDEX			
https://modlist.altervista.org/mmh/index.php?operation=view&pk0=13174	VALID_FROM_INDEX			
https://modlist.altervista.org/mmh/index.php?operation=view&pk0=13175	VALID_FROM_INDEX			
https://modlist.altervista.org/mmh/index.php?operation=view&pk0=13177	VALID_FROM_INDEX			
https://modlist.altervista.org/mmh/index.php?operation=view&pk0=13179	VALID_FROM_INDEX			
https://modlist.altervista.org/mmh/index.php?operation=view&pk0=13185	VALID_FROM_INDEX			
https://modlist.altervista.org/mmh/index.php?operation=view&pk0=13200	VALID_FROM_INDEX			
https://modlist.altervista.org/mmh/index.php?operation=view&pk0=13201	VALID_FROM_INDEX			
https://modlist.altervista.org/mmh/index.php?operation=view&pk0=13202	VALID_FROM_INDEX			
https://modlist.altervista.org/mmh/index.php?operation=view&pk0=13203	VALID_FROM_INDEX			
https://modlist.altervista.org/mmh/index.php?operation=view&pk0=13214	VALID_FROM_INDEX			
https://modlist.altervista.org/mmh/index.php?operation=view&pk0=13235	VALID_FROM_INDEX			
https://modlist.altervista.org/mmh/index.php?operation=view&pk0=13236	VALID_FROM_INDEX			
https://modlist.altervista.org/mmh/index.php?operation=view&pk0=13241	VALID_FROM_INDEX			
https://modlist.altervista.org/mmh/index.php?operation=view&pk0=13248	VALID_FROM_INDEX			
https://modlist.altervista.org/mmh/index.php?operation=view&pk0=13255	VALID_FROM_INDEX			
https://modlist.altervista.org/mmh/index.php?operation=view&pk0=13256	VALID_FROM_INDEX			
https://modlist.altervista.org/mmh/index.php?operation=view&pk0=13257	VALID_FROM_INDEX			
https://modlist.altervista.org/mmh/index.php?operation=view&pk0=13261	VALID_FROM_INDEX			
https://modlist.altervista.org/mmh/index.php?operation=view&pk0=13263	VALID_FROM_INDEX			
https://modlist.altervista.org/mmh/index.php?operation=view&pk0=13265	VALID_FROM_INDEX			
https://modlist.altervista.org/mmh/index.php?operation=view&pk0=13266	VALID_FROM_INDEX			
https://modlist.altervista.org/mmh/index.php?operation=view&pk0=13271	VALID_FROM_INDEX			
https://modlist.altervista.org/mmh/index.php?operation=view&pk0=13299	VALID_FROM_INDEX			
https://modlist.altervista.org/mmh/index.php?operation=view&pk0=13302	VALID_FROM_INDEX			
https://modlist.altervista.org/mmh/index.php?operation=view&pk0=13304	VALID_FROM_INDEX			
https://modlist.altervista.org/mmh/index.php?operation=view&pk0=13306	VALID_FROM_INDEX			
https://modlist.altervista.org/mmh/index.php?operation=view&pk0=13310	VALID_FROM_INDEX			
https://modlist.altervista.org/mmh/index.php?operation=view&pk0=13318	VALID_FROM_INDEX			
https://modlist.altervista.org/mmh/index.php?operation=view&pk0=13320	VALID_FROM_INDEX			
https://modlist.altervista.org/mmh/index.php?operation=view&pk0=13322	VALID_FROM_INDEX			
https://modlist.altervista.org/mmh/index.php?operation=view&pk0=13323	VALID_FROM_INDEX			
https://modlist.altervista.org/mmh/index.php?operation=view&pk0=13328	VALID_FROM_INDEX			
https://modlist.altervista.org/mmh/index.php?operation=view&pk0=13329	VALID_FROM_INDEX			
https://modlist.altervista.org/mmh/index.php?operation=view&pk0=13330	VALID_FROM_INDEX			
https://modlist.altervista.org/mmh/index.php?operation=view&pk0=13332	VALID_FROM_INDEX			
https://modlist.altervista.org/mmh/index.php?operation=view&pk0=13333	VALID_FROM_INDEX			
https://modlist.altervista.org/mmh/index.php?operation=view&pk0=13336	VALID_FROM_INDEX			
https://modlist.altervista.org/mmh/index.php?operation=view&pk0=13337	VALID_FROM_INDEX			
https://modlist.altervista.org/mmh/index.php?operation=view&pk0=13338	VALID_FROM_INDEX			
https://modlist.altervista.org/mmh/index.php?operation=view&pk0=13339	VALID_FROM_INDEX			
https://modlist.altervista.org/mmh/index.php?operation=view&pk0=13340	VALID_FROM_INDEX			
https://modlist.altervista.org/mmh/index.php?operation=view&pk0=13341	VALID_FROM_INDEX			
https://modlist.altervista.org/mmh/index.php?operation=view&pk0=13343	VALID_FROM_INDEX			
https://modlist.altervista.org/mmh/index.php?operation=view&pk0=13345	VALID_FROM_INDEX			
https://modlist.altervista.org/mmh/index.php?operation=view&pk0=13346	VALID_FROM_INDEX			
https://modlist.altervista.org/mmh/index.php?operation=view&pk0=13348	VALID_FROM_INDEX			
https://modlist.altervista.org/mmh/index.php?operation=view&pk0=13349	VALID_FROM_INDEX			
https://modlist.altervista.org/mmh/index.php?operation=view&pk0=13350	VALID_FROM_INDEX			
https://modlist.altervista.org/mmh/index.php?operation=view&pk0=13354	VALID_FROM_INDEX			
https://modlist.altervista.org/mmh/index.php?operation=view&pk0=13365	VALID_FROM_INDEX			
https://modlist.altervista.org/mmh/index.php?operation=view&pk0=13366	VALID_FROM_INDEX			
https://modlist.altervista.org/mmh/index.php?operation=view&pk0=13368	VALID_FROM_INDEX			
https://modlist.altervista.org/mmh/index.php?operation=view&pk0=13371	VALID_FROM_INDEX			
https://modlist.altervista.org/mmh/index.php?operation=view&pk0=13372	VALID_FROM_INDEX			
https://modlist.altervista.org/mmh/index.php?operation=view&pk0=13375	VALID_FROM_INDEX			
https://modlist.altervista.org/mmh/index.php?operation=view&pk0=13379	VALID_FROM_INDEX			
https://modlist.altervista.org/mmh/index.php?operation=view&pk0=13380	VALID_FROM_INDEX			
https://modlist.altervista.org/mmh/index.php?operation=view&pk0=13384	VALID_FROM_INDEX			
https://modlist.altervista.org/mmh/index.php?operation=view&pk0=13397	VALID_FROM_INDEX			
https://modlist.altervista.org/mmh/index.php?operation=view&pk0=13399	VALID_FROM_INDEX			
https://modlist.altervista.org/mmh/index.php?operation=view&pk0=13403	VALID_FROM_INDEX			
https://modlist.altervista.org/mmh/index.php?operation=view&pk0=13408	VALID_FROM_INDEX			
https://modlist.altervista.org/mmh/index.php?operation=view&pk0=13417	VALID_FROM_INDEX			
https://modlist.altervista.org/mmh/index.php?operation=view&pk0=13418	VALID_FROM_INDEX			
https://modlist.altervista.org/mmh/index.php?operation=view&pk0=13439	VALID_FROM_INDEX			
https://modlist.altervista.org/mmh/index.php?operation=view&pk0=13440	VALID_FROM_INDEX			
https://modlist.altervista.org/mmh/index.php?operation=view&pk0=13441	VALID_FROM_INDEX			
https://modlist.altervista.org/mmh/index.php?operation=view&pk0=13442	VALID_FROM_INDEX			
https://modlist.altervista.org/mmh/index.php?operation=view&pk0=13450	VALID_FROM_INDEX			
https://modlist.altervista.org/mmh/index.php?operation=view&pk0=13451	VALID_FROM_INDEX			
https://modlist.altervista.org/mmh/index.php?operation=view&pk0=13453	VALID_FROM_INDEX			
https://modlist.altervista.org/mmh/index.php?operation=view&pk0=13456	VALID_FROM_INDEX			
https://modlist.altervista.org/mmh/index.php?operation=view&pk0=13461	VALID_FROM_INDEX			
https://modlist.altervista.org/mmh/index.php?operation=view&pk0=13463	VALID_FROM_INDEX			
https://modlist.altervista.org/mmh/index.php?operation=view&pk0=13465	VALID_FROM_INDEX			
https://modlist.altervista.org/mmh/index.php?operation=view&pk0=13487	VALID_FROM_INDEX			
https://modlist.altervista.org/mmh/index.php?operation=view&pk0=13492	VALID_FROM_INDEX			
https://modlist.altervista.org/mmh/index.php?operation=view&pk0=13496	VALID_FROM_INDEX			
https://modlist.altervista.org/mmh/index.php?operation=view&pk0=13497	VALID_FROM_INDEX			
https://modlist.altervista.org/mmh/index.php?operation=view&pk0=13498	VALID_FROM_INDEX			
https://modlist.altervista.org/mmh/index.php?operation=view&pk0=13500	VALID_FROM_INDEX			
https://modlist.altervista.org/mmh/index.php?operation=view&pk0=13510	VALID_FROM_INDEX			
https://modlist.altervista.org/mmh/index.php?operation=view&pk0=13512	VALID_FROM_INDEX			
https://modlist.altervista.org/mmh/index.php?operation=view&pk0=13513	VALID_FROM_INDEX			
https://modlist.altervista.org/mmh/index.php?operation=view&pk0=13516	VALID_FROM_INDEX			
https://modlist.altervista.org/mmh/index.php?operation=view&pk0=13518	VALID_FROM_INDEX			
https://modlist.altervista.org/mmh/index.php?operation=view&pk0=13519	VALID_FROM_INDEX			
https://modlist.altervista.org/mmh/index.php?operation=view&pk0=13521	VALID_FROM_INDEX			
https://modlist.altervista.org/mmh/index.php?operation=view&pk0=13533	VALID_FROM_INDEX			
https://modlist.altervista.org/mmh/index.php?operation=view&pk0=13537	VALID_FROM_INDEX			
https://modlist.altervista.org/mmh/index.php?operation=view&pk0=13541	VALID_FROM_INDEX			
https://modlist.altervista.org/mmh/index.php?operation=view&pk0=14463	VALID_FROM_INDEX			
https://modlist.altervista.org/mmh/index.php?operation=view&pk0=14473	VALID_FROM_INDEX			
https://modlist.altervista.org/mmh/index.php?operation=view&pk0=14475	VALID_FROM_INDEX			
https://modlist.altervista.org/mmh/index.php?operation=view&pk0=14476	VALID_FROM_INDEX			
https://modlist.altervista.org/mmh/index.php?operation=view&pk0=14480	VALID_FROM_INDEX			
https://modlist.altervista.org/mmh/index.php?operation=view&pk0=14481	VALID_FROM_INDEX			
https://modlist.altervista.org/mmh/index.php?operation=view&pk0=14490	VALID_FROM_INDEX			
https://modlist.altervista.org/mmh/index.php?operation=view&pk0=14493	VALID_FROM_INDEX			
https://modlist.altervista.org/mmh/index.php?operation=view&pk0=14494	VALID_FROM_INDEX			
https://modlist.altervista.org/mmh/index.php?operation=view&pk0=14496	VALID_FROM_INDEX			
https://modlist.altervista.org/mmh/index.php?operation=view&pk0=14506	VALID_FROM_INDEX			
https://modlist.altervista.org/mmh/index.php?operation=view&pk0=14512	VALID_FROM_INDEX			
https://modlist.altervista.org/mmh/index.php?operation=view&pk0=14514	VALID_FROM_INDEX			
https://modlist.altervista.org/mmh/index.php?operation=view&pk0=14516	VALID_FROM_INDEX			
https://modlist.altervista.org/mmh/index.php?operation=view&pk0=14517	VALID_FROM_INDEX			
https://modlist.altervista.org/mmh/index.php?operation=view&pk0=14519	VALID_FROM_INDEX			
https://modlist.altervista.org/mmh/index.php?operation=view&pk0=14524	VALID_FROM_INDEX			
https://modlist.altervista.org/mmh/index.php?operation=view&pk0=14525	VALID_FROM_INDEX			
https://modlist.altervista.org/mmh/index.php?operation=view&pk0=14528	VALID_FROM_INDEX			
https://modlist.altervista.org/mmh/index.php?operation=view&pk0=14536	VALID_FROM_INDEX			
https://modlist.altervista.org/mmh/index.php?operation=view&pk0=14539	VALID_FROM_INDEX			
https://modlist.altervista.org/mmh/index.php?operation=view&pk0=14540	VALID_FROM_INDEX			
https://modlist.altervista.org/mmh/index.php?operation=view&pk0=14541	VALID_FROM_INDEX			
https://modlist.altervista.org/mmh/index.php?operation=view&pk0=14556	VALID_FROM_INDEX			
https://modlist.altervista.org/mmh/index.php?operation=view&pk0=14561	VALID_FROM_INDEX			
https://modlist.altervista.org/mmh/index.php?operation=view&pk0=14564	VALID_FROM_INDEX			
https://modlist.altervista.org/mmh/index.php?operation=view&pk0=14566	VALID_FROM_INDEX			
https://modlist.altervista.org/mmh/index.php?operation=view&pk0=14567	VALID_FROM_INDEX			
https://modlist.altervista.org/mmh/index.php?operation=view&pk0=14572	VALID_FROM_INDEX			
https://modlist.altervista.org/mmh/index.php?operation=view&pk0=14579	VALID_FROM_INDEX			
https://modlist.altervista.org/mmh/index.php?operation=view&pk0=14588	VALID_FROM_INDEX			
https://modlist.altervista.org/mmh/index.php?operation=view&pk0=14592	VALID_FROM_INDEX			
https://modlist.altervista.org/mmh/index.php?operation=view&pk0=14594	VALID_FROM_INDEX			
https://modlist.altervista.org/mmh/index.php?operation=view&pk0=14603	VALID_FROM_INDEX			
https://modlist.altervista.org/mmh/index.php?operation=view&pk0=14608	VALID_FROM_INDEX			
https://modlist.altervista.org/mmh/index.php?operation=view&pk0=14617	VALID_FROM_INDEX			
https://modlist.altervista.org/mmh/index.php?operation=view&pk0=14618	VALID_FROM_INDEX			
https://modlist.altervista.org/mmh/index.php?operation=view&pk0=14631	VALID_FROM_INDEX			
https://modlist.altervista.org/mmh/index.php?operation=view&pk0=14632	VALID_FROM_INDEX			
https://modlist.altervista.org/mmh/index.php?operation=view&pk0=14634	VALID_FROM_INDEX			
https://modlist.altervista.org/mmh/index.php?operation=view&pk0=14642	VALID_FROM_INDEX			
https://modlist.altervista.org/mmh/index.php?operation=view&pk0=14691	VALID_FROM_INDEX			
https://modlist.altervista.org/mmh/index.php?operation=view&pk0=14697	VALID_FROM_INDEX			
https://modlist.altervista.org/mmh/index.php?operation=view&pk0=14720	VALID_FROM_INDEX			
https://modlist.altervista.org/mmh/index.php?operation=view&pk0=14723	VALID_FROM_INDEX			
https://modlist.altervista.org/mmh/index.php?operation=view&pk0=14726	VALID_FROM_INDEX			
https://modlist.altervista.org/mmh/index.php?operation=view&pk0=14730	VALID_FROM_INDEX			
https://modlist.altervista.org/mmh/index.php?operation=view&pk0=14736	VALID_FROM_INDEX			
https://modlist.altervista.org/mmh/index.php?operation=view&pk0=14741	VALID_FROM_INDEX			
https://modlist.altervista.org/mmh/index.php?operation=view&pk0=14742	VALID_FROM_INDEX			
https://modlist.altervista.org/mmh/index.php?operation=view&pk0=14746	VALID_FROM_INDEX			
https://modlist.altervista.org/mmh/index.php?operation=view&pk0=14749	VALID_FROM_INDEX			
https://modlist.altervista.org/mmh/index.php?operation=view&pk0=14752	VALID_FROM_INDEX			
https://modlist.altervista.org/mmh/index.php?operation=view&pk0=14778	VALID_FROM_INDEX			
https://modlist.altervista.org/mmh/index.php?operation=view&pk0=14784	VALID_FROM_INDEX			
https://modlist.altervista.org/mmh/index.php?operation=view&pk0=14796	VALID_FROM_INDEX			
https://modlist.altervista.org/mmh/index.php?operation=view&pk0=14798	VALID_FROM_INDEX			
https://modlist.altervista.org/mmh/index.php?operation=view&pk0=14808	VALID_FROM_INDEX			
https://modlist.altervista.org/mmh/index.php?operation=view&pk0=14812	VALID_FROM_INDEX			
https://modlist.altervista.org/mmh/index.php?operation=view&pk0=14813	VALID_FROM_INDEX			
https://modlist.altervista.org/mmh/index.php?operation=view&pk0=14818	VALID_FROM_INDEX			
https://modlist.altervista.org/mmh/index.php?operation=view&pk0=14820	VALID_FROM_INDEX			
https://modlist.altervista.org/mmh/index.php?operation=view&pk0=14829	VALID_FROM_INDEX			
https://modlist.altervista.org/mmh/index.php?operation=view&pk0=14830	VALID_FROM_INDEX			
https://modlist.altervista.org/mmh/index.php?operation=view&pk0=14831	VALID_FROM_INDEX			
https://modlist.altervista.org/mmh/index.php?operation=view&pk0=14833	VALID_FROM_INDEX			
https://modlist.altervista.org/mmh/index.php?operation=view&pk0=14835	VALID_FROM_INDEX			
https://modlist.altervista.org/mmh/index.php?operation=view&pk0=14838	VALID_FROM_INDEX			
https://modlist.altervista.org/mmh/index.php?operation=view&pk0=14846	VALID_FROM_INDEX			
https://modlist.altervista.org/mmh/index.php?operation=view&pk0=14859	VALID_FROM_INDEX			
https://modlist.altervista.org/mmh/index.php?operation=view&pk0=14863	VALID_FROM_INDEX			
https://modlist.altervista.org/mmh/index.php?operation=view&pk0=14864	VALID_FROM_INDEX			
https://modlist.altervista.org/mmh/index.php?operation=view&pk0=14866	VALID_FROM_INDEX			
https://modlist.altervista.org/mmh/index.php?operation=view&pk0=14867	VALID_FROM_INDEX			
https://modlist.altervista.org/mmh/index.php?operation=view&pk0=14868	VALID_FROM_INDEX			
https://modlist.altervista.org/mmh/index.php?operation=view&pk0=14869	VALID_FROM_INDEX			
https://modlist.altervista.org/mmh/index.php?operation=view&pk0=14871	VALID_FROM_INDEX			
https://modlist.altervista.org/mmh/index.php?operation=view&pk0=14873	VALID_FROM_INDEX			
https://modlist.altervista.org/mmh/index.php?operation=view&pk0=14874	VALID_FROM_INDEX			
https://modlist.altervista.org/mmh/index.php?operation=view&pk0=14879	VALID_FROM_INDEX			
https://modlist.altervista.org/mmh/index.php?operation=view&pk0=14895	VALID_FROM_INDEX			
https://modlist.altervista.org/mmh/index.php?operation=view&pk0=14897	VALID_FROM_INDEX			
https://modlist.altervista.org/mmh/index.php?operation=view&pk0=14899	VALID_FROM_INDEX			
https://modlist.altervista.org/mmh/index.php?operation=view&pk0=14902	VALID_FROM_INDEX			
https://modlist.altervista.org/mmh/index.php?operation=view&pk0=14907	VALID_FROM_INDEX			
https://modlist.altervista.org/mmh/index.php?operation=view&pk0=14908	VALID_FROM_INDEX			
https://modlist.altervista.org/mmh/index.php?operation=view&pk0=14915	VALID_FROM_INDEX			
https://modlist.altervista.org/mmh/index.php?operation=view&pk0=14920	VALID_FROM_INDEX			
https://modlist.altervista.org/mmh/index.php?operation=view&pk0=14921	VALID_FROM_INDEX			
https://modlist.altervista.org/mmh/index.php?operation=view&pk0=14932	VALID_FROM_INDEX			
https://modlist.altervista.org/mmh/index.php?operation=view&pk0=14934	VALID_FROM_INDEX			
https://modlist.altervista.org/mmh/index.php?operation=view&pk0=14935	VALID_FROM_INDEX			
https://modlist.altervista.org/mmh/index.php?operation=view&pk0=14936	VALID_FROM_INDEX			
https://modlist.altervista.org/mmh/index.php?operation=view&pk0=14946	VALID_FROM_INDEX			
https://modlist.altervista.org/mmh/index.php?operation=view&pk0=14949	VALID_FROM_INDEX			
https://modlist.altervista.org/mmh/index.php?operation=view&pk0=14956	VALID_FROM_INDEX			
https://modlist.altervista.org/mmh/index.php?operation=view&pk0=14957	VALID_FROM_INDEX			
https://modlist.altervista.org/mmh/index.php?operation=view&pk0=14958	VALID_FROM_INDEX			
https://modlist.altervista.org/mmh/index.php?operation=view&pk0=14959	VALID_FROM_INDEX			
https://modlist.altervista.org/mmh/index.php?operation=view&pk0=14960	VALID_FROM_INDEX			
https://modlist.altervista.org/mmh/index.php?operation=view&pk0=14966	VALID_FROM_INDEX			
https://modlist.altervista.org/mmh/index.php?operation=view&pk0=14967	VALID_FROM_INDEX			
https://modlist.altervista.org/mmh/index.php?operation=view&pk0=14973	VALID_FROM_INDEX			
https://modlist.altervista.org/mmh/index.php?operation=view&pk0=14976	VALID_FROM_INDEX			
https://modlist.altervista.org/mmh/index.php?operation=view&pk0=14982	VALID_FROM_INDEX			
https://modlist.altervista.org/mmh/index.php?operation=view&pk0=14990	VALID_FROM_INDEX			
https://modlist.altervista.org/mmh/index.php?operation=view&pk0=14991	VALID_FROM_INDEX			
https://modlist.altervista.org/mmh/index.php?operation=view&pk0=14997	VALID_FROM_INDEX			
https://modlist.altervista.org/mmh/index.php?operation=view&pk0=14998	VALID_FROM_INDEX			
https://modlist.altervista.org/mmh/index.php?operation=view&pk0=15000	VALID_FROM_INDEX			
https://modlist.altervista.org/mmh/index.php?operation=view&pk0=15002	VALID_FROM_INDEX			
https://modlist.altervista.org/mmh/index.php?operation=view&pk0=15003	VALID_FROM_INDEX			
https://modlist.altervista.org/mmh/index.php?operation=view&pk0=15004	VALID_FROM_INDEX			
https://modlist.altervista.org/mmh/index.php?operation=view&pk0=15011	VALID_FROM_INDEX			
https://modlist.altervista.org/mmh/index.php?operation=view&pk0=15014	VALID_FROM_INDEX			
https://modlist.altervista.org/mmh/index.php?operation=view&pk0=15023	VALID_FROM_INDEX			
https://modlist.altervista.org/mmh/index.php?operation=view&pk0=15024	VALID_FROM_INDEX			
https://modlist.altervista.org/mmh/index.php?operation=view&pk0=15025	VALID_FROM_INDEX			
https://modlist.altervista.org/mmh/index.php?operation=view&pk0=15027	VALID_FROM_INDEX			
https://modlist.altervista.org/mmh/index.php?operation=view&pk0=15030	VALID_FROM_INDEX			
https://modlist.altervista.org/mmh/index.php?operation=view&pk0=15031	VALID_FROM_INDEX			
https://modlist.altervista.org/mmh/index.php?operation=view&pk0=15041	VALID_FROM_INDEX			
https://modlist.altervista.org/mmh/index.php?operation=view&pk0=15042	VALID_FROM_INDEX			
https://modlist.altervista.org/mmh/index.php?operation=view&pk0=15047	VALID_FROM_INDEX			
https://modlist.altervista.org/mmh/index.php?operation=view&pk0=15050	VALID_FROM_INDEX			
https://modlist.altervista.org/mmh/index.php?operation=view&pk0=15065	VALID_FROM_INDEX			
https://modlist.altervista.org/mmh/index.php?operation=view&pk0=15066	VALID_FROM_INDEX			
https://modlist.altervista.org/mmh/index.php?operation=view&pk0=15073	VALID_FROM_INDEX			
https://modlist.altervista.org/mmh/index.php?operation=view&pk0=15074	VALID_FROM_INDEX			
https://modlist.altervista.org/mmh/index.php?operation=view&pk0=15080	VALID_FROM_INDEX			
https://modlist.altervista.org/mmh/index.php?operation=view&pk0=15081	VALID_FROM_INDEX			
https://modlist.altervista.org/mmh/index.php?operation=view&pk0=15083	VALID_FROM_INDEX			
https://modlist.altervista.org/mmh/index.php?operation=view&pk0=15084	VALID_FROM_INDEX			
https://modlist.altervista.org/mmh/index.php?operation=view&pk0=15089	VALID_FROM_INDEX			
https://modlist.altervista.org/mmh/index.php?operation=view&pk0=15090	VALID_FROM_INDEX			
https://modlist.altervista.org/mmh/index.php?operation=view&pk0=15093	VALID_FROM_INDEX			
https://modlist.altervista.org/mmh/index.php?operation=view&pk0=15094	VALID_FROM_INDEX			
https://modlist.altervista.org/mmh/index.php?operation=view&pk0=15097	VALID_FROM_INDEX			
https://modlist.altervista.org/mmh/index.php?operation=view&pk0=15103	VALID_FROM_INDEX			
https://modlist.altervista.org/mmh/index.php?operation=view&pk0=15104	VALID_FROM_INDEX			
https://modlist.altervista.org/mmh/index.php?operation=view&pk0=15106	VALID_FROM_INDEX			
https://modlist.altervista.org/mmh/index.php?operation=view&pk0=15107	VALID_FROM_INDEX			
https://modlist.altervista.org/mmh/index.php?operation=view&pk0=15112	VALID_FROM_INDEX			
https://modlist.altervista.org/mmh/index.php?operation=view&pk0=15113	VALID_FROM_INDEX			
https://modlist.altervista.org/mmh/index.php?operation=view&pk0=15121	VALID_FROM_INDEX			
https://modlist.altervista.org/mmh/index.php?operation=view&pk0=15131	VALID_FROM_INDEX			
https://modlist.altervista.org/mmh/index.php?operation=view&pk0=15133	VALID_FROM_INDEX			
https://modlist.altervista.org/mmh/index.php?operation=view&pk0=15150	VALID_FROM_INDEX			
https://modlist.altervista.org/mmh/index.php?operation=view&pk0=15155	VALID_FROM_INDEX			
https://modlist.altervista.org/mmh/index.php?operation=view&pk0=15158	VALID_FROM_INDEX			
https://modlist.altervista.org/mmh/index.php?operation=view&pk0=15168	VALID_FROM_INDEX			
https://modlist.altervista.org/mmh/index.php?operation=view&pk0=15169	VALID_FROM_INDEX			
https://modlist.altervista.org/mmh/index.php?operation=view&pk0=15182	VALID_FROM_INDEX			
https://modlist.altervista.org/mmh/index.php?operation=view&pk0=15189	VALID_FROM_INDEX			
https://modlist.altervista.org/mmh/index.php?operation=view&pk0=15190	VALID_FROM_INDEX			
https://modlist.altervista.org/mmh/index.php?operation=view&pk0=15191	VALID_FROM_INDEX			
https://modlist.altervista.org/mmh/index.php?operation=view&pk0=15195	VALID_FROM_INDEX			
https://modlist.altervista.org/mmh/index.php?operation=view&pk0=15196	VALID_FROM_INDEX			
https://modlist.altervista.org/mmh/index.php?operation=view&pk0=15197	VALID_FROM_INDEX			
https://modlist.altervista.org/mmh/index.php?operation=view&pk0=15199	VALID_FROM_INDEX			
https://modlist.altervista.org/mmh/index.php?operation=view&pk0=15200	VALID_FROM_INDEX			
https://modlist.altervista.org/mmh/index.php?operation=view&pk0=15201	VALID_FROM_INDEX			
https://modlist.altervista.org/mmh/index.php?operation=view&pk0=15205	VALID_FROM_INDEX			
https://modlist.altervista.org/mmh/index.php?operation=view&pk0=15213	VALID_FROM_INDEX			
https://modlist.altervista.org/mmh/index.php?operation=view&pk0=15216	VALID_FROM_INDEX			
https://modlist.altervista.org/mmh/index.php?operation=view&pk0=15218	VALID_FROM_INDEX			
https://modlist.altervista.org/mmh/index.php?operation=view&pk0=15224	VALID_FROM_INDEX			
https://modlist.altervista.org/mmh/index.php?operation=view&pk0=15231	VALID_FROM_INDEX			
https://modlist.altervista.org/mmh/index.php?operation=view&pk0=15237	VALID_FROM_INDEX			
https://modlist.altervista.org/mmh/index.php?operation=view&pk0=15241	VALID_FROM_INDEX			
https://modlist.altervista.org/mmh/index.php?operation=view&pk0=15242	VALID_FROM_INDEX			
https://modlist.altervista.org/mmh/index.php?operation=view&pk0=15243	VALID_FROM_INDEX			
https://modlist.altervista.org/mmh/index.php?operation=view&pk0=15244	VALID_FROM_INDEX			
https://modlist.altervista.org/mmh/index.php?operation=view&pk0=15245	VALID_FROM_INDEX			
https://modlist.altervista.org/mmh/index.php?operation=view&pk0=15249	VALID_FROM_INDEX			
https://modlist.altervista.org/mmh/index.php?operation=view&pk0=15251	VALID_FROM_INDEX			
https://modlist.altervista.org/mmh/index.php?operation=view&pk0=15253	VALID_FROM_INDEX			
https://modlist.altervista.org/mmh/index.php?operation=view&pk0=15254	VALID_FROM_INDEX			
https://modlist.altervista.org/mmh/index.php?operation=view&pk0=15259	VALID_FROM_INDEX			
https://modlist.altervista.org/mmh/index.php?operation=view&pk0=15263	VALID_FROM_INDEX			
https://modlist.altervista.org/mmh/index.php?operation=view&pk0=15271	VALID_FROM_INDEX			
https://modlist.altervista.org/mmh/index.php?operation=view&pk0=15274	VALID_FROM_INDEX			
https://modlist.altervista.org/mmh/index.php?operation=view&pk0=15277	VALID_FROM_INDEX			
https://modlist.altervista.org/mmh/index.php?operation=view&pk0=15284	VALID_FROM_INDEX			
https://modlist.altervista.org/mmh/index.php?operation=view&pk0=15286	VALID_FROM_INDEX			
https://modlist.altervista.org/mmh/index.php?operation=view&pk0=15295	VALID_FROM_INDEX			
https://modlist.altervista.org/mmh/index.php?operation=view&pk0=15299	VALID_FROM_INDEX			
https://modlist.altervista.org/mmh/index.php?operation=view&pk0=15303	VALID_FROM_INDEX			
https://modlist.altervista.org/mmh/index.php?operation=view&pk0=15310	VALID_FROM_INDEX			
https://modlist.altervista.org/mmh/index.php?operation=view&pk0=15314	VALID_FROM_INDEX			
https://modlist.altervista.org/mmh/index.php?operation=view&pk0=15317	VALID_FROM_INDEX			
https://modlist.altervista.org/mmh/index.php?operation=view&pk0=15322	VALID_FROM_INDEX			
https://modlist.altervista.org/mmh/index.php?operation=view&pk0=15327	VALID_FROM_INDEX			
https://modlist.altervista.org/mmh/index.php?operation=view&pk0=15332	VALID_FROM_INDEX			
https://modlist.altervista.org/mmh/index.php?operation=view&pk0=15335	VALID_FROM_INDEX			
https://modlist.altervista.org/mmh/index.php?operation=view&pk0=15337	VALID_FROM_INDEX			
https://modlist.altervista.org/mmh/index.php?operation=view&pk0=15338	VALID_FROM_INDEX			
https://modlist.altervista.org/mmh/index.php?operation=view&pk0=15342	VALID_FROM_INDEX			
https://modlist.altervista.org/mmh/index.php?operation=view&pk0=15347	VALID_FROM_INDEX			
https://modlist.altervista.org/mmh/index.php?operation=view&pk0=15351	VALID_FROM_INDEX			
https://modlist.altervista.org/mmh/index.php?operation=view&pk0=15363	VALID_FROM_INDEX			
https://modlist.altervista.org/mmh/index.php?operation=view&pk0=15372	VALID_FROM_INDEX			
https://modlist.altervista.org/mmh/index.php?operation=view&pk0=15376	VALID_FROM_INDEX			
https://modlist.altervista.org/mmh/index.php?operation=view&pk0=2071	VALID_FROM_INDEX			
https://modlist.altervista.org/mmh/index.php?operation=view&pk0=225	VALID_FROM_INDEX			
https://modlist.altervista.org/mmh/index.php?operation=view&pk0=3645	VALID_FROM_INDEX			
https://modlist.altervista.org/mmh/index.php?operation=view&pk0=6866	VALID_FROM_INDEX			
https://web.archive.org/web/20161103152243/https://mw.modhistory.com/download-1-10001	VALID_FROM_INDEX			
https://web.archive.org/web/20161103152243/https://mw.modhistory.com/download-1-10446	VALID_FROM_INDEX			
https://web.archive.org/web/20161103152243/https://mw.modhistory.com/download-1-10810	VALID_FROM_INDEX			
https://web.archive.org/web/20161103152243/https://mw.modhistory.com/download-1-11736	VALID_FROM_INDEX			
https://web.archive.org/web/20161103152243/https://mw.modhistory.com/download-1-11745	VALID_FROM_INDEX			
https://web.archive.org/web/20161103152243/https://mw.modhistory.com/download-1-11754	VALID_FROM_INDEX			
https://web.archive.org/web/20161103152243/https://mw.modhistory.com/download-1-12182	VALID_FROM_INDEX			
https://web.archive.org/web/20161103152243/https://mw.modhistory.com/download-1-12192	VALID_FROM_INDEX			
https://web.archive.org/web/20161103152243/https://mw.modhistory.com/download-1-1250	VALID_FROM_INDEX			
https://web.archive.org/web/20161103152243/https://mw.modhistory.com/download-1-12530	VALID_FROM_INDEX			
https://web.archive.org/web/20161103152243/https://mw.modhistory.com/download-1-12783	VALID_FROM_INDEX			
https://web.archive.org/web/20161103152243/https://mw.modhistory.com/download-1-1293	VALID_FROM_INDEX			
https://web.archive.org/web/20161103152243/https://mw.modhistory.com/download-1-13019	VALID_FROM_INDEX			
https://web.archive.org/web/20161103152243/https://mw.modhistory.com/download-1-13137	VALID_FROM_INDEX			
https://web.archive.org/web/20161103152243/https://mw.modhistory.com/download-1-13141	VALID_FROM_INDEX			
https://web.archive.org/web/20161103152243/https://mw.modhistory.com/download-1-13199	VALID_FROM_INDEX			
https://web.archive.org/web/20161103152243/https://mw.modhistory.com/download-1-13273	VALID_FROM_INDEX			
https://web.archive.org/web/20161103152243/https://mw.modhistory.com/download-1-13322	VALID_FROM_INDEX			
https://web.archive.org/web/20161103152243/https://mw.modhistory.com/download-1-13344	VALID_FROM_INDEX			
https://web.archive.org/web/20161103152243/https://mw.modhistory.com/download-1-13401	VALID_FROM_INDEX			
https://web.archive.org/web/20161103152243/https://mw.modhistory.com/download-1-13410	VALID_FROM_INDEX			
https://web.archive.org/web/20161103152243/https://mw.modhistory.com/download-1-13506	VALID_FROM_INDEX			
https://web.archive.org/web/20161103152243/https://mw.modhistory.com/download-1-13610	VALID_FROM_INDEX			
https://web.archive.org/web/20161103152243/https://mw.modhistory.com/download-1-13817	VALID_FROM_INDEX			
https://web.archive.org/web/20161103152243/https://mw.modhistory.com/download-1-13832	VALID_FROM_INDEX			
https://web.archive.org/web/20161103152243/https://mw.modhistory.com/download-1-13981	VALID_FROM_INDEX			
https://web.archive.org/web/20161103152243/https://mw.modhistory.com/download-1-13988	VALID_FROM_INDEX			
https://web.archive.org/web/20161103152243/https://mw.modhistory.com/download-1-14196	VALID_FROM_INDEX			
https://web.archive.org/web/20161103152243/https://mw.modhistory.com/download-1-14529	VALID_FROM_INDEX			
https://web.archive.org/web/20161103152243/https://mw.modhistory.com/download-1-14816	VALID_FROM_INDEX			
https://web.archive.org/web/20161103152243/https://mw.modhistory.com/download-1-14821	VALID_FROM_INDEX			
https://web.archive.org/web/20161103152243/https://mw.modhistory.com/download-1-15060	VALID_FROM_INDEX			
https://web.archive.org/web/20161103152243/https://mw.modhistory.com/download-1-2274	VALID_FROM_INDEX			
https://web.archive.org/web/20161103152243/https://mw.modhistory.com/download-1-2334	VALID_FROM_INDEX			
https://web.archive.org/web/20161103152243/https://mw.modhistory.com/download-1-2335	VALID_FROM_INDEX			
https://web.archive.org/web/20161103152243/https://mw.modhistory.com/download-1-2339	VALID_FROM_INDEX			
https://web.archive.org/web/20161103152243/https://mw.modhistory.com/download-1-2345	VALID_FROM_INDEX			
https://web.archive.org/web/20161103152243/https://mw.modhistory.com/download-1-3646	VALID_FROM_INDEX			
https://web.archive.org/web/20161103152243/https://mw.modhistory.com/download-1-3783	VALID_FROM_INDEX			
https://web.archive.org/web/20161103152243/https://mw.modhistory.com/download-1-3821	VALID_FROM_INDEX			
https://web.archive.org/web/20161103152243/https://mw.modhistory.com/download-1-453	VALID_FROM_INDEX			
https://web.archive.org/web/20161103152243/https://mw.modhistory.com/download-1-526	VALID_FROM_INDEX			
https://web.archive.org/web/20161103152243/https://mw.modhistory.com/download-1-537	VALID_FROM_INDEX			
https://web.archive.org/web/20161103152243/https://mw.modhistory.com/download-1-5831	VALID_FROM_INDEX			
https://web.archive.org/web/20161103152243/https://mw.modhistory.com/download-1-6047	VALID_FROM_INDEX			
https://web.archive.org/web/20161103152243/https://mw.modhistory.com/download-1-6063	VALID_FROM_INDEX			
https://web.archive.org/web/20161103152243/https://mw.modhistory.com/download-1-6084	VALID_FROM_INDEX			
https://web.archive.org/web/20161103152243/https://mw.modhistory.com/download-1-6086	VALID_FROM_INDEX			
https://web.archive.org/web/20161103152243/https://mw.modhistory.com/download-1-6087	VALID_FROM_INDEX			
https://web.archive.org/web/20161103152243/https://mw.modhistory.com/download-1-6383	VALID_FROM_INDEX			
https://web.archive.org/web/20161103152243/https://mw.modhistory.com/download-1-6444	VALID_FROM_INDEX			
https://web.archive.org/web/20161103152243/https://mw.modhistory.com/download-1-6569	VALID_FROM_INDEX			
https://web.archive.org/web/20161103152243/https://mw.modhistory.com/download-1-6617	VALID_FROM_INDEX			
https://web.archive.org/web/20161103152243/https://mw.modhistory.com/download-1-797	VALID_FROM_INDEX			
https://web.archive.org/web/20161103152243/https://mw.modhistory.com/download-1-8428	VALID_FROM_INDEX			
https://web.archive.org/web/20161103152243/https://mw.modhistory.com/download-1-845	VALID_FROM_INDEX			
https://web.archive.org/web/20161103152243/https://mw.modhistory.com/download-1-8805	VALID_FROM_INDEX			
https://web.archive.org/web/20161103152243/https://mw.modhistory.com/download-1-9004	VALID_FROM_INDEX			
https://web.archive.org/web/20161103152243/https://mw.modhistory.com/download-1-9059	VALID_FROM_INDEX			
https://web.archive.org/web/20161103152243/https://mw.modhistory.com/download-1-9194	VALID_FROM_INDEX			
https://web.archive.org/web/20161103152243/https://mw.modhistory.com/download-1-9321	VALID_FROM_INDEX			
https://web.archive.org/web/20161103152243/https://mw.modhistory.com/download-1-9765	VALID_FROM_INDEX			
https://web.archive.org/web/20161103152243/https://mw.modhistory.com/download-10-11286	VALID_FROM_INDEX			
https://web.archive.org/web/20161103152243/https://mw.modhistory.com/download-10-11813	VALID_FROM_INDEX			
https://web.archive.org/web/20161103152243/https://mw.modhistory.com/download-10-12141	VALID_FROM_INDEX			
https://web.archive.org/web/20161103152243/https://mw.modhistory.com/download-10-2406	VALID_FROM_INDEX			
https://web.archive.org/web/20161103152243/https://mw.modhistory.com/download-10-7087	VALID_FROM_INDEX			
https://web.archive.org/web/20161103152243/https://mw.modhistory.com/download-11-10087	VALID_FROM_INDEX			
https://web.archive.org/web/20161103152243/https://mw.modhistory.com/download-11-10259	VALID_FROM_INDEX			
https://web.archive.org/web/20161103152243/https://mw.modhistory.com/download-11-10497	VALID_FROM_INDEX			
https://web.archive.org/web/20161103152243/https://mw.modhistory.com/download-11-11034	VALID_FROM_INDEX			
https://web.archive.org/web/20161103152243/https://mw.modhistory.com/download-11-11545	VALID_FROM_INDEX			
https://web.archive.org/web/20161103152243/https://mw.modhistory.com/download-11-11612	VALID_FROM_INDEX			
https://web.archive.org/web/20161103152243/https://mw.modhistory.com/download-11-11643	VALID_FROM_INDEX			
https://web.archive.org/web/20161103152243/https://mw.modhistory.com/download-11-11770	VALID_FROM_INDEX			
https://web.archive.org/web/20161103152243/https://mw.modhistory.com/download-11-11771	VALID_FROM_INDEX			
https://web.archive.org/web/20161103152243/https://mw.modhistory.com/download-11-12428	VALID_FROM_INDEX			
https://web.archive.org/web/20161103152243/https://mw.modhistory.com/download-11-12628	VALID_FROM_INDEX			
https://web.archive.org/web/20161103152243/https://mw.modhistory.com/download-11-12795	VALID_FROM_INDEX			
https://web.archive.org/web/20161103152243/https://mw.modhistory.com/download-11-13513	VALID_FROM_INDEX			
https://web.archive.org/web/20161103152243/https://mw.modhistory.com/download-11-2438	VALID_FROM_INDEX			
https://web.archive.org/web/20161103152243/https://mw.modhistory.com/download-11-5834	VALID_FROM_INDEX			
https://web.archive.org/web/20161103152243/https://mw.modhistory.com/download-11-6546	VALID_FROM_INDEX			
https://web.archive.org/web/20161103152243/https://mw.modhistory.com/download-11-8256	VALID_FROM_INDEX			
https://web.archive.org/web/20161103152243/https://mw.modhistory.com/download-11-9687	VALID_FROM_INDEX			
https://web.archive.org/web/20161103152243/https://mw.modhistory.com/download-13-1017	VALID_FROM_INDEX			
https://web.archive.org/web/20161103152243/https://mw.modhistory.com/download-13-10174	VALID_FROM_INDEX			
https://web.archive.org/web/20161103152243/https://mw.modhistory.com/download-13-10180	VALID_FROM_INDEX			
https://web.archive.org/web/20161103152243/https://mw.modhistory.com/download-13-10187	VALID_FROM_INDEX			
https://web.archive.org/web/20161103152243/https://mw.modhistory.com/download-13-10194	VALID_FROM_INDEX			
https://web.archive.org/web/20161103152243/https://mw.modhistory.com/download-13-10227	VALID_FROM_INDEX			
https://web.archive.org/web/20161103152243/https://mw.modhistory.com/download-13-10358	VALID_FROM_INDEX			
https://web.archive.org/web/20161103152243/https://mw.modhistory.com/download-13-10494	VALID_FROM_INDEX			
https://web.archive.org/web/20161103152243/https://mw.modhistory.com/download-13-10543	VALID_FROM_INDEX			
https://web.archive.org/web/20161103152243/https://mw.modhistory.com/download-13-10596	VALID_FROM_INDEX			
https://web.archive.org/web/20161103152243/https://mw.modhistory.com/download-13-10633	VALID_FROM_INDEX			
https://web.archive.org/web/20161103152243/https://mw.modhistory.com/download-13-10807	VALID_FROM_INDEX			
https://web.archive.org/web/20161103152243/https://mw.modhistory.com/download-13-10871	VALID_FROM_INDEX			
https://web.archive.org/web/20161103152243/https://mw.modhistory.com/download-13-10927	VALID_FROM_INDEX			
https://web.archive.org/web/20161103152243/https://mw.modhistory.com/download-13-11075	VALID_FROM_INDEX			
https://web.archive.org/web/20161103152243/https://mw.modhistory.com/download-13-11183	VALID_FROM_INDEX			
https://web.archive.org/web/20161103152243/https://mw.modhistory.com/download-13-11282	VALID_FROM_INDEX			
https://web.archive.org/web/20161103152243/https://mw.modhistory.com/download-13-11496	VALID_FROM_INDEX			
https://web.archive.org/web/20161103152243/https://mw.modhistory.com/download-13-11513	VALID_FROM_INDEX			
https://web.archive.org/web/20161103152243/https://mw.modhistory.com/download-13-11623	VALID_FROM_INDEX			
https://web.archive.org/web/20161103152243/https://mw.modhistory.com/download-13-11921	VALID_FROM_INDEX			
https://web.archive.org/web/20161103152243/https://mw.modhistory.com/download-13-11922	VALID_FROM_INDEX			
https://web.archive.org/web/20161103152243/https://mw.modhistory.com/download-13-12002	VALID_FROM_INDEX			
https://web.archive.org/web/20161103152243/https://mw.modhistory.com/download-13-12014	VALID_FROM_INDEX			
https://web.archive.org/web/20161103152243/https://mw.modhistory.com/download-13-12015	VALID_FROM_INDEX			
https://web.archive.org/web/20161103152243/https://mw.modhistory.com/download-13-12373	VALID_FROM_INDEX			
https://web.archive.org/web/20161103152243/https://mw.modhistory.com/download-13-12457	VALID_FROM_INDEX			
https://web.archive.org/web/20161103152243/https://mw.modhistory.com/download-13-12458	VALID_FROM_INDEX			
https://web.archive.org/web/20161103152243/https://mw.modhistory.com/download-13-12506	VALID_FROM_INDEX			
https://web.archive.org/web/20161103152243/https://mw.modhistory.com/download-13-12570	VALID_FROM_INDEX			
https://web.archive.org/web/20161103152243/https://mw.modhistory.com/download-13-12585	VALID_FROM_INDEX			
https://web.archive.org/web/20161103152243/https://mw.modhistory.com/download-13-12653	VALID_FROM_INDEX			
https://web.archive.org/web/20161103152243/https://mw.modhistory.com/download-13-12723	VALID_FROM_INDEX			
https://web.archive.org/web/20161103152243/https://mw.modhistory.com/download-13-12843	VALID_FROM_INDEX			
https://web.archive.org/web/20161103152243/https://mw.modhistory.com/download-13-13281	VALID_FROM_INDEX			
https://web.archive.org/web/20161103152243/https://mw.modhistory.com/download-13-13296	VALID_FROM_INDEX			
https://web.archive.org/web/20161103152243/https://mw.modhistory.com/download-13-13420	VALID_FROM_INDEX			
https://web.archive.org/web/20161103152243/https://mw.modhistory.com/download-13-13509	VALID_FROM_INDEX			
https://web.archive.org/web/20161103152243/https://mw.modhistory.com/download-13-13949	VALID_FROM_INDEX			
https://web.archive.org/web/20161103152243/https://mw.modhistory.com/download-13-13960	VALID_FROM_INDEX			
https://web.archive.org/web/20161103152243/https://mw.modhistory.com/download-13-14058	VALID_FROM_INDEX			
https://web.archive.org/web/20161103152243/https://mw.modhistory.com/download-13-14114	VALID_FROM_INDEX			
https://web.archive.org/web/20161103152243/https://mw.modhistory.com/download-13-14291	VALID_FROM_INDEX			
https://web.archive.org/web/20161103152243/https://mw.modhistory.com/download-13-14661	VALID_FROM_INDEX			
https://web.archive.org/web/20161103152243/https://mw.modhistory.com/download-13-14827	VALID_FROM_INDEX			
https://web.archive.org/web/20161103152243/https://mw.modhistory.com/download-13-14917	VALID_FROM_INDEX			
https://web.archive.org/web/20161103152243/https://mw.modhistory.com/download-13-15005	VALID_FROM_INDEX			
https://web.archive.org/web/20161103152243/https://mw.modhistory.com/download-13-1511	VALID_FROM_INDEX			
https://web.archive.org/web/20161103152243/https://mw.modhistory.com/download-13-15169	VALID_FROM_INDEX			
https://web.archive.org/web/20161103152243/https://mw.modhistory.com/download-13-15246	VALID_FROM_INDEX			
https://web.archive.org/web/20161103152243/https://mw.modhistory.com/download-13-15247	VALID_FROM_INDEX			
https://web.archive.org/web/20161103152243/https://mw.modhistory.com/download-13-15265	VALID_FROM_INDEX			
https://web.archive.org/web/20161103152243/https://mw.modhistory.com/download-13-15349	VALID_FROM_INDEX			
https://web.archive.org/web/20161103152243/https://mw.modhistory.com/download-13-15352	VALID_FROM_INDEX			
https://web.archive.org/web/20161103152243/https://mw.modhistory.com/download-13-15353	VALID_FROM_INDEX			
https://web.archive.org/web/20161103152243/https://mw.modhistory.com/download-13-15453	VALID_FROM_INDEX			
https://web.archive.org/web/20161103152243/https://mw.modhistory.com/download-13-1886	VALID_FROM_INDEX			
https://web.archive.org/web/20161103152243/https://mw.modhistory.com/download-13-1972	VALID_FROM_INDEX			
https://web.archive.org/web/20161103152243/https://mw.modhistory.com/download-13-2192	VALID_FROM_INDEX			
https://web.archive.org/web/20161103152243/https://mw.modhistory.com/download-13-2232	VALID_FROM_INDEX			
https://web.archive.org/web/20161103152243/https://mw.modhistory.com/download-13-2240	VALID_FROM_INDEX			
https://web.archive.org/web/20161103152243/https://mw.modhistory.com/download-13-2325	VALID_FROM_INDEX			
https://web.archive.org/web/20161103152243/https://mw.modhistory.com/download-13-2461	VALID_FROM_INDEX			
https://web.archive.org/web/20161103152243/https://mw.modhistory.com/download-13-2465	VALID_FROM_INDEX			
https://web.archive.org/web/20161103152243/https://mw.modhistory.com/download-13-3663	VALID_FROM_INDEX			
https://web.archive.org/web/20161103152243/https://mw.modhistory.com/download-13-4994	VALID_FROM_INDEX			
https://web.archive.org/web/20161103152243/https://mw.modhistory.com/download-13-5019	VALID_FROM_INDEX			
https://web.archive.org/web/20161103152243/https://mw.modhistory.com/download-13-5048	VALID_FROM_INDEX			
https://web.archive.org/web/20161103152243/https://mw.modhistory.com/download-13-5071	VALID_FROM_INDEX			
https://web.archive.org/web/20161103152243/https://mw.modhistory.com/download-13-5544	VALID_FROM_INDEX			
https://web.archive.org/web/20161103152243/https://mw.modhistory.com/download-13-5835	VALID_FROM_INDEX			
https://web.archive.org/web/20161103152243/https://mw.modhistory.com/download-13-5976	VALID_FROM_INDEX			
https://web.archive.org/web/20161103152243/https://mw.modhistory.com/download-13-6085	VALID_FROM_INDEX			
https://web.archive.org/web/20161103152243/https://mw.modhistory.com/download-13-6138	VALID_FROM_INDEX			
https://web.archive.org/web/20161103152243/https://mw.modhistory.com/download-13-6235	VALID_FROM_INDEX			
https://web.archive.org/web/20161103152243/https://mw.modhistory.com/download-13-6240	VALID_FROM_INDEX			
https://web.archive.org/web/20161103152243/https://mw.modhistory.com/download-13-6311	VALID_FROM_INDEX			
https://web.archive.org/web/20161103152243/https://mw.modhistory.com/download-13-6445	VALID_FROM_INDEX			
https://web.archive.org/web/20161103152243/https://mw.modhistory.com/download-13-6462	VALID_FROM_INDEX			
https://web.archive.org/web/20161103152243/https://mw.modhistory.com/download-13-6753	VALID_FROM_INDEX			
https://web.archive.org/web/20161103152243/https://mw.modhistory.com/download-13-6822	VALID_FROM_INDEX			
https://web.archive.org/web/20161103152243/https://mw.modhistory.com/download-13-7127	VALID_FROM_INDEX			
https://web.archive.org/web/20161103152243/https://mw.modhistory.com/download-13-7319	VALID_FROM_INDEX			
https://web.archive.org/web/20161103152243/https://mw.modhistory.com/download-13-7396	VALID_FROM_INDEX			
https://web.archive.org/web/20161103152243/https://mw.modhistory.com/download-13-7455	VALID_FROM_INDEX			
https://web.archive.org/web/20161103152243/https://mw.modhistory.com/download-13-7463	VALID_FROM_INDEX			
https://web.archive.org/web/20161103152243/https://mw.modhistory.com/download-13-7467	VALID_FROM_INDEX			
https://web.archive.org/web/20161103152243/https://mw.modhistory.com/download-13-7475	VALID_FROM_INDEX			
https://web.archive.org/web/20161103152243/https://mw.modhistory.com/download-13-7479	VALID_FROM_INDEX			
https://web.archive.org/web/20161103152243/https://mw.modhistory.com/download-13-7490	VALID_FROM_INDEX			
https://web.archive.org/web/20161103152243/https://mw.modhistory.com/download-13-7502	VALID_FROM_INDEX			
https://web.archive.org/web/20161103152243/https://mw.modhistory.com/download-13-7693	VALID_FROM_INDEX			
https://web.archive.org/web/20161103152243/https://mw.modhistory.com/download-13-7695	VALID_FROM_INDEX			
https://web.archive.org/web/20161103152243/https://mw.modhistory.com/download-13-7904	VALID_FROM_INDEX			
https://web.archive.org/web/20161103152243/https://mw.modhistory.com/download-13-7915	VALID_FROM_INDEX			
https://web.archive.org/web/20161103152243/https://mw.modhistory.com/download-13-7985	VALID_FROM_INDEX			
https://web.archive.org/web/20161103152243/https://mw.modhistory.com/download-13-7995	VALID_FROM_INDEX			
https://web.archive.org/web/20161103152243/https://mw.modhistory.com/download-13-8019	VALID_FROM_INDEX			
https://web.archive.org/web/20161103152243/https://mw.modhistory.com/download-13-8035	VALID_FROM_INDEX			
https://web.archive.org/web/20161103152243/https://mw.modhistory.com/download-13-8118	VALID_FROM_INDEX			
https://web.archive.org/web/20161103152243/https://mw.modhistory.com/download-13-8257	VALID_FROM_INDEX			
https://web.archive.org/web/20161103152243/https://mw.modhistory.com/download-13-8275	VALID_FROM_INDEX			
https://web.archive.org/web/20161103152243/https://mw.modhistory.com/download-13-8335	VALID_FROM_INDEX			
https://web.archive.org/web/20161103152243/https://mw.modhistory.com/download-13-8363	VALID_FROM_INDEX			
https://web.archive.org/web/20161103152243/https://mw.modhistory.com/download-13-8425	VALID_FROM_INDEX			
https://web.archive.org/web/20161103152243/https://mw.modhistory.com/download-13-8626	VALID_FROM_INDEX			
https://web.archive.org/web/20161103152243/https://mw.modhistory.com/download-13-8646	VALID_FROM_INDEX			
https://web.archive.org/web/20161103152243/https://mw.modhistory.com/download-13-8776	VALID_FROM_INDEX			
https://web.archive.org/web/20161103152243/https://mw.modhistory.com/download-13-8819	VALID_FROM_INDEX			
https://web.archive.org/web/20161103152243/https://mw.modhistory.com/download-13-8829	VALID_FROM_INDEX			
https://web.archive.org/web/20161103152243/https://mw.modhistory.com/download-13-8842	VALID_FROM_INDEX			
https://web.archive.org/web/20161103152243/https://mw.modhistory.com/download-13-8901	VALID_FROM_INDEX			
https://web.archive.org/web/20161103152243/https://mw.modhistory.com/download-13-8916	VALID_FROM_INDEX			
https://web.archive.org/web/20161103152243/https://mw.modhistory.com/download-13-8975	VALID_FROM_INDEX			
https://web.archive.org/web/20161103152243/https://mw.modhistory.com/download-13-8996	VALID_FROM_INDEX			
https://web.archive.org/web/20161103152243/https://mw.modhistory.com/download-13-9086	VALID_FROM_INDEX			
https://web.archive.org/web/20161103152243/https://mw.modhistory.com/download-13-9201	VALID_FROM_INDEX			
https://web.archive.org/web/20161103152243/https://mw.modhistory.com/download-13-9202	VALID_FROM_INDEX			
https://web.archive.org/web/20161103152243/https://mw.modhistory.com/download-13-9291	VALID_FROM_INDEX			
https://web.archive.org/web/20161103152243/https://mw.modhistory.com/download-13-932	VALID_FROM_INDEX			
https://web.archive.org/web/20161103152243/https://mw.modhistory.com/download-13-9348	VALID_FROM_INDEX			
https://web.archive.org/web/20161103152243/https://mw.modhistory.com/download-13-9367	VALID_FROM_INDEX			
https://web.archive.org/web/20161103152243/https://mw.modhistory.com/download-13-9405	VALID_FROM_INDEX			
https://web.archive.org/web/20161103152243/https://mw.modhistory.com/download-13-9444	VALID_FROM_INDEX			
https://web.archive.org/web/20161103152243/https://mw.modhistory.com/download-13-9731	VALID_FROM_INDEX			
https://web.archive.org/web/20161103152243/https://mw.modhistory.com/download-149-14912	VALID_FROM_INDEX			
https://web.archive.org/web/20161103152243/https://mw.modhistory.com/download-149-1939	VALID_FROM_INDEX			
https://web.archive.org/web/20161103152243/https://mw.modhistory.com/download-149-4386	VALID_FROM_INDEX			
https://web.archive.org/web/20161103152243/https://mw.modhistory.com/download-149-5612	VALID_FROM_INDEX			
https://web.archive.org/web/20161103152243/https://mw.modhistory.com/download-149-5613	VALID_FROM_INDEX			
https://web.archive.org/web/20161103152243/https://mw.modhistory.com/download-149-6169	VALID_FROM_INDEX			
https://web.archive.org/web/20161103152243/https://mw.modhistory.com/download-149-7427	VALID_FROM_INDEX			
https://web.archive.org/web/20161103152243/https://mw.modhistory.com/download-149-7428	VALID_FROM_INDEX			
https://web.archive.org/web/20161103152243/https://mw.modhistory.com/download-149-7509	VALID_FROM_INDEX			
https://web.archive.org/web/20161103152243/https://mw.modhistory.com/download-149-8100	VALID_FROM_INDEX			
https://web.archive.org/web/20161103152243/https://mw.modhistory.com/download-149-9539	VALID_FROM_INDEX			
https://web.archive.org/web/20161103152243/https://mw.modhistory.com/download-15-10026	VALID_FROM_INDEX			
https://web.archive.org/web/20161103152243/https://mw.modhistory.com/download-15-10355	VALID_FROM_INDEX			
https://web.archive.org/web/20161103152243/https://mw.modhistory.com/download-15-1074	VALID_FROM_INDEX			
https://web.archive.org/web/20161103152243/https://mw.modhistory.com/download-15-11375	VALID_FROM_INDEX			
https://web.archive.org/web/20161103152243/https://mw.modhistory.com/download-15-11699	VALID_FROM_INDEX			
https://web.archive.org/web/20161103152243/https://mw.modhistory.com/download-15-11868	VALID_FROM_INDEX			
https://web.archive.org/web/20161103152243/https://mw.modhistory.com/download-15-11870	VALID_FROM_INDEX			
https://web.archive.org/web/20161103152243/https://mw.modhistory.com/download-15-1194	VALID_FROM_INDEX			
https://web.archive.org/web/20161103152243/https://mw.modhistory.com/download-15-12327	VALID_FROM_INDEX			
https://web.archive.org/web/20161103152243/https://mw.modhistory.com/download-15-12522	VALID_FROM_INDEX			
https://web.archive.org/web/20161103152243/https://mw.modhistory.com/download-15-12589	VALID_FROM_INDEX			
https://web.archive.org/web/20161103152243/https://mw.modhistory.com/download-15-13220	VALID_FROM_INDEX			
https://web.archive.org/web/20161103152243/https://mw.modhistory.com/download-15-13326	VALID_FROM_INDEX			
https://web.archive.org/web/20161103152243/https://mw.modhistory.com/download-15-13516	VALID_FROM_INDEX			
https://web.archive.org/web/20161103152243/https://mw.modhistory.com/download-15-15151	VALID_FROM_INDEX			
https://web.archive.org/web/20161103152243/https://mw.modhistory.com/download-15-15539	VALID_FROM_INDEX			
https://web.archive.org/web/20161103152243/https://mw.modhistory.com/download-15-1869	VALID_FROM_INDEX			
https://web.archive.org/web/20161103152243/https://mw.modhistory.com/download-15-2307	VALID_FROM_INDEX			
https://web.archive.org/web/20161103152243/https://mw.modhistory.com/download-15-32	VALID_FROM_INDEX			
https://web.archive.org/web/20161103152243/https://mw.modhistory.com/download-15-3964	VALID_FROM_INDEX			
https://web.archive.org/web/20161103152243/https://mw.modhistory.com/download-15-442	VALID_FROM_INDEX			
https://web.archive.org/web/20161103152243/https://mw.modhistory.com/download-15-4691	VALID_FROM_INDEX			
https://web.archive.org/web/20161103152243/https://mw.modhistory.com/download-15-4696	VALID_FROM_INDEX			
https://web.archive.org/web/20161103152243/https://mw.modhistory.com/download-15-4698	VALID_FROM_INDEX			
https://web.archive.org/web/20161103152243/https://mw.modhistory.com/download-15-4711	VALID_FROM_INDEX			
https://web.archive.org/web/20161103152243/https://mw.modhistory.com/download-15-4715	VALID_FROM_INDEX			
https://web.archive.org/web/20161103152243/https://mw.modhistory.com/download-15-4718	VALID_FROM_INDEX			
https://web.archive.org/web/20161103152243/https://mw.modhistory.com/download-15-4720	VALID_FROM_INDEX			
https://web.archive.org/web/20161103152243/https://mw.modhistory.com/download-15-4722	VALID_FROM_INDEX			
https://web.archive.org/web/20161103152243/https://mw.modhistory.com/download-15-4737	VALID_FROM_INDEX			
https://web.archive.org/web/20161103152243/https://mw.modhistory.com/download-15-4739	VALID_FROM_INDEX			
https://web.archive.org/web/20161103152243/https://mw.modhistory.com/download-15-4749	VALID_FROM_INDEX			
https://web.archive.org/web/20161103152243/https://mw.modhistory.com/download-15-4758	VALID_FROM_INDEX			
https://web.archive.org/web/20161103152243/https://mw.modhistory.com/download-15-4760	VALID_FROM_INDEX			
https://web.archive.org/web/20161103152243/https://mw.modhistory.com/download-15-4763	VALID_FROM_INDEX			
https://web.archive.org/web/20161103152243/https://mw.modhistory.com/download-15-4906	VALID_FROM_INDEX			
https://web.archive.org/web/20161103152243/https://mw.modhistory.com/download-15-4908	VALID_FROM_INDEX			
https://web.archive.org/web/20161103152243/https://mw.modhistory.com/download-15-4909	VALID_FROM_INDEX			
https://web.archive.org/web/20161103152243/https://mw.modhistory.com/download-15-5008	VALID_FROM_INDEX			
https://web.archive.org/web/20161103152243/https://mw.modhistory.com/download-15-52	VALID_FROM_INDEX			
https://web.archive.org/web/20161103152243/https://mw.modhistory.com/download-15-5554	VALID_FROM_INDEX			
https://web.archive.org/web/20161103152243/https://mw.modhistory.com/download-15-5965	VALID_FROM_INDEX			
https://web.archive.org/web/20161103152243/https://mw.modhistory.com/download-15-6218	VALID_FROM_INDEX			
https://web.archive.org/web/20161103152243/https://mw.modhistory.com/download-15-6601	VALID_FROM_INDEX			
https://web.archive.org/web/20161103152243/https://mw.modhistory.com/download-15-6717	VALID_FROM_INDEX			
https://web.archive.org/web/20161103152243/https://mw.modhistory.com/download-15-6819	VALID_FROM_INDEX			
https://web.archive.org/web/20161103152243/https://mw.modhistory.com/download-15-6987	VALID_FROM_INDEX			
https://web.archive.org/web/20161103152243/https://mw.modhistory.com/download-15-6999	VALID_FROM_INDEX			
https://web.archive.org/web/20161103152243/https://mw.modhistory.com/download-15-7055	VALID_FROM_INDEX			
https://web.archive.org/web/20161103152243/https://mw.modhistory.com/download-15-7236	VALID_FROM_INDEX			
https://web.archive.org/web/20161103152243/https://mw.modhistory.com/download-15-7586	VALID_FROM_INDEX			
https://web.archive.org/web/20161103152243/https://mw.modhistory.com/download-15-7662	VALID_FROM_INDEX			
https://web.archive.org/web/20161103152243/https://mw.modhistory.com/download-15-7924	VALID_FROM_INDEX			
https://web.archive.org/web/20161103152243/https://mw.modhistory.com/download-15-8058	VALID_FROM_INDEX			
https://web.archive.org/web/20161103152243/https://mw.modhistory.com/download-15-9051	VALID_FROM_INDEX			
https://web.archive.org/web/20161103152243/https://mw.modhistory.com/download-15-9092	VALID_FROM_INDEX			
https://web.archive.org/web/20161103152243/https://mw.modhistory.com/download-15-9242	VALID_FROM_INDEX			
https://web.archive.org/web/20161103152243/https://mw.modhistory.com/download-15-9260	VALID_FROM_INDEX			
https://web.archive.org/web/20161103152243/https://mw.modhistory.com/download-15-9508	VALID_FROM_INDEX			
https://web.archive.org/web/20161103152243/https://mw.modhistory.com/download-15-979	VALID_FROM_INDEX			
https://web.archive.org/web/20161103152243/https://mw.modhistory.com/download-15-9815	VALID_FROM_INDEX			
https://web.archive.org/web/20161103152243/https://mw.modhistory.com/download-15-9901	VALID_FROM_INDEX			
https://web.archive.org/web/20161103152243/https://mw.modhistory.com/download-15-9992	VALID_FROM_INDEX			
https://web.archive.org/web/20161103152243/https://mw.modhistory.com/download-17-10485	VALID_FROM_INDEX			
https://web.archive.org/web/20161103152243/https://mw.modhistory.com/download-17-1254	VALID_FROM_INDEX			
https://web.archive.org/web/20161103152243/https://mw.modhistory.com/download-17-15291	VALID_FROM_INDEX			
https://web.archive.org/web/20161103152243/https://mw.modhistory.com/download-17-15411	VALID_FROM_INDEX			
https://web.archive.org/web/20161103152243/https://mw.modhistory.com/download-17-2456	VALID_FROM_INDEX			
https://web.archive.org/web/20161103152243/https://mw.modhistory.com/download-17-2474	VALID_FROM_INDEX			
https://web.archive.org/web/20161103152243/https://mw.modhistory.com/download-17-7212	VALID_FROM_INDEX			
https://web.archive.org/web/20161103152243/https://mw.modhistory.com/download-17-7295	VALID_FROM_INDEX			
https://web.archive.org/web/20161103152243/https://mw.modhistory.com/download-17-81	VALID_FROM_INDEX			
https://web.archive.org/web/20161103152243/https://mw.modhistory.com/download-17-856	VALID_FROM_INDEX			
https://web.archive.org/web/20161103152243/https://mw.modhistory.com/download-17-985	VALID_FROM_INDEX			
https://web.archive.org/web/20161103152243/https://mw.modhistory.com/download-18-10662	VALID_FROM_INDEX			
https://web.archive.org/web/20161103152243/https://mw.modhistory.com/download-18-11362	VALID_FROM_INDEX			
https://web.archive.org/web/20161103152243/https://mw.modhistory.com/download-18-12418	VALID_FROM_INDEX			
https://web.archive.org/web/20161103152243/https://mw.modhistory.com/download-18-13160	VALID_FROM_INDEX			
https://web.archive.org/web/20161103152243/https://mw.modhistory.com/download-18-5527	VALID_FROM_INDEX			
https://web.archive.org/web/20161103152243/https://mw.modhistory.com/download-18-6646	VALID_FROM_INDEX			
https://web.archive.org/web/20161103152243/https://mw.modhistory.com/download-18-7219	VALID_FROM_INDEX			
https://web.archive.org/web/20161103152243/https://mw.modhistory.com/download-18-7360	VALID_FROM_INDEX			
https://web.archive.org/web/20161103152243/https://mw.modhistory.com/download-18-7413	VALID_FROM_INDEX			
https://web.archive.org/web/20161103152243/https://mw.modhistory.com/download-18-7796	VALID_FROM_INDEX			
https://web.archive.org/web/20161103152243/https://mw.modhistory.com/download-18-7865	VALID_FROM_INDEX			
https://web.archive.org/web/20161103152243/https://mw.modhistory.com/download-18-7888	VALID_FROM_INDEX			
https://web.archive.org/web/20161103152243/https://mw.modhistory.com/download-18-7897	VALID_FROM_INDEX			
https://web.archive.org/web/20161103152243/https://mw.modhistory.com/download-18-8122	VALID_FROM_INDEX			
https://web.archive.org/web/20161103152243/https://mw.modhistory.com/download-18-8476	VALID_FROM_INDEX			
https://web.archive.org/web/20161103152243/https://mw.modhistory.com/download-18-8537	VALID_FROM_INDEX			
https://web.archive.org/web/20161103152243/https://mw.modhistory.com/download-18-8549	VALID_FROM_INDEX			
https://web.archive.org/web/20161103152243/https://mw.modhistory.com/download-18-8577	VALID_FROM_INDEX			
https://web.archive.org/web/20161103152243/https://mw.modhistory.com/download-18-8635	VALID_FROM_INDEX			
https://web.archive.org/web/20161103152243/https://mw.modhistory.com/download-18-8674	VALID_FROM_INDEX			
https://web.archive.org/web/20161103152243/https://mw.modhistory.com/download-18-8838	VALID_FROM_INDEX			
https://web.archive.org/web/20161103152243/https://mw.modhistory.com/download-18-9065	VALID_FROM_INDEX			
https://web.archive.org/web/20161103152243/https://mw.modhistory.com/download-18-9191	VALID_FROM_INDEX			
https://web.archive.org/web/20161103152243/https://mw.modhistory.com/download-18-9221	VALID_FROM_INDEX			
https://web.archive.org/web/20161103152243/https://mw.modhistory.com/download-18-9325	VALID_FROM_INDEX			
https://web.archive.org/web/20161103152243/https://mw.modhistory.com/download-18-9703	VALID_FROM_INDEX			
https://web.archive.org/web/20161103152243/https://mw.modhistory.com/download-20-13148	VALID_FROM_INDEX			
https://web.archive.org/web/20161103152243/https://mw.modhistory.com/download-20-1925	VALID_FROM_INDEX			
https://web.archive.org/web/20161103152243/https://mw.modhistory.com/download-20-7546	VALID_FROM_INDEX			
https://web.archive.org/web/20161103152243/https://mw.modhistory.com/download-20-8053	VALID_FROM_INDEX			
https://web.archive.org/web/20161103152243/https://mw.modhistory.com/download-20-8958	VALID_FROM_INDEX			
https://web.archive.org/web/20161103152243/https://mw.modhistory.com/download-21-10953	VALID_FROM_INDEX			
https://web.archive.org/web/20161103152243/https://mw.modhistory.com/download-21-10998	VALID_FROM_INDEX			
https://web.archive.org/web/20161103152243/https://mw.modhistory.com/download-21-11139	VALID_FROM_INDEX			
https://web.archive.org/web/20161103152243/https://mw.modhistory.com/download-21-11415	VALID_FROM_INDEX			
https://web.archive.org/web/20161103152243/https://mw.modhistory.com/download-21-11484	VALID_FROM_INDEX			
https://web.archive.org/web/20161103152243/https://mw.modhistory.com/download-21-11686	VALID_FROM_INDEX			
https://web.archive.org/web/20161103152243/https://mw.modhistory.com/download-21-11788	VALID_FROM_INDEX			
https://web.archive.org/web/20161103152243/https://mw.modhistory.com/download-21-11789	VALID_FROM_INDEX			
https://web.archive.org/web/20161103152243/https://mw.modhistory.com/download-21-11790	VALID_FROM_INDEX			
https://web.archive.org/web/20161103152243/https://mw.modhistory.com/download-21-11791	VALID_FROM_INDEX			
https://web.archive.org/web/20161103152243/https://mw.modhistory.com/download-21-11802	VALID_FROM_INDEX			
https://web.archive.org/web/20161103152243/https://mw.modhistory.com/download-21-11912	VALID_FROM_INDEX			
https://web.archive.org/web/20161103152243/https://mw.modhistory.com/download-21-12133	VALID_FROM_INDEX			
https://web.archive.org/web/20161103152243/https://mw.modhistory.com/download-21-12154	VALID_FROM_INDEX			
https://web.archive.org/web/20161103152243/https://mw.modhistory.com/download-21-12179	VALID_FROM_INDEX			
https://web.archive.org/web/20161103152243/https://mw.modhistory.com/download-21-12257	VALID_FROM_INDEX			
https://web.archive.org/web/20161103152243/https://mw.modhistory.com/download-21-12463	VALID_FROM_INDEX			
https://web.archive.org/web/20161103152243/https://mw.modhistory.com/download-21-12498	VALID_FROM_INDEX			
https://web.archive.org/web/20161103152243/https://mw.modhistory.com/download-21-12542	VALID_FROM_INDEX			
https://web.archive.org/web/20161103152243/https://mw.modhistory.com/download-21-12747	VALID_FROM_INDEX			
https://web.archive.org/web/20161103152243/https://mw.modhistory.com/download-21-12748	VALID_FROM_INDEX			
https://web.archive.org/web/20161103152243/https://mw.modhistory.com/download-21-12806	VALID_FROM_INDEX			
https://web.archive.org/web/20161103152243/https://mw.modhistory.com/download-21-12986	VALID_FROM_INDEX			
https://web.archive.org/web/20161103152243/https://mw.modhistory.com/download-21-13505	VALID_FROM_INDEX			
https://web.archive.org/web/20161103152243/https://mw.modhistory.com/download-21-13627	VALID_FROM_INDEX			
https://web.archive.org/web/20161103152243/https://mw.modhistory.com/download-21-13724	VALID_FROM_INDEX			
https://web.archive.org/web/20161103152243/https://mw.modhistory.com/download-21-13969	VALID_FROM_INDEX			
https://web.archive.org/web/20161103152243/https://mw.modhistory.com/download-21-14400	VALID_FROM_INDEX			
https://web.archive.org/web/20161103152243/https://mw.modhistory.com/download-21-14546	VALID_FROM_INDEX			
https://web.archive.org/web/20161103152243/https://mw.modhistory.com/download-21-1603	VALID_FROM_INDEX			
https://web.archive.org/web/20161103152243/https://mw.modhistory.com/download-21-1803	VALID_FROM_INDEX			
https://web.archive.org/web/20161103152243/https://mw.modhistory.com/download-21-1942	VALID_FROM_INDEX			
https://web.archive.org/web/20161103152243/https://mw.modhistory.com/download-21-2016	VALID_FROM_INDEX			
https://web.archive.org/web/20161103152243/https://mw.modhistory.com/download-21-2032	VALID_FROM_INDEX			
https://web.archive.org/web/20161103152243/https://mw.modhistory.com/download-21-2117	VALID_FROM_INDEX			
https://web.archive.org/web/20161103152243/https://mw.modhistory.com/download-21-2319	VALID_FROM_INDEX			
https://web.archive.org/web/20161103152243/https://mw.modhistory.com/download-21-2416	VALID_FROM_INDEX			
https://web.archive.org/web/20161103152243/https://mw.modhistory.com/download-21-2421	VALID_FROM_INDEX			
https://web.archive.org/web/20161103152243/https://mw.modhistory.com/download-21-308	VALID_FROM_INDEX			
https://web.archive.org/web/20161103152243/https://mw.modhistory.com/download-21-328	VALID_FROM_INDEX			
https://web.archive.org/web/20161103152243/https://mw.modhistory.com/download-21-468	VALID_FROM_INDEX			
https://web.archive.org/web/20161103152243/https://mw.modhistory.com/download-21-5635	VALID_FROM_INDEX			
https://web.archive.org/web/20161103152243/https://mw.modhistory.com/download-21-5696	VALID_FROM_INDEX			
https://web.archive.org/web/20161103152243/https://mw.modhistory.com/download-21-5714	VALID_FROM_INDEX			
https://web.archive.org/web/20161103152243/https://mw.modhistory.com/download-21-5729	VALID_FROM_INDEX			
https://web.archive.org/web/20161103152243/https://mw.modhistory.com/download-21-5730	VALID_FROM_INDEX			
https://web.archive.org/web/20161103152243/https://mw.modhistory.com/download-21-5787	VALID_FROM_INDEX			
https://web.archive.org/web/20161103152243/https://mw.modhistory.com/download-21-5788	VALID_FROM_INDEX			
https://web.archive.org/web/20161103152243/https://mw.modhistory.com/download-21-5800	VALID_FROM_INDEX			
https://web.archive.org/web/20161103152243/https://mw.modhistory.com/download-21-5912	VALID_FROM_INDEX			
https://web.archive.org/web/20161103152243/https://mw.modhistory.com/download-21-5944	VALID_FROM_INDEX			
https://web.archive.org/web/20161103152243/https://mw.modhistory.com/download-21-5951	VALID_FROM_INDEX			
https://web.archive.org/web/20161103152243/https://mw.modhistory.com/download-21-6313	VALID_FROM_INDEX			
https://web.archive.org/web/20161103152243/https://mw.modhistory.com/download-21-6647	VALID_FROM_INDEX			
https://web.archive.org/web/20161103152243/https://mw.modhistory.com/download-21-7034	VALID_FROM_INDEX			
https://web.archive.org/web/20161103152243/https://mw.modhistory.com/download-21-7106	VALID_FROM_INDEX			
https://web.archive.org/web/20161103152243/https://mw.modhistory.com/download-21-7108	VALID_FROM_INDEX			
https://web.archive.org/web/20161103152243/https://mw.modhistory.com/download-21-7156	VALID_FROM_INDEX			
https://web.archive.org/web/20161103152243/https://mw.modhistory.com/download-21-7188	VALID_FROM_INDEX			
https://web.archive.org/web/20161103152243/https://mw.modhistory.com/download-21-7189	VALID_FROM_INDEX			
https://web.archive.org/web/20161103152243/https://mw.modhistory.com/download-21-7277	VALID_FROM_INDEX			
https://web.archive.org/web/20161103152243/https://mw.modhistory.com/download-21-8243	VALID_FROM_INDEX			
https://web.archive.org/web/20161103152243/https://mw.modhistory.com/download-21-852	VALID_FROM_INDEX			
https://web.archive.org/web/20161103152243/https://mw.modhistory.com/download-21-8604	VALID_FROM_INDEX			
https://web.archive.org/web/20161103152243/https://mw.modhistory.com/download-21-8748	VALID_FROM_INDEX			
https://web.archive.org/web/20161103152243/https://mw.modhistory.com/download-21-9127	VALID_FROM_INDEX			
https://web.archive.org/web/20161103152243/https://mw.modhistory.com/download-24-10161	VALID_FROM_INDEX			
https://web.archive.org/web/20161103152243/https://mw.modhistory.com/download-24-10242	VALID_FROM_INDEX			
https://web.archive.org/web/20161103152243/https://mw.modhistory.com/download-24-10371	VALID_FROM_INDEX			
https://web.archive.org/web/20161103152243/https://mw.modhistory.com/download-24-10488	VALID_FROM_INDEX			
https://web.archive.org/web/20161103152243/https://mw.modhistory.com/download-24-10635	VALID_FROM_INDEX			
https://web.archive.org/web/20161103152243/https://mw.modhistory.com/download-24-10661	VALID_FROM_INDEX			
https://web.archive.org/web/20161103152243/https://mw.modhistory.com/download-24-10989	VALID_FROM_INDEX			
https://web.archive.org/web/20161103152243/https://mw.modhistory.com/download-24-11175	VALID_FROM_INDEX			
https://web.archive.org/web/20161103152243/https://mw.modhistory.com/download-24-11352	VALID_FROM_INDEX			
https://web.archive.org/web/20161103152243/https://mw.modhistory.com/download-24-11738	VALID_FROM_INDEX			
https://web.archive.org/web/20161103152243/https://mw.modhistory.com/download-24-12493	VALID_FROM_INDEX			
https://web.archive.org/web/20161103152243/https://mw.modhistory.com/download-24-12907	VALID_FROM_INDEX			
https://web.archive.org/web/20161103152243/https://mw.modhistory.com/download-24-1296	VALID_FROM_INDEX			
https://web.archive.org/web/20161103152243/https://mw.modhistory.com/download-24-13002	VALID_FROM_INDEX			
https://web.archive.org/web/20161103152243/https://mw.modhistory.com/download-24-14281	VALID_FROM_INDEX			
https://web.archive.org/web/20161103152243/https://mw.modhistory.com/download-24-14812	VALID_FROM_INDEX			
https://web.archive.org/web/20161103152243/https://mw.modhistory.com/download-24-14921	VALID_FROM_INDEX			
https://web.archive.org/web/20161103152243/https://mw.modhistory.com/download-24-1523	VALID_FROM_INDEX			
https://web.archive.org/web/20161103152243/https://mw.modhistory.com/download-24-1557	VALID_FROM_INDEX			
https://web.archive.org/web/20161103152243/https://mw.modhistory.com/download-24-1588	VALID_FROM_INDEX			
https://web.archive.org/web/20161103152243/https://mw.modhistory.com/download-24-17	VALID_FROM_INDEX			
https://web.archive.org/web/20161103152243/https://mw.modhistory.com/download-24-2515	VALID_FROM_INDEX			
https://web.archive.org/web/20161103152243/https://mw.modhistory.com/download-24-2519	VALID_FROM_INDEX			
https://web.archive.org/web/20161103152243/https://mw.modhistory.com/download-24-2521	VALID_FROM_INDEX			
https://web.archive.org/web/20161103152243/https://mw.modhistory.com/download-24-2527	VALID_FROM_INDEX			
https://web.archive.org/web/20161103152243/https://mw.modhistory.com/download-24-2528	VALID_FROM_INDEX			
https://web.archive.org/web/20161103152243/https://mw.modhistory.com/download-24-2529	VALID_FROM_INDEX			
https://web.archive.org/web/20161103152243/https://mw.modhistory.com/download-24-2543	VALID_FROM_INDEX			
https://web.archive.org/web/20161103152243/https://mw.modhistory.com/download-24-2544	VALID_FROM_INDEX			
https://web.archive.org/web/20161103152243/https://mw.modhistory.com/download-24-2548	VALID_FROM_INDEX			
https://web.archive.org/web/20161103152243/https://mw.modhistory.com/download-24-2549	VALID_FROM_INDEX			
https://web.archive.org/web/20161103152243/https://mw.modhistory.com/download-24-2551	VALID_FROM_INDEX			
https://web.archive.org/web/20161103152243/https://mw.modhistory.com/download-24-2552	VALID_FROM_INDEX			
https://web.archive.org/web/20161103152243/https://mw.modhistory.com/download-24-2553	VALID_FROM_INDEX			
https://web.archive.org/web/20161103152243/https://mw.modhistory.com/download-24-2554	VALID_FROM_INDEX			
https://web.archive.org/web/20161103152243/https://mw.modhistory.com/download-24-2557	VALID_FROM_INDEX			
https://web.archive.org/web/20161103152243/https://mw.modhistory.com/download-24-2559	VALID_FROM_INDEX			
https://web.archive.org/web/20161103152243/https://mw.modhistory.com/download-24-2564	VALID_FROM_INDEX			
https://web.archive.org/web/20161103152243/https://mw.modhistory.com/download-24-4406	VALID_FROM_INDEX			
https://web.archive.org/web/20161103152243/https://mw.modhistory.com/download-24-4746	VALID_FROM_INDEX			
https://web.archive.org/web/20161103152243/https://mw.modhistory.com/download-24-5064	VALID_FROM_INDEX			
https://web.archive.org/web/20161103152243/https://mw.modhistory.com/download-24-5084	VALID_FROM_INDEX			
https://web.archive.org/web/20161103152243/https://mw.modhistory.com/download-24-5103	VALID_FROM_INDEX			
https://web.archive.org/web/20161103152243/https://mw.modhistory.com/download-24-5946	VALID_FROM_INDEX			
https://web.archive.org/web/20161103152243/https://mw.modhistory.com/download-24-7346	VALID_FROM_INDEX			
https://web.archive.org/web/20161103152243/https://mw.modhistory.com/download-24-8487	VALID_FROM_INDEX			
https://web.archive.org/web/20161103152243/https://mw.modhistory.com/download-24-8664	VALID_FROM_INDEX			
https://web.archive.org/web/20161103152243/https://mw.modhistory.com/download-24-9404	VALID_FROM_INDEX			
https://web.archive.org/web/20161103152243/https://mw.modhistory.com/download-24-9410	VALID_FROM_INDEX			
https://web.archive.org/web/20161103152243/https://mw.modhistory.com/download-26-10168	VALID_FROM_INDEX			
https://web.archive.org/web/20161103152243/https://mw.modhistory.com/download-26-10169	VALID_FROM_INDEX			
https://web.archive.org/web/20161103152243/https://mw.modhistory.com/download-26-10170	VALID_FROM_INDEX			
https://web.archive.org/web/20161103152243/https://mw.modhistory.com/download-26-10186	VALID_FROM_INDEX			
https://web.archive.org/web/20161103152243/https://mw.modhistory.com/download-26-10483	VALID_FROM_INDEX			
https://web.archive.org/web/20161103152243/https://mw.modhistory.com/download-26-10949	VALID_FROM_INDEX			
https://web.archive.org/web/20161103152243/https://mw.modhistory.com/download-26-11406	VALID_FROM_INDEX			
https://web.archive.org/web/20161103152243/https://mw.modhistory.com/download-26-11410	VALID_FROM_INDEX			
https://web.archive.org/web/20161103152243/https://mw.modhistory.com/download-26-11469	VALID_FROM_INDEX			
https://web.archive.org/web/20161103152243/https://mw.modhistory.com/download-26-11913	VALID_FROM_INDEX			
https://web.archive.org/web/20161103152243/https://mw.modhistory.com/download-26-12372	VALID_FROM_INDEX			
https://web.archive.org/web/20161103152243/https://mw.modhistory.com/download-26-12730	VALID_FROM_INDEX			
https://web.archive.org/web/20161103152243/https://mw.modhistory.com/download-26-12820	VALID_FROM_INDEX			
https://web.archive.org/web/20161103152243/https://mw.modhistory.com/download-26-12983	VALID_FROM_INDEX			
https://web.archive.org/web/20161103152243/https://mw.modhistory.com/download-26-13241	VALID_FROM_INDEX			
https://web.archive.org/web/20161103152243/https://mw.modhistory.com/download-26-13778	VALID_FROM_INDEX			
https://web.archive.org/web/20161103152243/https://mw.modhistory.com/download-26-14116	VALID_FROM_INDEX			
https://web.archive.org/web/20161103152243/https://mw.modhistory.com/download-26-14148	VALID_FROM_INDEX			
https://web.archive.org/web/20161103152243/https://mw.modhistory.com/download-26-1422	VALID_FROM_INDEX			
https://web.archive.org/web/20161103152243/https://mw.modhistory.com/download-26-14284	VALID_FROM_INDEX			
https://web.archive.org/web/20161103152243/https://mw.modhistory.com/download-26-14305	VALID_FROM_INDEX			
https://web.archive.org/web/20161103152243/https://mw.modhistory.com/download-26-14393	VALID_FROM_INDEX			
https://web.archive.org/web/20161103152243/https://mw.modhistory.com/download-26-14763	VALID_FROM_INDEX			
https://web.archive.org/web/20161103152243/https://mw.modhistory.com/download-26-14802	VALID_FROM_INDEX			
https://web.archive.org/web/20161103152243/https://mw.modhistory.com/download-26-14983	VALID_FROM_INDEX			
https://web.archive.org/web/20161103152243/https://mw.modhistory.com/download-26-14984	VALID_FROM_INDEX			
https://web.archive.org/web/20161103152243/https://mw.modhistory.com/download-26-15000	VALID_FROM_INDEX			
https://web.archive.org/web/20161103152243/https://mw.modhistory.com/download-26-15306	VALID_FROM_INDEX			
https://web.archive.org/web/20161103152243/https://mw.modhistory.com/download-26-15308	VALID_FROM_INDEX			
https://web.archive.org/web/20161103152243/https://mw.modhistory.com/download-26-15310	VALID_FROM_INDEX			
https://web.archive.org/web/20161103152243/https://mw.modhistory.com/download-26-15311	VALID_FROM_INDEX			
https://web.archive.org/web/20161103152243/https://mw.modhistory.com/download-26-1626	VALID_FROM_INDEX			
https://web.archive.org/web/20161103152243/https://mw.modhistory.com/download-26-1648	VALID_FROM_INDEX			
https://web.archive.org/web/20161103152243/https://mw.modhistory.com/download-26-1693	VALID_FROM_INDEX			
https://web.archive.org/web/20161103152243/https://mw.modhistory.com/download-26-2565	VALID_FROM_INDEX			
https://web.archive.org/web/20161103152243/https://mw.modhistory.com/download-26-2567	VALID_FROM_INDEX			
https://web.archive.org/web/20161103152243/https://mw.modhistory.com/download-26-2589	VALID_FROM_INDEX			
https://web.archive.org/web/20161103152243/https://mw.modhistory.com/download-26-2602	VALID_FROM_INDEX			
https://web.archive.org/web/20161103152243/https://mw.modhistory.com/download-26-2603	VALID_FROM_INDEX			
https://web.archive.org/web/20161103152243/https://mw.modhistory.com/download-26-2604	VALID_FROM_INDEX			
https://web.archive.org/web/20161103152243/https://mw.modhistory.com/download-26-2613	VALID_FROM_INDEX			
https://web.archive.org/web/20161103152243/https://mw.modhistory.com/download-26-2637	VALID_FROM_INDEX			
https://web.archive.org/web/20161103152243/https://mw.modhistory.com/download-26-2638	VALID_FROM_INDEX			
https://web.archive.org/web/20161103152243/https://mw.modhistory.com/download-26-3218	VALID_FROM_INDEX			
https://web.archive.org/web/20161103152243/https://mw.modhistory.com/download-26-3665	VALID_FROM_INDEX			
https://web.archive.org/web/20161103152243/https://mw.modhistory.com/download-26-3666	VALID_FROM_INDEX			
https://web.archive.org/web/20161103152243/https://mw.modhistory.com/download-26-3738	VALID_FROM_INDEX			
https://web.archive.org/web/20161103152243/https://mw.modhistory.com/download-26-3743	VALID_FROM_INDEX			
https://web.archive.org/web/20161103152243/https://mw.modhistory.com/download-26-3752	VALID_FROM_INDEX			
https://web.archive.org/web/20161103152243/https://mw.modhistory.com/download-26-3754	VALID_FROM_INDEX			
https://web.archive.org/web/20161103152243/https://mw.modhistory.com/download-26-3756	VALID_FROM_INDEX			
https://web.archive.org/web/20161103152243/https://mw.modhistory.com/download-26-3758	VALID_FROM_INDEX			
https://web.archive.org/web/20161103152243/https://mw.modhistory.com/download-26-3761	VALID_FROM_INDEX			
https://web.archive.org/web/20161103152243/https://mw.modhistory.com/download-26-3764	VALID_FROM_INDEX			
https://web.archive.org/web/20161103152243/https://mw.modhistory.com/download-26-3799	VALID_FROM_INDEX			
https://web.archive.org/web/20161103152243/https://mw.modhistory.com/download-26-3803	VALID_FROM_INDEX			
https://web.archive.org/web/20161103152243/https://mw.modhistory.com/download-26-3806	VALID_FROM_INDEX			
https://web.archive.org/web/20161103152243/https://mw.modhistory.com/download-26-3808	VALID_FROM_INDEX			
https://web.archive.org/web/20161103152243/https://mw.modhistory.com/download-26-405	VALID_FROM_INDEX			
https://web.archive.org/web/20161103152243/https://mw.modhistory.com/download-26-5075	VALID_FROM_INDEX			
https://web.archive.org/web/20161103152243/https://mw.modhistory.com/download-26-552	VALID_FROM_INDEX			
https://web.archive.org/web/20161103152243/https://mw.modhistory.com/download-26-560	VALID_FROM_INDEX			
https://web.archive.org/web/20161103152243/https://mw.modhistory.com/download-26-5693	VALID_FROM_INDEX			
https://web.archive.org/web/20161103152243/https://mw.modhistory.com/download-26-6083	VALID_FROM_INDEX			
https://web.archive.org/web/20161103152243/https://mw.modhistory.com/download-26-6190	VALID_FROM_INDEX			
https://web.archive.org/web/20161103152243/https://mw.modhistory.com/download-26-6213	VALID_FROM_INDEX			
https://web.archive.org/web/20161103152243/https://mw.modhistory.com/download-26-6318	VALID_FROM_INDEX			
https://web.archive.org/web/20161103152243/https://mw.modhistory.com/download-26-6588	VALID_FROM_INDEX			
https://web.archive.org/web/20161103152243/https://mw.modhistory.com/download-26-694	VALID_FROM_INDEX			
https://web.archive.org/web/20161103152243/https://mw.modhistory.com/download-26-7073	VALID_FROM_INDEX			
https://web.archive.org/web/20161103152243/https://mw.modhistory.com/download-26-7082	VALID_FROM_INDEX			
https://web.archive.org/web/20161103152243/https://mw.modhistory.com/download-26-7153	VALID_FROM_INDEX			
https://web.archive.org/web/20161103152243/https://mw.modhistory.com/download-26-7197	VALID_FROM_INDEX			
https://web.archive.org/web/20161103152243/https://mw.modhistory.com/download-26-7262	VALID_FROM_INDEX			
https://web.archive.org/web/20161103152243/https://mw.modhistory.com/download-26-757	VALID_FROM_INDEX			
https://web.archive.org/web/20161103152243/https://mw.modhistory.com/download-26-7578	VALID_FROM_INDEX			
https://web.archive.org/web/20161103152243/https://mw.modhistory.com/download-26-7760	VALID_FROM_INDEX			
https://web.archive.org/web/20161103152243/https://mw.modhistory.com/download-26-7761	VALID_FROM_INDEX			
https://web.archive.org/web/20161103152243/https://mw.modhistory.com/download-26-7898	VALID_FROM_INDEX			
https://web.archive.org/web/20161103152243/https://mw.modhistory.com/download-26-800	VALID_FROM_INDEX			
https://web.archive.org/web/20161103152243/https://mw.modhistory.com/download-26-8310	VALID_FROM_INDEX			
https://web.archive.org/web/20161103152243/https://mw.modhistory.com/download-26-8556	VALID_FROM_INDEX			
https://web.archive.org/web/20161103152243/https://mw.modhistory.com/download-26-8807	VALID_FROM_INDEX			
https://web.archive.org/web/20161103152243/https://mw.modhistory.com/download-26-8971	VALID_FROM_INDEX			
https://web.archive.org/web/20161103152243/https://mw.modhistory.com/download-26-8972	VALID_FROM_INDEX			
https://web.archive.org/web/20161103152243/https://mw.modhistory.com/download-26-9061	VALID_FROM_INDEX			
https://web.archive.org/web/20161103152243/https://mw.modhistory.com/download-26-917	VALID_FROM_INDEX			
https://web.archive.org/web/20161103152243/https://mw.modhistory.com/download-26-9210	VALID_FROM_INDEX			
https://web.archive.org/web/20161103152243/https://mw.modhistory.com/download-26-9313	VALID_FROM_INDEX			
https://web.archive.org/web/20161103152243/https://mw.modhistory.com/download-26-9620	VALID_FROM_INDEX			
https://web.archive.org/web/20161103152243/https://mw.modhistory.com/download-31-1063	VALID_FROM_INDEX			
https://web.archive.org/web/20161103152243/https://mw.modhistory.com/download-31-1092	VALID_FROM_INDEX			
https://web.archive.org/web/20161103152243/https://mw.modhistory.com/download-31-11079	VALID_FROM_INDEX			
https://web.archive.org/web/20161103152243/https://mw.modhistory.com/download-31-11215	VALID_FROM_INDEX			
https://web.archive.org/web/20161103152243/https://mw.modhistory.com/download-31-11384	VALID_FROM_INDEX			
https://web.archive.org/web/20161103152243/https://mw.modhistory.com/download-31-12510	VALID_FROM_INDEX			
https://web.archive.org/web/20161103152243/https://mw.modhistory.com/download-31-13027	VALID_FROM_INDEX			
https://web.archive.org/web/20161103152243/https://mw.modhistory.com/download-31-13206	VALID_FROM_INDEX			
https://web.archive.org/web/20161103152243/https://mw.modhistory.com/download-31-13780	VALID_FROM_INDEX			
https://web.archive.org/web/20161103152243/https://mw.modhistory.com/download-31-14080	VALID_FROM_INDEX			
https://web.archive.org/web/20161103152243/https://mw.modhistory.com/download-31-14246	VALID_FROM_INDEX			
https://web.archive.org/web/20161103152243/https://mw.modhistory.com/download-31-14647	VALID_FROM_INDEX			
https://web.archive.org/web/20161103152243/https://mw.modhistory.com/download-31-14724	VALID_FROM_INDEX			
https://web.archive.org/web/20161103152243/https://mw.modhistory.com/download-31-14997	VALID_FROM_INDEX			
https://web.archive.org/web/20161103152243/https://mw.modhistory.com/download-31-15228	VALID_FROM_INDEX			
https://web.archive.org/web/20161103152243/https://mw.modhistory.com/download-31-15428	VALID_FROM_INDEX			
https://web.archive.org/web/20161103152243/https://mw.modhistory.com/download-31-2314	VALID_FROM_INDEX			
https://web.archive.org/web/20161103152243/https://mw.modhistory.com/download-31-2639	VALID_FROM_INDEX			
https://web.archive.org/web/20161103152243/https://mw.modhistory.com/download-31-2640	VALID_FROM_INDEX			
https://web.archive.org/web/20161103152243/https://mw.modhistory.com/download-31-2648	VALID_FROM_INDEX			
https://web.archive.org/web/20161103152243/https://mw.modhistory.com/download-31-2649	VALID_FROM_INDEX			
https://web.archive.org/web/20161103152243/https://mw.modhistory.com/download-31-2654	VALID_FROM_INDEX			
https://web.archive.org/web/20161103152243/https://mw.modhistory.com/download-31-2655	VALID_FROM_INDEX			
https://web.archive.org/web/20161103152243/https://mw.modhistory.com/download-31-2657	VALID_FROM_INDEX			
https://web.archive.org/web/20161103152243/https://mw.modhistory.com/download-31-2662	VALID_FROM_INDEX			
https://web.archive.org/web/20161103152243/https://mw.modhistory.com/download-31-2663	VALID_FROM_INDEX			
https://web.archive.org/web/20161103152243/https://mw.modhistory.com/download-31-2664	VALID_FROM_INDEX			
https://web.archive.org/web/20161103152243/https://mw.modhistory.com/download-31-2673	VALID_FROM_INDEX			
https://web.archive.org/web/20161103152243/https://mw.modhistory.com/download-31-2677	VALID_FROM_INDEX			
https://web.archive.org/web/20161103152243/https://mw.modhistory.com/download-31-2678	VALID_FROM_INDEX			
https://web.archive.org/web/20161103152243/https://mw.modhistory.com/download-31-2683	VALID_FROM_INDEX			
https://web.archive.org/web/20161103152243/https://mw.modhistory.com/download-31-2694	VALID_FROM_INDEX			
https://web.archive.org/web/20161103152243/https://mw.modhistory.com/download-31-2696	VALID_FROM_INDEX			
https://web.archive.org/web/20161103152243/https://mw.modhistory.com/download-31-2698	VALID_FROM_INDEX			
https://web.archive.org/web/20161103152243/https://mw.modhistory.com/download-31-479	VALID_FROM_INDEX			
https://web.archive.org/web/20161103152243/https://mw.modhistory.com/download-31-481	VALID_FROM_INDEX			
https://web.archive.org/web/20161103152243/https://mw.modhistory.com/download-31-5117	VALID_FROM_INDEX			
https://web.archive.org/web/20161103152243/https://mw.modhistory.com/download-31-5120	VALID_FROM_INDEX			
https://web.archive.org/web/20161103152243/https://mw.modhistory.com/download-31-530	VALID_FROM_INDEX			
https://web.archive.org/web/20161103152243/https://mw.modhistory.com/download-31-6662	VALID_FROM_INDEX			
https://web.archive.org/web/20161103152243/https://mw.modhistory.com/download-31-6675	VALID_FROM_INDEX			
https://web.archive.org/web/20161103152243/https://mw.modhistory.com/download-31-7316	VALID_FROM_INDEX			
https://web.archive.org/web/20161103152243/https://mw.modhistory.com/download-31-7317	VALID_FROM_INDEX			
https://web.archive.org/web/20161103152243/https://mw.modhistory.com/download-31-7533	VALID_FROM_INDEX			
https://web.archive.org/web/20161103152243/https://mw.modhistory.com/download-31-7699	VALID_FROM_INDEX			
https://web.archive.org/web/20161103152243/https://mw.modhistory.com/download-31-7717	VALID_FROM_INDEX			
https://web.archive.org/web/20161103152243/https://mw.modhistory.com/download-31-7758	VALID_FROM_INDEX			
https://web.archive.org/web/20161103152243/https://mw.modhistory.com/download-31-7840	VALID_FROM_INDEX			
https://web.archive.org/web/20161103152243/https://mw.modhistory.com/download-31-8231	VALID_FROM_INDEX			
https://web.archive.org/web/20161103152243/https://mw.modhistory.com/download-31-8445	VALID_FROM_INDEX			
https://web.archive.org/web/20161103152243/https://mw.modhistory.com/download-31-8628	VALID_FROM_INDEX			
https://web.archive.org/web/20161103152243/https://mw.modhistory.com/download-31-8695	VALID_FROM_INDEX			
https://web.archive.org/web/20161103152243/https://mw.modhistory.com/download-31-9016	VALID_FROM_INDEX			
https://web.archive.org/web/20161103152243/https://mw.modhistory.com/download-31-9116	VALID_FROM_INDEX			
https://web.archive.org/web/20161103152243/https://mw.modhistory.com/download-31-9236	VALID_FROM_INDEX			
https://web.archive.org/web/20161103152243/https://mw.modhistory.com/download-33-11884	VALID_FROM_INDEX			
https://web.archive.org/web/20161103152243/https://mw.modhistory.com/download-33-13300	VALID_FROM_INDEX			
https://web.archive.org/web/20161103152243/https://mw.modhistory.com/download-35-10050	VALID_FROM_INDEX			
https://web.archive.org/web/20161103152243/https://mw.modhistory.com/download-35-10057	VALID_FROM_INDEX			
https://web.archive.org/web/20161103152243/https://mw.modhistory.com/download-35-10069	VALID_FROM_INDEX			
https://web.archive.org/web/20161103152243/https://mw.modhistory.com/download-35-10248	VALID_FROM_INDEX			
https://web.archive.org/web/20161103152243/https://mw.modhistory.com/download-35-103	VALID_FROM_INDEX			
https://web.archive.org/web/20161103152243/https://mw.modhistory.com/download-35-10664	VALID_FROM_INDEX			
https://web.archive.org/web/20161103152243/https://mw.modhistory.com/download-35-10694	VALID_FROM_INDEX			
https://web.archive.org/web/20161103152243/https://mw.modhistory.com/download-35-10712	VALID_FROM_INDEX			
https://web.archive.org/web/20161103152243/https://mw.modhistory.com/download-35-11098	VALID_FROM_INDEX			
https://web.archive.org/web/20161103152243/https://mw.modhistory.com/download-35-11181	VALID_FROM_INDEX			
https://web.archive.org/web/20161103152243/https://mw.modhistory.com/download-35-11313	VALID_FROM_INDEX			
https://web.archive.org/web/20161103152243/https://mw.modhistory.com/download-35-11405	VALID_FROM_INDEX			
https://web.archive.org/web/20161103152243/https://mw.modhistory.com/download-35-11851	VALID_FROM_INDEX			
https://web.archive.org/web/20161103152243/https://mw.modhistory.com/download-35-11854	VALID_FROM_INDEX			
https://web.archive.org/web/20161103152243/https://mw.modhistory.com/download-35-1217	VALID_FROM_INDEX			
https://web.archive.org/web/20161103152243/https://mw.modhistory.com/download-35-1274	VALID_FROM_INDEX			
https://web.archive.org/web/20161103152243/https://mw.modhistory.com/download-35-12879	VALID_FROM_INDEX			
https://web.archive.org/web/20161103152243/https://mw.modhistory.com/download-35-13139	VALID_FROM_INDEX			
https://web.archive.org/web/20161103152243/https://mw.modhistory.com/download-35-13174	VALID_FROM_INDEX			
https://web.archive.org/web/20161103152243/https://mw.modhistory.com/download-35-1321	VALID_FROM_INDEX			
https://web.archive.org/web/20161103152243/https://mw.modhistory.com/download-35-1357	VALID_FROM_INDEX			
https://web.archive.org/web/20161103152243/https://mw.modhistory.com/download-35-13677	VALID_FROM_INDEX			
https://web.archive.org/web/20161103152243/https://mw.modhistory.com/download-35-13858	VALID_FROM_INDEX			
https://web.archive.org/web/20161103152243/https://mw.modhistory.com/download-35-1401	VALID_FROM_INDEX			
https://web.archive.org/web/20161103152243/https://mw.modhistory.com/download-35-1425	VALID_FROM_INDEX			
https://web.archive.org/web/20161103152243/https://mw.modhistory.com/download-35-14359	VALID_FROM_INDEX			
https://web.archive.org/web/20161103152243/https://mw.modhistory.com/download-35-14810	VALID_FROM_INDEX			
https://web.archive.org/web/20161103152243/https://mw.modhistory.com/download-35-1495	VALID_FROM_INDEX			
https://web.archive.org/web/20161103152243/https://mw.modhistory.com/download-35-15095	VALID_FROM_INDEX			
https://web.archive.org/web/20161103152243/https://mw.modhistory.com/download-35-15120	VALID_FROM_INDEX			
https://web.archive.org/web/20161103152243/https://mw.modhistory.com/download-35-15123	VALID_FROM_INDEX			
https://web.archive.org/web/20161103152243/https://mw.modhistory.com/download-35-15149	VALID_FROM_INDEX			
https://web.archive.org/web/20161103152243/https://mw.modhistory.com/download-35-1545	VALID_FROM_INDEX			
https://web.archive.org/web/20161103152243/https://mw.modhistory.com/download-35-1711	VALID_FROM_INDEX			
https://web.archive.org/web/20161103152243/https://mw.modhistory.com/download-35-1783	VALID_FROM_INDEX			
https://web.archive.org/web/20161103152243/https://mw.modhistory.com/download-35-1965	VALID_FROM_INDEX			
https://web.archive.org/web/20161103152243/https://mw.modhistory.com/download-35-2053	VALID_FROM_INDEX			
https://web.archive.org/web/20161103152243/https://mw.modhistory.com/download-35-2179	VALID_FROM_INDEX			
https://web.archive.org/web/20161103152243/https://mw.modhistory.com/download-35-2188	VALID_FROM_INDEX			
https://web.archive.org/web/20161103152243/https://mw.modhistory.com/download-35-2256	VALID_FROM_INDEX			
https://web.archive.org/web/20161103152243/https://mw.modhistory.com/download-35-3180	VALID_FROM_INDEX			
https://web.archive.org/web/20161103152243/https://mw.modhistory.com/download-35-3185	VALID_FROM_INDEX			
https://web.archive.org/web/20161103152243/https://mw.modhistory.com/download-35-3192	VALID_FROM_INDEX			
https://web.archive.org/web/20161103152243/https://mw.modhistory.com/download-35-352	VALID_FROM_INDEX			
https://web.archive.org/web/20161103152243/https://mw.modhistory.com/download-35-417	VALID_FROM_INDEX			
https://web.archive.org/web/20161103152243/https://mw.modhistory.com/download-35-475	VALID_FROM_INDEX			
https://web.archive.org/web/20161103152243/https://mw.modhistory.com/download-35-4907	VALID_FROM_INDEX			
https://web.archive.org/web/20161103152243/https://mw.modhistory.com/download-35-4916	VALID_FROM_INDEX			
https://web.archive.org/web/20161103152243/https://mw.modhistory.com/download-35-4918	VALID_FROM_INDEX			
https://web.archive.org/web/20161103152243/https://mw.modhistory.com/download-35-4926	VALID_FROM_INDEX			
https://web.archive.org/web/20161103152243/https://mw.modhistory.com/download-35-4960	VALID_FROM_INDEX			
https://web.archive.org/web/20161103152243/https://mw.modhistory.com/download-35-5839	VALID_FROM_INDEX			
https://web.archive.org/web/20161103152243/https://mw.modhistory.com/download-35-643	VALID_FROM_INDEX			
https://web.archive.org/web/20161103152243/https://mw.modhistory.com/download-35-6928	VALID_FROM_INDEX			
https://web.archive.org/web/20161103152243/https://mw.modhistory.com/download-35-7126	VALID_FROM_INDEX			
https://web.archive.org/web/20161103152243/https://mw.modhistory.com/download-35-7202	VALID_FROM_INDEX			
https://web.archive.org/web/20161103152243/https://mw.modhistory.com/download-35-7753	VALID_FROM_INDEX			
https://web.archive.org/web/20161103152243/https://mw.modhistory.com/download-35-7964	VALID_FROM_INDEX			
https://web.archive.org/web/20161103152243/https://mw.modhistory.com/download-35-7971	VALID_FROM_INDEX			
https://web.archive.org/web/20161103152243/https://mw.modhistory.com/download-35-8052	VALID_FROM_INDEX			
https://web.archive.org/web/20161103152243/https://mw.modhistory.com/download-35-9550	VALID_FROM_INDEX			
https://web.archive.org/web/20161103152243/https://mw.modhistory.com/download-35-9784	VALID_FROM_INDEX			
https://web.archive.org/web/20161103152243/https://mw.modhistory.com/download-37-1036	VALID_FROM_INDEX			
https://web.archive.org/web/20161103152243/https://mw.modhistory.com/download-37-1162	VALID_FROM_INDEX			
https://web.archive.org/web/20161103152243/https://mw.modhistory.com/download-37-1163	VALID_FROM_INDEX			
https://web.archive.org/web/20161103152243/https://mw.modhistory.com/download-37-11696	VALID_FROM_INDEX			
https://web.archive.org/web/20161103152243/https://mw.modhistory.com/download-37-11714	VALID_FROM_INDEX			
https://web.archive.org/web/20161103152243/https://mw.modhistory.com/download-37-11731	VALID_FROM_INDEX			
https://web.archive.org/web/20161103152243/https://mw.modhistory.com/download-37-11920	VALID_FROM_INDEX			
https://web.archive.org/web/20161103152243/https://mw.modhistory.com/download-37-12104	VALID_FROM_INDEX			
https://web.archive.org/web/20161103152243/https://mw.modhistory.com/download-37-12114	VALID_FROM_INDEX			
https://web.archive.org/web/20161103152243/https://mw.modhistory.com/download-37-12120	VALID_FROM_INDEX			
https://web.archive.org/web/20161103152243/https://mw.modhistory.com/download-37-12205	VALID_FROM_INDEX			
https://web.archive.org/web/20161103152243/https://mw.modhistory.com/download-37-12253	VALID_FROM_INDEX			
https://web.archive.org/web/20161103152243/https://mw.modhistory.com/download-37-12274	VALID_FROM_INDEX			
https://web.archive.org/web/20161103152243/https://mw.modhistory.com/download-37-12275	VALID_FROM_INDEX			
https://web.archive.org/web/20161103152243/https://mw.modhistory.com/download-37-13012	VALID_FROM_INDEX			
https://web.archive.org/web/20161103152243/https://mw.modhistory.com/download-37-1333	VALID_FROM_INDEX			
https://web.archive.org/web/20161103152243/https://mw.modhistory.com/download-37-14887	VALID_FROM_INDEX			
https://web.archive.org/web/20161103152243/https://mw.modhistory.com/download-37-15001	VALID_FROM_INDEX			
https://web.archive.org/web/20161103152243/https://mw.modhistory.com/download-37-15004	VALID_FROM_INDEX			
https://web.archive.org/web/20161103152243/https://mw.modhistory.com/download-37-15051	VALID_FROM_INDEX			
https://web.archive.org/web/20161103152243/https://mw.modhistory.com/download-37-15053	VALID_FROM_INDEX			
https://web.archive.org/web/20161103152243/https://mw.modhistory.com/download-37-15054	VALID_FROM_INDEX			
https://web.archive.org/web/20161103152243/https://mw.modhistory.com/download-37-15251	VALID_FROM_INDEX			
https://web.archive.org/web/20161103152243/https://mw.modhistory.com/download-37-15299	VALID_FROM_INDEX			
https://web.archive.org/web/20161103152243/https://mw.modhistory.com/download-37-15324	VALID_FROM_INDEX			
https://web.archive.org/web/20161103152243/https://mw.modhistory.com/download-37-1605	VALID_FROM_INDEX			
https://web.archive.org/web/20161103152243/https://mw.modhistory.com/download-37-1810	VALID_FROM_INDEX			
https://web.archive.org/web/20161103152243/https://mw.modhistory.com/download-37-1812	VALID_FROM_INDEX			
https://web.archive.org/web/20161103152243/https://mw.modhistory.com/download-37-1835	VALID_FROM_INDEX			
https://web.archive.org/web/20161103152243/https://mw.modhistory.com/download-37-1848	VALID_FROM_INDEX			
https://web.archive.org/web/20161103152243/https://mw.modhistory.com/download-37-1892	VALID_FROM_INDEX			
https://web.archive.org/web/20161103152243/https://mw.modhistory.com/download-37-1960	VALID_FROM_INDEX			
https://web.archive.org/web/20161103152243/https://mw.modhistory.com/download-37-1995	VALID_FROM_INDEX			
https://web.archive.org/web/20161103152243/https://mw.modhistory.com/download-37-2081	VALID_FROM_INDEX			
https://web.archive.org/web/20161103152243/https://mw.modhistory.com/download-37-2105	VALID_FROM_INDEX			
https://web.archive.org/web/20161103152243/https://mw.modhistory.com/download-37-2147	VALID_FROM_INDEX			
https://web.archive.org/web/20161103152243/https://mw.modhistory.com/download-37-2154	VALID_FROM_INDEX			
https://web.archive.org/web/20161103152243/https://mw.modhistory.com/download-37-2176	VALID_FROM_INDEX			
https://web.archive.org/web/20161103152243/https://mw.modhistory.com/download-37-219	VALID_FROM_INDEX			
https://web.archive.org/web/20161103152243/https://mw.modhistory.com/download-37-224	VALID_FROM_INDEX			
https://web.archive.org/web/20161103152243/https://mw.modhistory.com/download-37-2241	VALID_FROM_INDEX			
https://web.archive.org/web/20161103152243/https://mw.modhistory.com/download-37-2251	VALID_FROM_INDEX			
https://web.archive.org/web/20161103152243/https://mw.modhistory.com/download-37-2277	VALID_FROM_INDEX			
https://web.archive.org/web/20161103152243/https://mw.modhistory.com/download-37-2706	VALID_FROM_INDEX			
https://web.archive.org/web/20161103152243/https://mw.modhistory.com/download-37-2707	VALID_FROM_INDEX			
https://web.archive.org/web/20161103152243/https://mw.modhistory.com/download-37-2715	VALID_FROM_INDEX			
https://web.archive.org/web/20161103152243/https://mw.modhistory.com/download-37-2720	VALID_FROM_INDEX			
https://web.archive.org/web/20161103152243/https://mw.modhistory.com/download-37-2721	VALID_FROM_INDEX			
https://web.archive.org/web/20161103152243/https://mw.modhistory.com/download-37-2722	VALID_FROM_INDEX			
https://web.archive.org/web/20161103152243/https://mw.modhistory.com/download-37-2730	VALID_FROM_INDEX			
https://web.archive.org/web/20161103152243/https://mw.modhistory.com/download-37-2735	VALID_FROM_INDEX			
https://web.archive.org/web/20161103152243/https://mw.modhistory.com/download-37-2736	VALID_FROM_INDEX			
https://web.archive.org/web/20161103152243/https://mw.modhistory.com/download-37-2743	VALID_FROM_INDEX			
https://web.archive.org/web/20161103152243/https://mw.modhistory.com/download-37-2747	VALID_FROM_INDEX			
https://web.archive.org/web/20161103152243/https://mw.modhistory.com/download-37-2750	VALID_FROM_INDEX			
https://web.archive.org/web/20161103152243/https://mw.modhistory.com/download-37-2753	VALID_FROM_INDEX			
https://web.archive.org/web/20161103152243/https://mw.modhistory.com/download-37-2755	VALID_FROM_INDEX			
https://web.archive.org/web/20161103152243/https://mw.modhistory.com/download-37-2757	VALID_FROM_INDEX			
https://web.archive.org/web/20161103152243/https://mw.modhistory.com/download-37-2759	VALID_FROM_INDEX			
https://web.archive.org/web/20161103152243/https://mw.modhistory.com/download-37-2760	VALID_FROM_INDEX			
https://web.archive.org/web/20161103152243/https://mw.modhistory.com/download-37-2763	VALID_FROM_INDEX			
https://web.archive.org/web/20161103152243/https://mw.modhistory.com/download-37-2766	VALID_FROM_INDEX			
https://web.archive.org/web/20161103152243/https://mw.modhistory.com/download-37-2770	VALID_FROM_INDEX			
https://web.archive.org/web/20161103152243/https://mw.modhistory.com/download-37-2771	VALID_FROM_INDEX			
https://web.archive.org/web/20161103152243/https://mw.modhistory.com/download-37-2774	VALID_FROM_INDEX			
https://web.archive.org/web/20161103152243/https://mw.modhistory.com/download-37-2775	VALID_FROM_INDEX			
https://web.archive.org/web/20161103152243/https://mw.modhistory.com/download-37-2781	VALID_FROM_INDEX			
https://web.archive.org/web/20161103152243/https://mw.modhistory.com/download-37-2782	VALID_FROM_INDEX			
https://web.archive.org/web/20161103152243/https://mw.modhistory.com/download-37-2788	VALID_FROM_INDEX			
https://web.archive.org/web/20161103152243/https://mw.modhistory.com/download-37-2789	VALID_FROM_INDEX			
https://web.archive.org/web/20161103152243/https://mw.modhistory.com/download-37-2790	VALID_FROM_INDEX			
https://web.archive.org/web/20161103152243/https://mw.modhistory.com/download-37-2793	VALID_FROM_INDEX			
https://web.archive.org/web/20161103152243/https://mw.modhistory.com/download-37-2795	VALID_FROM_INDEX			
https://web.archive.org/web/20161103152243/https://mw.modhistory.com/download-37-2796	VALID_FROM_INDEX			
https://web.archive.org/web/20161103152243/https://mw.modhistory.com/download-37-2798	VALID_FROM_INDEX			
https://web.archive.org/web/20161103152243/https://mw.modhistory.com/download-37-2803	VALID_FROM_INDEX			
https://web.archive.org/web/20161103152243/https://mw.modhistory.com/download-37-2804	VALID_FROM_INDEX			
https://web.archive.org/web/20161103152243/https://mw.modhistory.com/download-37-2808	VALID_FROM_INDEX			
https://web.archive.org/web/20161103152243/https://mw.modhistory.com/download-37-2809	VALID_FROM_INDEX			
https://web.archive.org/web/20161103152243/https://mw.modhistory.com/download-37-2813	VALID_FROM_INDEX			
https://web.archive.org/web/20161103152243/https://mw.modhistory.com/download-37-2814	VALID_FROM_INDEX			
https://web.archive.org/web/20161103152243/https://mw.modhistory.com/download-37-2816	VALID_FROM_INDEX			
https://web.archive.org/web/20161103152243/https://mw.modhistory.com/download-37-2817	VALID_FROM_INDEX			
https://web.archive.org/web/20161103152243/https://mw.modhistory.com/download-37-2821	VALID_FROM_INDEX			
https://web.archive.org/web/20161103152243/https://mw.modhistory.com/download-37-2825	VALID_FROM_INDEX			
https://web.archive.org/web/20161103152243/https://mw.modhistory.com/download-37-2826	VALID_FROM_INDEX			
https://web.archive.org/web/20161103152243/https://mw.modhistory.com/download-37-2829	VALID_FROM_INDEX			
https://web.archive.org/web/20161103152243/https://mw.modhistory.com/download-37-2830	VALID_FROM_INDEX			
https://web.archive.org/web/20161103152243/https://mw.modhistory.com/download-37-2835	VALID_FROM_INDEX			
https://web.archive.org/web/20161103152243/https://mw.modhistory.com/download-37-2838	VALID_FROM_INDEX			
https://web.archive.org/web/20161103152243/https://mw.modhistory.com/download-37-2840	VALID_FROM_INDEX			
https://web.archive.org/web/20161103152243/https://mw.modhistory.com/download-37-2841	VALID_FROM_INDEX			
https://web.archive.org/web/20161103152243/https://mw.modhistory.com/download-37-2842	VALID_FROM_INDEX			
https://web.archive.org/web/20161103152243/https://mw.modhistory.com/download-37-2845	VALID_FROM_INDEX			
https://web.archive.org/web/20161103152243/https://mw.modhistory.com/download-37-2846	VALID_FROM_INDEX			
https://web.archive.org/web/20161103152243/https://mw.modhistory.com/download-37-2848	VALID_FROM_INDEX			
https://web.archive.org/web/20161103152243/https://mw.modhistory.com/download-37-2851	VALID_FROM_INDEX			
https://web.archive.org/web/20161103152243/https://mw.modhistory.com/download-37-2852	VALID_FROM_INDEX			
https://web.archive.org/web/20161103152243/https://mw.modhistory.com/download-37-2853	VALID_FROM_INDEX			
https://web.archive.org/web/20161103152243/https://mw.modhistory.com/download-37-2857	VALID_FROM_INDEX			
https://web.archive.org/web/20161103152243/https://mw.modhistory.com/download-37-2859	VALID_FROM_INDEX			
https://web.archive.org/web/20161103152243/https://mw.modhistory.com/download-37-2861	VALID_FROM_INDEX			
https://web.archive.org/web/20161103152243/https://mw.modhistory.com/download-37-2862	VALID_FROM_INDEX			
https://web.archive.org/web/20161103152243/https://mw.modhistory.com/download-37-2863	VALID_FROM_INDEX			
https://web.archive.org/web/20161103152243/https://mw.modhistory.com/download-37-2864	VALID_FROM_INDEX			
https://web.archive.org/web/20161103152243/https://mw.modhistory.com/download-37-2868	VALID_FROM_INDEX			
https://web.archive.org/web/20161103152243/https://mw.modhistory.com/download-37-2877	VALID_FROM_INDEX			
https://web.archive.org/web/20161103152243/https://mw.modhistory.com/download-37-2881	VALID_FROM_INDEX			
https://web.archive.org/web/20161103152243/https://mw.modhistory.com/download-37-2882	VALID_FROM_INDEX			
https://web.archive.org/web/20161103152243/https://mw.modhistory.com/download-37-2883	VALID_FROM_INDEX			
https://web.archive.org/web/20161103152243/https://mw.modhistory.com/download-37-2885	VALID_FROM_INDEX			
https://web.archive.org/web/20161103152243/https://mw.modhistory.com/download-37-2886	VALID_FROM_INDEX			
https://web.archive.org/web/20161103152243/https://mw.modhistory.com/download-37-2889	VALID_FROM_INDEX			
https://web.archive.org/web/20161103152243/https://mw.modhistory.com/download-37-2891	VALID_FROM_INDEX			
https://web.archive.org/web/20161103152243/https://mw.modhistory.com/download-37-2892	VALID_FROM_INDEX			
https://web.archive.org/web/20161103152243/https://mw.modhistory.com/download-37-2893	VALID_FROM_INDEX			
https://web.archive.org/web/20161103152243/https://mw.modhistory.com/download-37-2894	VALID_FROM_INDEX			
https://web.archive.org/web/20161103152243/https://mw.modhistory.com/download-37-2896	VALID_FROM_INDEX			
https://web.archive.org/web/20161103152243/https://mw.modhistory.com/download-37-2904	VALID_FROM_INDEX			
https://web.archive.org/web/20161103152243/https://mw.modhistory.com/download-37-2905	VALID_FROM_INDEX			
https://web.archive.org/web/20161103152243/https://mw.modhistory.com/download-37-2907	VALID_FROM_INDEX			
https://web.archive.org/web/20161103152243/https://mw.modhistory.com/download-37-2910	VALID_FROM_INDEX			
https://web.archive.org/web/20161103152243/https://mw.modhistory.com/download-37-2912	VALID_FROM_INDEX			
https://web.archive.org/web/20161103152243/https://mw.modhistory.com/download-37-2914	VALID_FROM_INDEX			
https://web.archive.org/web/20161103152243/https://mw.modhistory.com/download-37-2916	VALID_FROM_INDEX			
https://web.archive.org/web/20161103152243/https://mw.modhistory.com/download-37-2921	VALID_FROM_INDEX			
https://web.archive.org/web/20161103152243/https://mw.modhistory.com/download-37-2923	VALID_FROM_INDEX			
https://web.archive.org/web/20161103152243/https://mw.modhistory.com/download-37-2925	VALID_FROM_INDEX			
https://web.archive.org/web/20161103152243/https://mw.modhistory.com/download-37-2927	VALID_FROM_INDEX			
https://web.archive.org/web/20161103152243/https://mw.modhistory.com/download-37-2928	VALID_FROM_INDEX			
https://web.archive.org/web/20161103152243/https://mw.modhistory.com/download-37-2930	VALID_FROM_INDEX			
https://web.archive.org/web/20161103152243/https://mw.modhistory.com/download-37-2934	VALID_FROM_INDEX			
https://web.archive.org/web/20161103152243/https://mw.modhistory.com/download-37-2935	VALID_FROM_INDEX			
https://web.archive.org/web/20161103152243/https://mw.modhistory.com/download-37-2938	VALID_FROM_INDEX			
https://web.archive.org/web/20161103152243/https://mw.modhistory.com/download-37-325	VALID_FROM_INDEX			
https://web.archive.org/web/20161103152243/https://mw.modhistory.com/download-37-3781	VALID_FROM_INDEX			
https://web.archive.org/web/20161103152243/https://mw.modhistory.com/download-37-379	VALID_FROM_INDEX			
https://web.archive.org/web/20161103152243/https://mw.modhistory.com/download-37-3925	VALID_FROM_INDEX			
https://web.archive.org/web/20161103152243/https://mw.modhistory.com/download-37-402	VALID_FROM_INDEX			
https://web.archive.org/web/20161103152243/https://mw.modhistory.com/download-37-4694	VALID_FROM_INDEX			
https://web.archive.org/web/20161103152243/https://mw.modhistory.com/download-37-4730	VALID_FROM_INDEX			
https://web.archive.org/web/20161103152243/https://mw.modhistory.com/download-37-4977	VALID_FROM_INDEX			
https://web.archive.org/web/20161103152243/https://mw.modhistory.com/download-37-5482	VALID_FROM_INDEX			
https://web.archive.org/web/20161103152243/https://mw.modhistory.com/download-37-5483	VALID_FROM_INDEX			
https://web.archive.org/web/20161103152243/https://mw.modhistory.com/download-37-5545	VALID_FROM_INDEX			
https://web.archive.org/web/20161103152243/https://mw.modhistory.com/download-37-5583	VALID_FROM_INDEX			
https://web.archive.org/web/20161103152243/https://mw.modhistory.com/download-37-5793	VALID_FROM_INDEX			
https://web.archive.org/web/20161103152243/https://mw.modhistory.com/download-37-5904	VALID_FROM_INDEX			
https://web.archive.org/web/20161103152243/https://mw.modhistory.com/download-37-6033	VALID_FROM_INDEX			
https://web.archive.org/web/20161103152243/https://mw.modhistory.com/download-37-6034	VALID_FROM_INDEX			
https://web.archive.org/web/20161103152243/https://mw.modhistory.com/download-37-635	VALID_FROM_INDEX			
https://web.archive.org/web/20161103152243/https://mw.modhistory.com/download-37-6355	VALID_FROM_INDEX			
https://web.archive.org/web/20161103152243/https://mw.modhistory.com/download-37-6862	VALID_FROM_INDEX			
https://web.archive.org/web/20161103152243/https://mw.modhistory.com/download-37-6953	VALID_FROM_INDEX			
https://web.archive.org/web/20161103152243/https://mw.modhistory.com/download-37-6955	VALID_FROM_INDEX			
https://web.archive.org/web/20161103152243/https://mw.modhistory.com/download-37-7023	VALID_FROM_INDEX			
https://web.archive.org/web/20161103152243/https://mw.modhistory.com/download-37-7250	VALID_FROM_INDEX			
https://web.archive.org/web/20161103152243/https://mw.modhistory.com/download-37-7453	VALID_FROM_INDEX			
https://web.archive.org/web/20161103152243/https://mw.modhistory.com/download-37-8267	VALID_FROM_INDEX			
https://web.archive.org/web/20161103152243/https://mw.modhistory.com/download-37-861	VALID_FROM_INDEX			
https://web.archive.org/web/20161103152243/https://mw.modhistory.com/download-37-9151	VALID_FROM_INDEX			
https://web.archive.org/web/20161103152243/https://mw.modhistory.com/download-37-919	VALID_FROM_INDEX			
https://web.archive.org/web/20161103152243/https://mw.modhistory.com/download-4-1001	VALID_FROM_INDEX			
https://web.archive.org/web/20161103152243/https://mw.modhistory.com/download-4-10044	VALID_FROM_INDEX			
https://web.archive.org/web/20161103152243/https://mw.modhistory.com/download-4-10084	VALID_FROM_INDEX			
https://web.archive.org/web/20161103152243/https://mw.modhistory.com/download-4-10219	VALID_FROM_INDEX			
https://web.archive.org/web/20161103152243/https://mw.modhistory.com/download-4-10255	VALID_FROM_INDEX			
https://web.archive.org/web/20161103152243/https://mw.modhistory.com/download-4-10326	VALID_FROM_INDEX			
https://web.archive.org/web/20161103152243/https://mw.modhistory.com/download-4-10335	VALID_FROM_INDEX			
https://web.archive.org/web/20161103152243/https://mw.modhistory.com/download-4-10342	VALID_FROM_INDEX			
https://web.archive.org/web/20161103152243/https://mw.modhistory.com/download-4-10528	VALID_FROM_INDEX			
https://web.archive.org/web/20161103152243/https://mw.modhistory.com/download-4-10566	VALID_FROM_INDEX			
https://web.archive.org/web/20161103152243/https://mw.modhistory.com/download-4-10582	VALID_FROM_INDEX			
https://web.archive.org/web/20161103152243/https://mw.modhistory.com/download-4-10793	VALID_FROM_INDEX			
https://web.archive.org/web/20161103152243/https://mw.modhistory.com/download-4-10800	VALID_FROM_INDEX			
https://web.archive.org/web/20161103152243/https://mw.modhistory.com/download-4-10925	VALID_FROM_INDEX			
https://web.archive.org/web/20161103152243/https://mw.modhistory.com/download-4-10926	VALID_FROM_INDEX			
https://web.archive.org/web/20161103152243/https://mw.modhistory.com/download-4-10930	VALID_FROM_INDEX			
https://web.archive.org/web/20161103152243/https://mw.modhistory.com/download-4-11177	VALID_FROM_INDEX			
https://web.archive.org/web/20161103152243/https://mw.modhistory.com/download-4-11301	VALID_FROM_INDEX			
https://web.archive.org/web/20161103152243/https://mw.modhistory.com/download-4-11319	VALID_FROM_INDEX			
https://web.archive.org/web/20161103152243/https://mw.modhistory.com/download-4-1133	VALID_FROM_INDEX			
https://web.archive.org/web/20161103152243/https://mw.modhistory.com/download-4-11413	VALID_FROM_INDEX			
https://web.archive.org/web/20161103152243/https://mw.modhistory.com/download-4-11455	VALID_FROM_INDEX			
https://web.archive.org/web/20161103152243/https://mw.modhistory.com/download-4-11564	VALID_FROM_INDEX			
https://web.archive.org/web/20161103152243/https://mw.modhistory.com/download-4-11578	VALID_FROM_INDEX			
https://web.archive.org/web/20161103152243/https://mw.modhistory.com/download-4-11582	VALID_FROM_INDEX			
https://web.archive.org/web/20161103152243/https://mw.modhistory.com/download-4-11609	VALID_FROM_INDEX			
https://web.archive.org/web/20161103152243/https://mw.modhistory.com/download-4-11610	VALID_FROM_INDEX			
https://web.archive.org/web/20161103152243/https://mw.modhistory.com/download-4-11728	VALID_FROM_INDEX			
https://web.archive.org/web/20161103152243/https://mw.modhistory.com/download-4-11989	VALID_FROM_INDEX			
https://web.archive.org/web/20161103152243/https://mw.modhistory.com/download-4-12033	VALID_FROM_INDEX			
https://web.archive.org/web/20161103152243/https://mw.modhistory.com/download-4-12094	VALID_FROM_INDEX			
https://web.archive.org/web/20161103152243/https://mw.modhistory.com/download-4-12108	VALID_FROM_INDEX			
https://web.archive.org/web/20161103152243/https://mw.modhistory.com/download-4-12139	VALID_FROM_INDEX			
https://web.archive.org/web/20161103152243/https://mw.modhistory.com/download-4-12152	VALID_FROM_INDEX			
https://web.archive.org/web/20161103152243/https://mw.modhistory.com/download-4-12178	VALID_FROM_INDEX			
https://web.archive.org/web/20161103152243/https://mw.modhistory.com/download-4-12188	VALID_FROM_INDEX			
https://web.archive.org/web/20161103152243/https://mw.modhistory.com/download-4-12242	VALID_FROM_INDEX			
https://web.archive.org/web/20161103152243/https://mw.modhistory.com/download-4-12248	VALID_FROM_INDEX			
https://web.archive.org/web/20161103152243/https://mw.modhistory.com/download-4-12249	VALID_FROM_INDEX			
https://web.archive.org/web/20161103152243/https://mw.modhistory.com/download-4-12321	VALID_FROM_INDEX			
https://web.archive.org/web/20161103152243/https://mw.modhistory.com/download-4-12516	VALID_FROM_INDEX			
https://web.archive.org/web/20161103152243/https://mw.modhistory.com/download-4-12533	VALID_FROM_INDEX			
https://web.archive.org/web/20161103152243/https://mw.modhistory.com/download-4-12572	VALID_FROM_INDEX			
https://web.archive.org/web/20161103152243/https://mw.modhistory.com/download-4-12694	VALID_FROM_INDEX			
https://web.archive.org/web/20161103152243/https://mw.modhistory.com/download-4-12777	VALID_FROM_INDEX			
https://web.archive.org/web/20161103152243/https://mw.modhistory.com/download-4-12833	VALID_FROM_INDEX			
https://web.archive.org/web/20161103152243/https://mw.modhistory.com/download-4-1310	VALID_FROM_INDEX			
https://web.archive.org/web/20161103152243/https://mw.modhistory.com/download-4-13117	VALID_FROM_INDEX			
https://web.archive.org/web/20161103152243/https://mw.modhistory.com/download-4-13127	VALID_FROM_INDEX			
https://web.archive.org/web/20161103152243/https://mw.modhistory.com/download-4-13138	VALID_FROM_INDEX			
https://web.archive.org/web/20161103152243/https://mw.modhistory.com/download-4-13393	VALID_FROM_INDEX			
https://web.archive.org/web/20161103152243/https://mw.modhistory.com/download-4-13503	VALID_FROM_INDEX			
https://web.archive.org/web/20161103152243/https://mw.modhistory.com/download-4-13870	VALID_FROM_INDEX			
https://web.archive.org/web/20161103152243/https://mw.modhistory.com/download-4-14009	VALID_FROM_INDEX			
https://web.archive.org/web/20161103152243/https://mw.modhistory.com/download-4-14215	VALID_FROM_INDEX			
https://web.archive.org/web/20161103152243/https://mw.modhistory.com/download-4-14332	VALID_FROM_INDEX			
https://web.archive.org/web/20161103152243/https://mw.modhistory.com/download-4-14348	VALID_FROM_INDEX			
https://web.archive.org/web/20161103152243/https://mw.modhistory.com/download-4-14394	VALID_FROM_INDEX			
https://web.archive.org/web/20161103152243/https://mw.modhistory.com/download-4-14663	VALID_FROM_INDEX			
https://web.archive.org/web/20161103152243/https://mw.modhistory.com/download-4-14672	VALID_FROM_INDEX			
https://web.archive.org/web/20161103152243/https://mw.modhistory.com/download-4-14673	VALID_FROM_INDEX			
https://web.archive.org/web/20161103152243/https://mw.modhistory.com/download-4-1482	VALID_FROM_INDEX			
https://web.archive.org/web/20161103152243/https://mw.modhistory.com/download-4-14871	VALID_FROM_INDEX			
https://web.archive.org/web/20161103152243/https://mw.modhistory.com/download-4-1501	VALID_FROM_INDEX			
https://web.archive.org/web/20161103152243/https://mw.modhistory.com/download-4-15081	VALID_FROM_INDEX			
https://web.archive.org/web/20161103152243/https://mw.modhistory.com/download-4-15129	VALID_FROM_INDEX			
https://web.archive.org/web/20161103152243/https://mw.modhistory.com/download-4-1515	VALID_FROM_INDEX			
https://web.archive.org/web/20161103152243/https://mw.modhistory.com/download-4-1538	VALID_FROM_INDEX			
https://web.archive.org/web/20161103152243/https://mw.modhistory.com/download-4-1665	VALID_FROM_INDEX			
https://web.archive.org/web/20161103152243/https://mw.modhistory.com/download-4-1696	VALID_FROM_INDEX			
https://web.archive.org/web/20161103152243/https://mw.modhistory.com/download-4-20	VALID_FROM_INDEX			
https://web.archive.org/web/20161103152243/https://mw.modhistory.com/download-4-2087	VALID_FROM_INDEX			
https://web.archive.org/web/20161103152243/https://mw.modhistory.com/download-4-2100	VALID_FROM_INDEX			
https://web.archive.org/web/20161103152243/https://mw.modhistory.com/download-4-2132	VALID_FROM_INDEX			
https://web.archive.org/web/20161103152243/https://mw.modhistory.com/download-4-2184	VALID_FROM_INDEX			
https://web.archive.org/web/20161103152243/https://mw.modhistory.com/download-4-2216	VALID_FROM_INDEX			
https://web.archive.org/web/20161103152243/https://mw.modhistory.com/download-4-2238	VALID_FROM_INDEX			
https://web.archive.org/web/20161103152243/https://mw.modhistory.com/download-4-2267	VALID_FROM_INDEX			
https://web.archive.org/web/20161103152243/https://mw.modhistory.com/download-4-2288	VALID_FROM_INDEX			
https://web.archive.org/web/20161103152243/https://mw.modhistory.com/download-4-2304	VALID_FROM_INDEX			
https://web.archive.org/web/20161103152243/https://mw.modhistory.com/download-4-3005	VALID_FROM_INDEX			
https://web.archive.org/web/20161103152243/https://mw.modhistory.com/download-4-3006	VALID_FROM_INDEX			
https://web.archive.org/web/20161103152243/https://mw.modhistory.com/download-4-3007	VALID_FROM_INDEX			
https://web.archive.org/web/20161103152243/https://mw.modhistory.com/download-4-3008	VALID_FROM_INDEX			
https://web.archive.org/web/20161103152243/https://mw.modhistory.com/download-4-3009	VALID_FROM_INDEX			
https://web.archive.org/web/20161103152243/https://mw.modhistory.com/download-4-310	VALID_FROM_INDEX			
https://web.archive.org/web/20161103152243/https://mw.modhistory.com/download-4-501	VALID_FROM_INDEX			
https://web.archive.org/web/20161103152243/https://mw.modhistory.com/download-4-548	VALID_FROM_INDEX			
https://web.archive.org/web/20161103152243/https://mw.modhistory.com/download-4-5702	VALID_FROM_INDEX			
https://web.archive.org/web/20161103152243/https://mw.modhistory.com/download-4-5780	VALID_FROM_INDEX			
https://web.archive.org/web/20161103152243/https://mw.modhistory.com/download-4-5854	VALID_FROM_INDEX			
https://web.archive.org/web/20161103152243/https://mw.modhistory.com/download-4-5860	VALID_FROM_INDEX			
https://web.archive.org/web/20161103152243/https://mw.modhistory.com/download-4-6168	VALID_FROM_INDEX			
https://web.archive.org/web/20161103152243/https://mw.modhistory.com/download-4-619	VALID_FROM_INDEX			
https://web.archive.org/web/20161103152243/https://mw.modhistory.com/download-4-6220	VALID_FROM_INDEX			
https://web.archive.org/web/20161103152243/https://mw.modhistory.com/download-4-6413	VALID_FROM_INDEX			
https://web.archive.org/web/20161103152243/https://mw.modhistory.com/download-4-6421	VALID_FROM_INDEX			
https://web.archive.org/web/20161103152243/https://mw.modhistory.com/download-4-6744	VALID_FROM_INDEX			
https://web.archive.org/web/20161103152243/https://mw.modhistory.com/download-4-6943	VALID_FROM_INDEX			
https://web.archive.org/web/20161103152243/https://mw.modhistory.com/download-4-6945	VALID_FROM_INDEX			
https://web.archive.org/web/20161103152243/https://mw.modhistory.com/download-4-6948	VALID_FROM_INDEX			
https://web.archive.org/web/20161103152243/https://mw.modhistory.com/download-4-7046	VALID_FROM_INDEX			
https://web.archive.org/web/20161103152243/https://mw.modhistory.com/download-4-7132	VALID_FROM_INDEX			
https://web.archive.org/web/20161103152243/https://mw.modhistory.com/download-4-7133	VALID_FROM_INDEX			
https://web.archive.org/web/20161103152243/https://mw.modhistory.com/download-4-7163	VALID_FROM_INDEX			
https://web.archive.org/web/20161103152243/https://mw.modhistory.com/download-4-7166	VALID_FROM_INDEX			
https://web.archive.org/web/20161103152243/https://mw.modhistory.com/download-4-7175	VALID_FROM_INDEX			
https://web.archive.org/web/20161103152243/https://mw.modhistory.com/download-4-7176	VALID_FROM_INDEX			
https://web.archive.org/web/20161103152243/https://mw.modhistory.com/download-4-7177	VALID_FROM_INDEX			
https://web.archive.org/web/20161103152243/https://mw.modhistory.com/download-4-7179	VALID_FROM_INDEX			
https://web.archive.org/web/20161103152243/https://mw.modhistory.com/download-4-7190	VALID_FROM_INDEX			
https://web.archive.org/web/20161103152243/https://mw.modhistory.com/download-4-7204	VALID_FROM_INDEX			
https://web.archive.org/web/20161103152243/https://mw.modhistory.com/download-4-7241	VALID_FROM_INDEX			
https://web.archive.org/web/20161103152243/https://mw.modhistory.com/download-4-7305	VALID_FROM_INDEX			
https://web.archive.org/web/20161103152243/https://mw.modhistory.com/download-4-7307	VALID_FROM_INDEX			
https://web.archive.org/web/20161103152243/https://mw.modhistory.com/download-4-7550	VALID_FROM_INDEX			
https://web.archive.org/web/20161103152243/https://mw.modhistory.com/download-4-7559	VALID_FROM_INDEX			
https://web.archive.org/web/20161103152243/https://mw.modhistory.com/download-4-7741	VALID_FROM_INDEX			
https://web.archive.org/web/20161103152243/https://mw.modhistory.com/download-4-7933	VALID_FROM_INDEX			
https://web.archive.org/web/20161103152243/https://mw.modhistory.com/download-4-8247	VALID_FROM_INDEX			
https://web.archive.org/web/20161103152243/https://mw.modhistory.com/download-4-8259	VALID_FROM_INDEX			
https://web.archive.org/web/20161103152243/https://mw.modhistory.com/download-4-826	VALID_FROM_INDEX			
https://web.archive.org/web/20161103152243/https://mw.modhistory.com/download-4-8288	VALID_FROM_INDEX			
https://web.archive.org/web/20161103152243/https://mw.modhistory.com/download-4-8669	VALID_FROM_INDEX			
https://web.archive.org/web/20161103152243/https://mw.modhistory.com/download-4-8752	VALID_FROM_INDEX			
https://web.archive.org/web/20161103152243/https://mw.modhistory.com/download-4-8880	VALID_FROM_INDEX			
https://web.archive.org/web/20161103152243/https://mw.modhistory.com/download-4-8913	VALID_FROM_INDEX			
https://web.archive.org/web/20161103152243/https://mw.modhistory.com/download-4-9158	VALID_FROM_INDEX			
https://web.archive.org/web/20161103152243/https://mw.modhistory.com/download-4-9159	VALID_FROM_INDEX			
https://web.archive.org/web/20161103152243/https://mw.modhistory.com/download-4-9160	VALID_FROM_INDEX			
https://web.archive.org/web/20161103152243/https://mw.modhistory.com/download-4-9246	VALID_FROM_INDEX			
https://web.archive.org/web/20161103152243/https://mw.modhistory.com/download-4-9394	VALID_FROM_INDEX			
https://web.archive.org/web/20161103152243/https://mw.modhistory.com/download-4-9396	VALID_FROM_INDEX			
https://web.archive.org/web/20161103152243/https://mw.modhistory.com/download-4-9519	VALID_FROM_INDEX			
https://web.archive.org/web/20161103152243/https://mw.modhistory.com/download-4-9590	VALID_FROM_INDEX			
https://web.archive.org/web/20161103152243/https://mw.modhistory.com/download-4-9673	VALID_FROM_INDEX			
https://web.archive.org/web/20161103152243/https://mw.modhistory.com/download-4-9683	VALID_FROM_INDEX			
https://web.archive.org/web/20161103152243/https://mw.modhistory.com/download-4-9710	VALID_FROM_INDEX			
https://web.archive.org/web/20161103152243/https://mw.modhistory.com/download-4-976	VALID_FROM_INDEX			
https://web.archive.org/web/20161103152243/https://mw.modhistory.com/download-4-9845	VALID_FROM_INDEX			
https://web.archive.org/web/20161103152243/https://mw.modhistory.com/download-4-9865	VALID_FROM_INDEX			
https://web.archive.org/web/20161103152243/https://mw.modhistory.com/download-4-9869	VALID_FROM_INDEX			
https://web.archive.org/web/20161103152243/https://mw.modhistory.com/download-42-11723	VALID_FROM_INDEX			
https://web.archive.org/web/20161103152243/https://mw.modhistory.com/download-42-12068	VALID_FROM_INDEX			
https://web.archive.org/web/20161103152243/https://mw.modhistory.com/download-42-12387	VALID_FROM_INDEX			
https://web.archive.org/web/20161103152243/https://mw.modhistory.com/download-42-12454	VALID_FROM_INDEX			
https://web.archive.org/web/20161103152243/https://mw.modhistory.com/download-42-1399	VALID_FROM_INDEX			
https://web.archive.org/web/20161103152243/https://mw.modhistory.com/download-42-14642	VALID_FROM_INDEX			
https://web.archive.org/web/20161103152243/https://mw.modhistory.com/download-42-15117	VALID_FROM_INDEX			
https://web.archive.org/web/20161103152243/https://mw.modhistory.com/download-42-15342	VALID_FROM_INDEX			
https://web.archive.org/web/20161103152243/https://mw.modhistory.com/download-42-15378	VALID_FROM_INDEX			
https://web.archive.org/web/20161103152243/https://mw.modhistory.com/download-42-3221	VALID_FROM_INDEX			
https://web.archive.org/web/20161103152243/https://mw.modhistory.com/download-42-3239	VALID_FROM_INDEX			
https://web.archive.org/web/20161103152243/https://mw.modhistory.com/download-42-3241	VALID_FROM_INDEX			
https://web.archive.org/web/20161103152243/https://mw.modhistory.com/download-42-3253	VALID_FROM_INDEX			
https://web.archive.org/web/20161103152243/https://mw.modhistory.com/download-42-3258	VALID_FROM_INDEX			
https://web.archive.org/web/20161103152243/https://mw.modhistory.com/download-42-3271	VALID_FROM_INDEX			
https://web.archive.org/web/20161103152243/https://mw.modhistory.com/download-42-3274	VALID_FROM_INDEX			
https://web.archive.org/web/20161103152243/https://mw.modhistory.com/download-42-3275	VALID_FROM_INDEX			
https://web.archive.org/web/20161103152243/https://mw.modhistory.com/download-42-3286	VALID_FROM_INDEX			
https://web.archive.org/web/20161103152243/https://mw.modhistory.com/download-42-3313	VALID_FROM_INDEX			
https://web.archive.org/web/20161103152243/https://mw.modhistory.com/download-42-3321	VALID_FROM_INDEX			
https://web.archive.org/web/20161103152243/https://mw.modhistory.com/download-42-3785	VALID_FROM_INDEX			
https://web.archive.org/web/20161103152243/https://mw.modhistory.com/download-42-4997	VALID_FROM_INDEX			
https://web.archive.org/web/20161103152243/https://mw.modhistory.com/download-42-5676	VALID_FROM_INDEX			
https://web.archive.org/web/20161103152243/https://mw.modhistory.com/download-42-7180	VALID_FROM_INDEX			
https://web.archive.org/web/20161103152243/https://mw.modhistory.com/download-42-7181	VALID_FROM_INDEX			
https://web.archive.org/web/20161103152243/https://mw.modhistory.com/download-42-7182	VALID_FROM_INDEX			
https://web.archive.org/web/20161103152243/https://mw.modhistory.com/download-42-7183	VALID_FROM_INDEX			
https://web.archive.org/web/20161103152243/https://mw.modhistory.com/download-42-7184	VALID_FROM_INDEX			
https://web.archive.org/web/20161103152243/https://mw.modhistory.com/download-42-7185	VALID_FROM_INDEX			
https://web.archive.org/web/20161103152243/https://mw.modhistory.com/download-44-10070	VALID_FROM_INDEX			
https://web.archive.org/web/20161103152243/https://mw.modhistory.com/download-44-10086	VALID_FROM_INDEX			
https://web.archive.org/web/20161103152243/https://mw.modhistory.com/download-44-10183	VALID_FROM_INDEX			
https://web.archive.org/web/20161103152243/https://mw.modhistory.com/download-44-10286	VALID_FROM_INDEX			
https://web.archive.org/web/20161103152243/https://mw.modhistory.com/download-44-10317	VALID_FROM_INDEX			
https://web.archive.org/web/20161103152243/https://mw.modhistory.com/download-44-10334	VALID_FROM_INDEX			
https://web.archive.org/web/20161103152243/https://mw.modhistory.com/download-44-10415	VALID_FROM_INDEX			
https://web.archive.org/web/20161103152243/https://mw.modhistory.com/download-44-10678	VALID_FROM_INDEX			
https://web.archive.org/web/20161103152243/https://mw.modhistory.com/download-44-10790	VALID_FROM_INDEX			
https://web.archive.org/web/20161103152243/https://mw.modhistory.com/download-44-10825	VALID_FROM_INDEX			
https://web.archive.org/web/20161103152243/https://mw.modhistory.com/download-44-10831	VALID_FROM_INDEX			
https://web.archive.org/web/20161103152243/https://mw.modhistory.com/download-44-10895	VALID_FROM_INDEX			
https://web.archive.org/web/20161103152243/https://mw.modhistory.com/download-44-11065	VALID_FROM_INDEX			
https://web.archive.org/web/20161103152243/https://mw.modhistory.com/download-44-11407	VALID_FROM_INDEX			
https://web.archive.org/web/20161103152243/https://mw.modhistory.com/download-44-11423	VALID_FROM_INDEX			
https://web.archive.org/web/20161103152243/https://mw.modhistory.com/download-44-11634	VALID_FROM_INDEX			
https://web.archive.org/web/20161103152243/https://mw.modhistory.com/download-44-11727	VALID_FROM_INDEX			
https://web.archive.org/web/20161103152243/https://mw.modhistory.com/download-44-11838	VALID_FROM_INDEX			
https://web.archive.org/web/20161103152243/https://mw.modhistory.com/download-44-11845	VALID_FROM_INDEX			
https://web.archive.org/web/20161103152243/https://mw.modhistory.com/download-44-12057	VALID_FROM_INDEX			
https://web.archive.org/web/20161103152243/https://mw.modhistory.com/download-44-12058	VALID_FROM_INDEX			
https://web.archive.org/web/20161103152243/https://mw.modhistory.com/download-44-12115	VALID_FROM_INDEX			
https://web.archive.org/web/20161103152243/https://mw.modhistory.com/download-44-12130	VALID_FROM_INDEX			
https://web.archive.org/web/20161103152243/https://mw.modhistory.com/download-44-12134	VALID_FROM_INDEX			
https://web.archive.org/web/20161103152243/https://mw.modhistory.com/download-44-12209	VALID_FROM_INDEX			
https://web.archive.org/web/20161103152243/https://mw.modhistory.com/download-44-12371	VALID_FROM_INDEX			
https://web.archive.org/web/20161103152243/https://mw.modhistory.com/download-44-12612	VALID_FROM_INDEX			
https://web.archive.org/web/20161103152243/https://mw.modhistory.com/download-44-1262	VALID_FROM_INDEX			
https://web.archive.org/web/20161103152243/https://mw.modhistory.com/download-44-12636	VALID_FROM_INDEX			
https://web.archive.org/web/20161103152243/https://mw.modhistory.com/download-44-12646	VALID_FROM_INDEX			
https://web.archive.org/web/20161103152243/https://mw.modhistory.com/download-44-12648	VALID_FROM_INDEX			
https://web.archive.org/web/20161103152243/https://mw.modhistory.com/download-44-12652	VALID_FROM_INDEX			
https://web.archive.org/web/20161103152243/https://mw.modhistory.com/download-44-12743	VALID_FROM_INDEX			
https://web.archive.org/web/20161103152243/https://mw.modhistory.com/download-44-12744	VALID_FROM_INDEX			
https://web.archive.org/web/20161103152243/https://mw.modhistory.com/download-44-12745	VALID_FROM_INDEX			
https://web.archive.org/web/20161103152243/https://mw.modhistory.com/download-44-12993	VALID_FROM_INDEX			
https://web.archive.org/web/20161103152243/https://mw.modhistory.com/download-44-1304	VALID_FROM_INDEX			
https://web.archive.org/web/20161103152243/https://mw.modhistory.com/download-44-1313	VALID_FROM_INDEX			
https://web.archive.org/web/20161103152243/https://mw.modhistory.com/download-44-1319	VALID_FROM_INDEX			
https://web.archive.org/web/20161103152243/https://mw.modhistory.com/download-44-13709	VALID_FROM_INDEX			
https://web.archive.org/web/20161103152243/https://mw.modhistory.com/download-44-13710	VALID_FROM_INDEX			
https://web.archive.org/web/20161103152243/https://mw.modhistory.com/download-44-13715	VALID_FROM_INDEX			
https://web.archive.org/web/20161103152243/https://mw.modhistory.com/download-44-13717	VALID_FROM_INDEX			
https://web.archive.org/web/20161103152243/https://mw.modhistory.com/download-44-13722	VALID_FROM_INDEX			
https://web.archive.org/web/20161103152243/https://mw.modhistory.com/download-44-1373	VALID_FROM_INDEX			
https://web.archive.org/web/20161103152243/https://mw.modhistory.com/download-44-13837	VALID_FROM_INDEX			
https://web.archive.org/web/20161103152243/https://mw.modhistory.com/download-44-13998	VALID_FROM_INDEX			
https://web.archive.org/web/20161103152243/https://mw.modhistory.com/download-44-14043	VALID_FROM_INDEX			
https://web.archive.org/web/20161103152243/https://mw.modhistory.com/download-44-14307	VALID_FROM_INDEX			
https://web.archive.org/web/20161103152243/https://mw.modhistory.com/download-44-14404	VALID_FROM_INDEX			
https://web.archive.org/web/20161103152243/https://mw.modhistory.com/download-44-1454	VALID_FROM_INDEX			
https://web.archive.org/web/20161103152243/https://mw.modhistory.com/download-44-14609	VALID_FROM_INDEX			
https://web.archive.org/web/20161103152243/https://mw.modhistory.com/download-44-14814	VALID_FROM_INDEX			
https://web.archive.org/web/20161103152243/https://mw.modhistory.com/download-44-14825	VALID_FROM_INDEX			
https://web.archive.org/web/20161103152243/https://mw.modhistory.com/download-44-14865	VALID_FROM_INDEX			
https://web.archive.org/web/20161103152243/https://mw.modhistory.com/download-44-15046	VALID_FROM_INDEX			
https://web.archive.org/web/20161103152243/https://mw.modhistory.com/download-44-15088	VALID_FROM_INDEX			
https://web.archive.org/web/20161103152243/https://mw.modhistory.com/download-44-15371	VALID_FROM_INDEX			
https://web.archive.org/web/20161103152243/https://mw.modhistory.com/download-44-15434	VALID_FROM_INDEX			
https://web.archive.org/web/20161103152243/https://mw.modhistory.com/download-44-15435	VALID_FROM_INDEX			
https://web.archive.org/web/20161103152243/https://mw.modhistory.com/download-44-1582	VALID_FROM_INDEX			
https://web.archive.org/web/20161103152243/https://mw.modhistory.com/download-44-1685	VALID_FROM_INDEX			
https://web.archive.org/web/20161103152243/https://mw.modhistory.com/download-44-1758	VALID_FROM_INDEX			
https://web.archive.org/web/20161103152243/https://mw.modhistory.com/download-44-2106	VALID_FROM_INDEX			
https://web.archive.org/web/20161103152243/https://mw.modhistory.com/download-44-2186	VALID_FROM_INDEX			
https://web.archive.org/web/20161103152243/https://mw.modhistory.com/download-44-2191	VALID_FROM_INDEX			
https://web.archive.org/web/20161103152243/https://mw.modhistory.com/download-44-2315	VALID_FROM_INDEX			
https://web.archive.org/web/20161103152243/https://mw.modhistory.com/download-44-3351	VALID_FROM_INDEX			
https://web.archive.org/web/20161103152243/https://mw.modhistory.com/download-44-3365	VALID_FROM_INDEX			
https://web.archive.org/web/20161103152243/https://mw.modhistory.com/download-44-3380	VALID_FROM_INDEX			
https://web.archive.org/web/20161103152243/https://mw.modhistory.com/download-44-3390	VALID_FROM_INDEX			
https://web.archive.org/web/20161103152243/https://mw.modhistory.com/download-44-3415	VALID_FROM_INDEX			
https://web.archive.org/web/20161103152243/https://mw.modhistory.com/download-44-351	VALID_FROM_INDEX			
https://web.archive.org/web/20161103152243/https://mw.modhistory.com/download-44-3513	VALID_FROM_INDEX			
https://web.archive.org/web/20161103152243/https://mw.modhistory.com/download-44-3516	VALID_FROM_INDEX			
https://web.archive.org/web/20161103152243/https://mw.modhistory.com/download-44-3520	VALID_FROM_INDEX			
https://web.archive.org/web/20161103152243/https://mw.modhistory.com/download-44-3553	VALID_FROM_INDEX			
https://web.archive.org/web/20161103152243/https://mw.modhistory.com/download-44-3563	VALID_FROM_INDEX			
https://web.archive.org/web/20161103152243/https://mw.modhistory.com/download-44-3572	VALID_FROM_INDEX			
https://web.archive.org/web/20161103152243/https://mw.modhistory.com/download-44-3592	VALID_FROM_INDEX			
https://web.archive.org/web/20161103152243/https://mw.modhistory.com/download-44-3593	VALID_FROM_INDEX			
https://web.archive.org/web/20161103152243/https://mw.modhistory.com/download-44-3606	VALID_FROM_INDEX			
https://web.archive.org/web/20161103152243/https://mw.modhistory.com/download-44-3612	VALID_FROM_INDEX			
https://web.archive.org/web/20161103152243/https://mw.modhistory.com/download-44-3633	VALID_FROM_INDEX			
https://web.archive.org/web/20161103152243/https://mw.modhistory.com/download-44-3641	VALID_FROM_INDEX			
https://web.archive.org/web/20161103152243/https://mw.modhistory.com/download-44-3691	VALID_FROM_INDEX			
https://web.archive.org/web/20161103152243/https://mw.modhistory.com/download-44-3692	VALID_FROM_INDEX			
https://web.archive.org/web/20161103152243/https://mw.modhistory.com/download-44-3699	VALID_FROM_INDEX			
https://web.archive.org/web/20161103152243/https://mw.modhistory.com/download-44-3706	VALID_FROM_INDEX			
https://web.archive.org/web/20161103152243/https://mw.modhistory.com/download-44-3712	VALID_FROM_INDEX			
https://web.archive.org/web/20161103152243/https://mw.modhistory.com/download-44-3713	VALID_FROM_INDEX			
https://web.archive.org/web/20161103152243/https://mw.modhistory.com/download-44-3717	VALID_FROM_INDEX			
https://web.archive.org/web/20161103152243/https://mw.modhistory.com/download-44-3728	VALID_FROM_INDEX			
https://web.archive.org/web/20161103152243/https://mw.modhistory.com/download-44-3731	VALID_FROM_INDEX			
https://web.archive.org/web/20161103152243/https://mw.modhistory.com/download-44-3736	VALID_FROM_INDEX			
https://web.archive.org/web/20161103152243/https://mw.modhistory.com/download-44-380	VALID_FROM_INDEX			
https://web.archive.org/web/20161103152243/https://mw.modhistory.com/download-44-44	VALID_FROM_INDEX			
https://web.archive.org/web/20161103152243/https://mw.modhistory.com/download-44-545	VALID_FROM_INDEX			
https://web.archive.org/web/20161103152243/https://mw.modhistory.com/download-44-5520	VALID_FROM_INDEX			
https://web.archive.org/web/20161103152243/https://mw.modhistory.com/download-44-5731	VALID_FROM_INDEX			
https://web.archive.org/web/20161103152243/https://mw.modhistory.com/download-44-5870	VALID_FROM_INDEX			
https://web.archive.org/web/20161103152243/https://mw.modhistory.com/download-44-5905	VALID_FROM_INDEX			
https://web.archive.org/web/20161103152243/https://mw.modhistory.com/download-44-5917	VALID_FROM_INDEX			
https://web.archive.org/web/20161103152243/https://mw.modhistory.com/download-44-5918	VALID_FROM_INDEX			
https://web.archive.org/web/20161103152243/https://mw.modhistory.com/download-44-6144	VALID_FROM_INDEX			
https://web.archive.org/web/20161103152243/https://mw.modhistory.com/download-44-6166	VALID_FROM_INDEX			
https://web.archive.org/web/20161103152243/https://mw.modhistory.com/download-44-6178	VALID_FROM_INDEX			
https://web.archive.org/web/20161103152243/https://mw.modhistory.com/download-44-6207	VALID_FROM_INDEX			
https://web.archive.org/web/20161103152243/https://mw.modhistory.com/download-44-6247	VALID_FROM_INDEX			
https://web.archive.org/web/20161103152243/https://mw.modhistory.com/download-44-6293	VALID_FROM_INDEX			
https://web.archive.org/web/20161103152243/https://mw.modhistory.com/download-44-6371	VALID_FROM_INDEX			
https://web.archive.org/web/20161103152243/https://mw.modhistory.com/download-44-648	VALID_FROM_INDEX			
https://web.archive.org/web/20161103152243/https://mw.modhistory.com/download-44-6493	VALID_FROM_INDEX			
https://web.archive.org/web/20161103152243/https://mw.modhistory.com/download-44-6515	VALID_FROM_INDEX			
https://web.archive.org/web/20161103152243/https://mw.modhistory.com/download-44-6536	VALID_FROM_INDEX			
https://web.archive.org/web/20161103152243/https://mw.modhistory.com/download-44-6707	VALID_FROM_INDEX			
https://web.archive.org/web/20161103152243/https://mw.modhistory.com/download-44-6719	VALID_FROM_INDEX			
https://web.archive.org/web/20161103152243/https://mw.modhistory.com/download-44-7017	VALID_FROM_INDEX			
https://web.archive.org/web/20161103152243/https://mw.modhistory.com/download-44-7172	VALID_FROM_INDEX			
https://web.archive.org/web/20161103152243/https://mw.modhistory.com/download-44-7174	VALID_FROM_INDEX			
https://web.archive.org/web/20161103152243/https://mw.modhistory.com/download-44-7231	VALID_FROM_INDEX			
https://web.archive.org/web/20161103152243/https://mw.modhistory.com/download-44-7242	VALID_FROM_INDEX			
https://web.archive.org/web/20161103152243/https://mw.modhistory.com/download-44-7352	VALID_FROM_INDEX			
https://web.archive.org/web/20161103152243/https://mw.modhistory.com/download-44-7377	VALID_FROM_INDEX			
https://web.archive.org/web/20161103152243/https://mw.modhistory.com/download-44-74	VALID_FROM_INDEX			
https://web.archive.org/web/20161103152243/https://mw.modhistory.com/download-44-7485	VALID_FROM_INDEX			
https://web.archive.org/web/20161103152243/https://mw.modhistory.com/download-44-7498	VALID_FROM_INDEX			
https://web.archive.org/web/20161103152243/https://mw.modhistory.com/download-44-7723	VALID_FROM_INDEX			
https://web.archive.org/web/20161103152243/https://mw.modhistory.com/download-44-7835	VALID_FROM_INDEX			
https://web.archive.org/web/20161103152243/https://mw.modhistory.com/download-44-7988	VALID_FROM_INDEX			
https://web.archive.org/web/20161103152243/https://mw.modhistory.com/download-44-7993	VALID_FROM_INDEX			
https://web.archive.org/web/20161103152243/https://mw.modhistory.com/download-44-8034	VALID_FROM_INDEX			
https://web.archive.org/web/20161103152243/https://mw.modhistory.com/download-44-8045	VALID_FROM_INDEX			
https://web.archive.org/web/20161103152243/https://mw.modhistory.com/download-44-8177	VALID_FROM_INDEX			
https://web.archive.org/web/20161103152243/https://mw.modhistory.com/download-44-8407	VALID_FROM_INDEX			
https://web.archive.org/web/20161103152243/https://mw.modhistory.com/download-44-8413	VALID_FROM_INDEX			
https://web.archive.org/web/20161103152243/https://mw.modhistory.com/download-44-8452	VALID_FROM_INDEX			
https://web.archive.org/web/20161103152243/https://mw.modhistory.com/download-44-8550	VALID_FROM_INDEX			
https://web.archive.org/web/20161103152243/https://mw.modhistory.com/download-44-8555	VALID_FROM_INDEX			
https://web.archive.org/web/20161103152243/https://mw.modhistory.com/download-44-8581	VALID_FROM_INDEX			
https://web.archive.org/web/20161103152243/https://mw.modhistory.com/download-44-8688	VALID_FROM_INDEX			
https://web.archive.org/web/20161103152243/https://mw.modhistory.com/download-44-8791	VALID_FROM_INDEX			
https://web.archive.org/web/20161103152243/https://mw.modhistory.com/download-44-8857	VALID_FROM_INDEX			
https://web.archive.org/web/20161103152243/https://mw.modhistory.com/download-44-886	VALID_FROM_INDEX			
https://web.archive.org/web/20161103152243/https://mw.modhistory.com/download-44-8900	VALID_FROM_INDEX			
https://web.archive.org/web/20161103152243/https://mw.modhistory.com/download-44-8966	VALID_FROM_INDEX			
https://web.archive.org/web/20161103152243/https://mw.modhistory.com/download-44-8990	VALID_FROM_INDEX			
https://web.archive.org/web/20161103152243/https://mw.modhistory.com/download-44-9015	VALID_FROM_INDEX			
https://web.archive.org/web/20161103152243/https://mw.modhistory.com/download-44-9120	VALID_FROM_INDEX			
https://web.archive.org/web/20161103152243/https://mw.modhistory.com/download-44-9183	VALID_FROM_INDEX			
https://web.archive.org/web/20161103152243/https://mw.modhistory.com/download-44-9237	VALID_FROM_INDEX			
https://web.archive.org/web/20161103152243/https://mw.modhistory.com/download-44-9446	VALID_FROM_INDEX			
https://web.archive.org/web/20161103152243/https://mw.modhistory.com/download-44-9491	VALID_FROM_INDEX			
https://web.archive.org/web/20161103152243/https://mw.modhistory.com/download-44-9558	VALID_FROM_INDEX			
https://web.archive.org/web/20161103152243/https://mw.modhistory.com/download-44-9621	VALID_FROM_INDEX			
https://web.archive.org/web/20161103152243/https://mw.modhistory.com/download-44-9638	VALID_FROM_INDEX			
https://web.archive.org/web/20161103152243/https://mw.modhistory.com/download-44-9846	VALID_FROM_INDEX			
https://web.archive.org/web/20161103152243/https://mw.modhistory.com/download-44-9867	VALID_FROM_INDEX			
https://web.archive.org/web/20161103152243/https://mw.modhistory.com/download-46-10189	VALID_FROM_INDEX			
https://web.archive.org/web/20161103152243/https://mw.modhistory.com/download-46-10622	VALID_FROM_INDEX			
https://web.archive.org/web/20161103152243/https://mw.modhistory.com/download-46-11729	VALID_FROM_INDEX			
https://web.archive.org/web/20161103152243/https://mw.modhistory.com/download-46-12310	VALID_FROM_INDEX			
https://web.archive.org/web/20161103152243/https://mw.modhistory.com/download-46-12666	VALID_FROM_INDEX			
https://web.archive.org/web/20161103152243/https://mw.modhistory.com/download-46-12668	VALID_FROM_INDEX			
https://web.archive.org/web/20161103152243/https://mw.modhistory.com/download-46-1311	VALID_FROM_INDEX			
https://web.archive.org/web/20161103152243/https://mw.modhistory.com/download-46-13191	VALID_FROM_INDEX			
https://web.archive.org/web/20161103152243/https://mw.modhistory.com/download-46-13392	VALID_FROM_INDEX			
https://web.archive.org/web/20161103152243/https://mw.modhistory.com/download-46-13840	VALID_FROM_INDEX			
https://web.archive.org/web/20161103152243/https://mw.modhistory.com/download-46-14506	VALID_FROM_INDEX			
https://web.archive.org/web/20161103152243/https://mw.modhistory.com/download-46-14614	VALID_FROM_INDEX			
https://web.archive.org/web/20161103152243/https://mw.modhistory.com/download-46-14659	VALID_FROM_INDEX			
https://web.archive.org/web/20161103152243/https://mw.modhistory.com/download-46-14919	VALID_FROM_INDEX			
https://web.archive.org/web/20161103152243/https://mw.modhistory.com/download-46-15543	VALID_FROM_INDEX			
https://web.archive.org/web/20161103152243/https://mw.modhistory.com/download-46-1750	VALID_FROM_INDEX			
https://web.archive.org/web/20161103152243/https://mw.modhistory.com/download-46-1946	VALID_FROM_INDEX			
https://web.archive.org/web/20161103152243/https://mw.modhistory.com/download-46-225	VALID_FROM_INDEX			
https://web.archive.org/web/20161103152243/https://mw.modhistory.com/download-46-2295	VALID_FROM_INDEX			
https://web.archive.org/web/20161103152243/https://mw.modhistory.com/download-46-3202	VALID_FROM_INDEX			
https://web.archive.org/web/20161103152243/https://mw.modhistory.com/download-46-3656	VALID_FROM_INDEX			
https://web.archive.org/web/20161103152243/https://mw.modhistory.com/download-46-3748	VALID_FROM_INDEX			
https://web.archive.org/web/20161103152243/https://mw.modhistory.com/download-46-3759	VALID_FROM_INDEX			
https://web.archive.org/web/20161103152243/https://mw.modhistory.com/download-46-3772	VALID_FROM_INDEX			
https://web.archive.org/web/20161103152243/https://mw.modhistory.com/download-46-3825	VALID_FROM_INDEX			
https://web.archive.org/web/20161103152243/https://mw.modhistory.com/download-46-6334	VALID_FROM_INDEX			
https://web.archive.org/web/20161103152243/https://mw.modhistory.com/download-46-6429	VALID_FROM_INDEX			
https://web.archive.org/web/20161103152243/https://mw.modhistory.com/download-46-6745	VALID_FROM_INDEX			
https://web.archive.org/web/20161103152243/https://mw.modhistory.com/download-46-6949	VALID_FROM_INDEX			
https://web.archive.org/web/20161103152243/https://mw.modhistory.com/download-46-7015	VALID_FROM_INDEX			
https://web.archive.org/web/20161103152243/https://mw.modhistory.com/download-46-7459	VALID_FROM_INDEX			
https://web.archive.org/web/20161103152243/https://mw.modhistory.com/download-46-7478	VALID_FROM_INDEX			
https://web.archive.org/web/20161103152243/https://mw.modhistory.com/download-46-7912	VALID_FROM_INDEX			
https://web.archive.org/web/20161103152243/https://mw.modhistory.com/download-46-7948	VALID_FROM_INDEX			
https://web.archive.org/web/20161103152243/https://mw.modhistory.com/download-46-8249	VALID_FROM_INDEX			
https://web.archive.org/web/20161103152243/https://mw.modhistory.com/download-46-8273	VALID_FROM_INDEX			
https://web.archive.org/web/20161103152243/https://mw.modhistory.com/download-46-8397	VALID_FROM_INDEX			
https://web.archive.org/web/20161103152243/https://mw.modhistory.com/download-46-8437	VALID_FROM_INDEX			
https://web.archive.org/web/20161103152243/https://mw.modhistory.com/download-46-8529	VALID_FROM_INDEX			
https://web.archive.org/web/20161103152243/https://mw.modhistory.com/download-46-8684	VALID_FROM_INDEX			
https://web.archive.org/web/20161103152243/https://mw.modhistory.com/download-46-8704	VALID_FROM_INDEX			
https://web.archive.org/web/20161103152243/https://mw.modhistory.com/download-46-8908	VALID_FROM_INDEX			
https://web.archive.org/web/20161103152243/https://mw.modhistory.com/download-46-9712	VALID_FROM_INDEX			
https://web.archive.org/web/20161103152243/https://mw.modhistory.com/download-46-9839	VALID_FROM_INDEX			
https://web.archive.org/web/20161103152243/https://mw.modhistory.com/download-48-10603	VALID_FROM_INDEX			
https://web.archive.org/web/20161103152243/https://mw.modhistory.com/download-48-10730	VALID_FROM_INDEX			
https://web.archive.org/web/20161103152243/https://mw.modhistory.com/download-48-11043	VALID_FROM_INDEX			
https://web.archive.org/web/20161103152243/https://mw.modhistory.com/download-48-11080	VALID_FROM_INDEX			
https://web.archive.org/web/20161103152243/https://mw.modhistory.com/download-48-1111	VALID_FROM_INDEX			
https://web.archive.org/web/20161103152243/https://mw.modhistory.com/download-48-11698	VALID_FROM_INDEX			
https://web.archive.org/web/20161103152243/https://mw.modhistory.com/download-48-12064	VALID_FROM_INDEX			
https://web.archive.org/web/20161103152243/https://mw.modhistory.com/download-48-12069	VALID_FROM_INDEX			
https://web.archive.org/web/20161103152243/https://mw.modhistory.com/download-48-12317	VALID_FROM_INDEX			
https://web.archive.org/web/20161103152243/https://mw.modhistory.com/download-48-13056	VALID_FROM_INDEX			
https://web.archive.org/web/20161103152243/https://mw.modhistory.com/download-48-13242	VALID_FROM_INDEX			
https://web.archive.org/web/20161103152243/https://mw.modhistory.com/download-48-13498	VALID_FROM_INDEX			
https://web.archive.org/web/20161103152243/https://mw.modhistory.com/download-48-13991	VALID_FROM_INDEX			
https://web.archive.org/web/20161103152243/https://mw.modhistory.com/download-48-14063	VALID_FROM_INDEX			
https://web.archive.org/web/20161103152243/https://mw.modhistory.com/download-48-14242	VALID_FROM_INDEX			
https://web.archive.org/web/20161103152243/https://mw.modhistory.com/download-48-14254	VALID_FROM_INDEX			
https://web.archive.org/web/20161103152243/https://mw.modhistory.com/download-48-14415	VALID_FROM_INDEX			
https://web.archive.org/web/20161103152243/https://mw.modhistory.com/download-48-14425	VALID_FROM_INDEX			
https://web.archive.org/web/20161103152243/https://mw.modhistory.com/download-48-14461	VALID_FROM_INDEX			
https://web.archive.org/web/20161103152243/https://mw.modhistory.com/download-48-14482	VALID_FROM_INDEX			
https://web.archive.org/web/20161103152243/https://mw.modhistory.com/download-48-14528	VALID_FROM_INDEX			
https://web.archive.org/web/20161103152243/https://mw.modhistory.com/download-48-1464	VALID_FROM_INDEX			
https://web.archive.org/web/20161103152243/https://mw.modhistory.com/download-48-15032	VALID_FROM_INDEX			
https://web.archive.org/web/20161103152243/https://mw.modhistory.com/download-48-15033	VALID_FROM_INDEX			
https://web.archive.org/web/20161103152243/https://mw.modhistory.com/download-48-15187	VALID_FROM_INDEX			
https://web.archive.org/web/20161103152243/https://mw.modhistory.com/download-48-15232	VALID_FROM_INDEX			
https://web.archive.org/web/20161103152243/https://mw.modhistory.com/download-48-15380	VALID_FROM_INDEX			
https://web.archive.org/web/20161103152243/https://mw.modhistory.com/download-48-15445	VALID_FROM_INDEX			
https://web.archive.org/web/20161103152243/https://mw.modhistory.com/download-48-2072	VALID_FROM_INDEX			
https://web.archive.org/web/20161103152243/https://mw.modhistory.com/download-48-276	VALID_FROM_INDEX			
https://web.archive.org/web/20161103152243/https://mw.modhistory.com/download-48-3628	VALID_FROM_INDEX			
https://web.archive.org/web/20161103152243/https://mw.modhistory.com/download-48-3654	VALID_FROM_INDEX			
https://web.archive.org/web/20161103152243/https://mw.modhistory.com/download-48-3660	VALID_FROM_INDEX			
https://web.archive.org/web/20161103152243/https://mw.modhistory.com/download-48-3827	VALID_FROM_INDEX			
https://web.archive.org/web/20161103152243/https://mw.modhistory.com/download-48-3833	VALID_FROM_INDEX			
https://web.archive.org/web/20161103152243/https://mw.modhistory.com/download-48-3844	VALID_FROM_INDEX			
https://web.archive.org/web/20161103152243/https://mw.modhistory.com/download-48-3845	VALID_FROM_INDEX			
https://web.archive.org/web/20161103152243/https://mw.modhistory.com/download-48-3850	VALID_FROM_INDEX			
https://web.archive.org/web/20161103152243/https://mw.modhistory.com/download-48-3853	VALID_FROM_INDEX			
https://web.archive.org/web/20161103152243/https://mw.modhistory.com/download-48-3857	VALID_FROM_INDEX			
https://web.archive.org/web/20161103152243/https://mw.modhistory.com/download-48-3864	VALID_FROM_INDEX			
https://web.archive.org/web/20161103152243/https://mw.modhistory.com/download-48-3871	VALID_FROM_INDEX			
https://web.archive.org/web/20161103152243/https://mw.modhistory.com/download-48-3877	VALID_FROM_INDEX			
https://web.archive.org/web/20161103152243/https://mw.modhistory.com/download-48-3881	VALID_FROM_INDEX			
https://web.archive.org/web/20161103152243/https://mw.modhistory.com/download-48-4435	VALID_FROM_INDEX			
https://web.archive.org/web/20161103152243/https://mw.modhistory.com/download-48-4468	VALID_FROM_INDEX			
https://web.archive.org/web/20161103152243/https://mw.modhistory.com/download-48-4469	VALID_FROM_INDEX			
https://web.archive.org/web/20161103152243/https://mw.modhistory.com/download-48-5012	VALID_FROM_INDEX			
https://web.archive.org/web/20161103152243/https://mw.modhistory.com/download-48-5026	VALID_FROM_INDEX			
https://web.archive.org/web/20161103152243/https://mw.modhistory.com/download-48-549	VALID_FROM_INDEX			
https://web.archive.org/web/20161103152243/https://mw.modhistory.com/download-48-5836	VALID_FROM_INDEX			
https://web.archive.org/web/20161103152243/https://mw.modhistory.com/download-48-6095	VALID_FROM_INDEX			
https://web.archive.org/web/20161103152243/https://mw.modhistory.com/download-48-6146	VALID_FROM_INDEX			
https://web.archive.org/web/20161103152243/https://mw.modhistory.com/download-48-6312	VALID_FROM_INDEX			
https://web.archive.org/web/20161103152243/https://mw.modhistory.com/download-48-6552	VALID_FROM_INDEX			
https://web.archive.org/web/20161103152243/https://mw.modhistory.com/download-48-6971	VALID_FROM_INDEX			
https://web.archive.org/web/20161103152243/https://mw.modhistory.com/download-48-6972	VALID_FROM_INDEX			
https://web.archive.org/web/20161103152243/https://mw.modhistory.com/download-48-6975	VALID_FROM_INDEX			
https://web.archive.org/web/20161103152243/https://mw.modhistory.com/download-48-6992	VALID_FROM_INDEX			
https://web.archive.org/web/20161103152243/https://mw.modhistory.com/download-48-703	VALID_FROM_INDEX			
https://web.archive.org/web/20161103152243/https://mw.modhistory.com/download-48-7296	VALID_FROM_INDEX			
https://web.archive.org/web/20161103152243/https://mw.modhistory.com/download-48-7910	VALID_FROM_INDEX			
https://web.archive.org/web/20161103152243/https://mw.modhistory.com/download-48-8867	VALID_FROM_INDEX			
https://web.archive.org/web/20161103152243/https://mw.modhistory.com/download-48-9345	VALID_FROM_INDEX			
https://web.archive.org/web/20161103152243/https://mw.modhistory.com/download-48-9420	VALID_FROM_INDEX			
https://web.archive.org/web/20161103152243/https://mw.modhistory.com/download-48-9934	VALID_FROM_INDEX			
https://web.archive.org/web/20161103152243/https://mw.modhistory.com/download-50-12656	VALID_FROM_INDEX			
https://web.archive.org/web/20161103152243/https://mw.modhistory.com/download-50-14155	VALID_FROM_INDEX			
https://web.archive.org/web/20161103152243/https://mw.modhistory.com/download-50-14646	VALID_FROM_INDEX			
https://web.archive.org/web/20161103152243/https://mw.modhistory.com/download-50-14989	VALID_FROM_INDEX			
https://web.archive.org/web/20161103152243/https://mw.modhistory.com/download-50-15056	VALID_FROM_INDEX			
https://web.archive.org/web/20161103152243/https://mw.modhistory.com/download-50-1509	VALID_FROM_INDEX			
https://web.archive.org/web/20161103152243/https://mw.modhistory.com/download-50-15155	VALID_FROM_INDEX			
https://web.archive.org/web/20161103152243/https://mw.modhistory.com/download-50-15401	VALID_FROM_INDEX			
https://web.archive.org/web/20161103152243/https://mw.modhistory.com/download-50-6771	VALID_FROM_INDEX			
https://web.archive.org/web/20161103152243/https://mw.modhistory.com/download-51-10527	VALID_FROM_INDEX			
https://web.archive.org/web/20161103152243/https://mw.modhistory.com/download-51-10743	VALID_FROM_INDEX			
https://web.archive.org/web/20161103152243/https://mw.modhistory.com/download-51-11018	VALID_FROM_INDEX			
https://web.archive.org/web/20161103152243/https://mw.modhistory.com/download-51-11131	VALID_FROM_INDEX			
https://web.archive.org/web/20161103152243/https://mw.modhistory.com/download-51-12364	VALID_FROM_INDEX			
https://web.archive.org/web/20161103152243/https://mw.modhistory.com/download-51-12674	VALID_FROM_INDEX			
https://web.archive.org/web/20161103152243/https://mw.modhistory.com/download-51-12928	VALID_FROM_INDEX			
https://web.archive.org/web/20161103152243/https://mw.modhistory.com/download-51-13053	VALID_FROM_INDEX			
https://web.archive.org/web/20161103152243/https://mw.modhistory.com/download-51-13426	VALID_FROM_INDEX			
https://web.archive.org/web/20161103152243/https://mw.modhistory.com/download-51-1406	VALID_FROM_INDEX			
https://web.archive.org/web/20161103152243/https://mw.modhistory.com/download-51-14417	VALID_FROM_INDEX			
https://web.archive.org/web/20161103152243/https://mw.modhistory.com/download-51-1467	VALID_FROM_INDEX			
https://web.archive.org/web/20161103152243/https://mw.modhistory.com/download-51-14689	VALID_FROM_INDEX			
https://web.archive.org/web/20161103152243/https://mw.modhistory.com/download-51-14807	VALID_FROM_INDEX			
https://web.archive.org/web/20161103152243/https://mw.modhistory.com/download-51-14900	VALID_FROM_INDEX			
https://web.archive.org/web/20161103152243/https://mw.modhistory.com/download-51-15220	VALID_FROM_INDEX			
https://web.archive.org/web/20161103152243/https://mw.modhistory.com/download-51-15319	VALID_FROM_INDEX			
https://web.archive.org/web/20161103152243/https://mw.modhistory.com/download-51-1895	VALID_FROM_INDEX			
https://web.archive.org/web/20161103152243/https://mw.modhistory.com/download-51-1914	VALID_FROM_INDEX			
https://web.archive.org/web/20161103152243/https://mw.modhistory.com/download-51-1987	VALID_FROM_INDEX			
https://web.archive.org/web/20161103152243/https://mw.modhistory.com/download-51-2043	VALID_FROM_INDEX			
https://web.archive.org/web/20161103152243/https://mw.modhistory.com/download-51-2110	VALID_FROM_INDEX			
https://web.archive.org/web/20161103152243/https://mw.modhistory.com/download-51-2137	VALID_FROM_INDEX			
https://web.archive.org/web/20161103152243/https://mw.modhistory.com/download-51-3883	VALID_FROM_INDEX			
https://web.archive.org/web/20161103152243/https://mw.modhistory.com/download-51-3885	VALID_FROM_INDEX			
https://web.archive.org/web/20161103152243/https://mw.modhistory.com/download-51-3887	VALID_FROM_INDEX			
https://web.archive.org/web/20161103152243/https://mw.modhistory.com/download-51-3891	VALID_FROM_INDEX			
https://web.archive.org/web/20161103152243/https://mw.modhistory.com/download-51-3896	VALID_FROM_INDEX			
https://web.archive.org/web/20161103152243/https://mw.modhistory.com/download-51-3897	VALID_FROM_INDEX			
https://web.archive.org/web/20161103152243/https://mw.modhistory.com/download-51-3898	VALID_FROM_INDEX			
https://web.archive.org/web/20161103152243/https://mw.modhistory.com/download-51-3902	VALID_FROM_INDEX			
https://web.archive.org/web/20161103152243/https://mw.modhistory.com/download-51-3910	VALID_FROM_INDEX			
https://web.archive.org/web/20161103152243/https://mw.modhistory.com/download-51-3916	VALID_FROM_INDEX			
https://web.archive.org/web/20161103152243/https://mw.modhistory.com/download-51-3917	VALID_FROM_INDEX			
https://web.archive.org/web/20161103152243/https://mw.modhistory.com/download-51-505	VALID_FROM_INDEX			
https://web.archive.org/web/20161103152243/https://mw.modhistory.com/download-51-6817	VALID_FROM_INDEX			
https://web.archive.org/web/20161103152243/https://mw.modhistory.com/download-51-6830	VALID_FROM_INDEX			
https://web.archive.org/web/20161103152243/https://mw.modhistory.com/download-51-7095	VALID_FROM_INDEX			
https://web.archive.org/web/20161103152243/https://mw.modhistory.com/download-51-7096	VALID_FROM_INDEX			
https://web.archive.org/web/20161103152243/https://mw.modhistory.com/download-51-8067	VALID_FROM_INDEX			
https://web.archive.org/web/20161103152243/https://mw.modhistory.com/download-51-8283	VALID_FROM_INDEX			
https://web.archive.org/web/20161103152243/https://mw.modhistory.com/download-51-833	VALID_FROM_INDEX			
https://web.archive.org/web/20161103152243/https://mw.modhistory.com/download-51-8551	VALID_FROM_INDEX			
https://web.archive.org/web/20161103152243/https://mw.modhistory.com/download-51-8931	VALID_FROM_INDEX			
https://web.archive.org/web/20161103152243/https://mw.modhistory.com/download-53-10028	VALID_FROM_INDEX			
https://web.archive.org/web/20161103152243/https://mw.modhistory.com/download-53-10068	VALID_FROM_INDEX			
https://web.archive.org/web/20161103152243/https://mw.modhistory.com/download-53-10071	VALID_FROM_INDEX			
https://web.archive.org/web/20161103152243/https://mw.modhistory.com/download-53-10096	VALID_FROM_INDEX			
https://web.archive.org/web/20161103152243/https://mw.modhistory.com/download-53-10267	VALID_FROM_INDEX			
https://web.archive.org/web/20161103152243/https://mw.modhistory.com/download-53-10325	VALID_FROM_INDEX			
https://web.archive.org/web/20161103152243/https://mw.modhistory.com/download-53-10331	VALID_FROM_INDEX			
https://web.archive.org/web/20161103152243/https://mw.modhistory.com/download-53-10332	VALID_FROM_INDEX			
https://web.archive.org/web/20161103152243/https://mw.modhistory.com/download-53-10392	VALID_FROM_INDEX			
https://web.archive.org/web/20161103152243/https://mw.modhistory.com/download-53-10458	VALID_FROM_INDEX			
https://web.archive.org/web/20161103152243/https://mw.modhistory.com/download-53-10511	VALID_FROM_INDEX			
https://web.archive.org/web/20161103152243/https://mw.modhistory.com/download-53-10521	VALID_FROM_INDEX			
https://web.archive.org/web/20161103152243/https://mw.modhistory.com/download-53-10542	VALID_FROM_INDEX			
https://web.archive.org/web/20161103152243/https://mw.modhistory.com/download-53-10560	VALID_FROM_INDEX			
https://web.archive.org/web/20161103152243/https://mw.modhistory.com/download-53-10562	VALID_FROM_INDEX			
https://web.archive.org/web/20161103152243/https://mw.modhistory.com/download-53-10574	VALID_FROM_INDEX			
https://web.archive.org/web/20161103152243/https://mw.modhistory.com/download-53-10623	VALID_FROM_INDEX			
https://web.archive.org/web/20161103152243/https://mw.modhistory.com/download-53-10624	VALID_FROM_INDEX			
https://web.archive.org/web/20161103152243/https://mw.modhistory.com/download-53-10652	VALID_FROM_INDEX			
https://web.archive.org/web/20161103152243/https://mw.modhistory.com/download-53-10740	VALID_FROM_INDEX			
https://web.archive.org/web/20161103152243/https://mw.modhistory.com/download-53-10767	VALID_FROM_INDEX			
https://web.archive.org/web/20161103152243/https://mw.modhistory.com/download-53-10887	VALID_FROM_INDEX			
https://web.archive.org/web/20161103152243/https://mw.modhistory.com/download-53-10901	VALID_FROM_INDEX			
https://web.archive.org/web/20161103152243/https://mw.modhistory.com/download-53-10905	VALID_FROM_INDEX			
https://web.archive.org/web/20161103152243/https://mw.modhistory.com/download-53-10913	VALID_FROM_INDEX			
https://web.archive.org/web/20161103152243/https://mw.modhistory.com/download-53-10915	VALID_FROM_INDEX			
https://web.archive.org/web/20161103152243/https://mw.modhistory.com/download-53-10972	VALID_FROM_INDEX			
https://web.archive.org/web/20161103152243/https://mw.modhistory.com/download-53-10981	VALID_FROM_INDEX			
https://web.archive.org/web/20161103152243/https://mw.modhistory.com/download-53-10993	VALID_FROM_INDEX			
https://web.archive.org/web/20161103152243/https://mw.modhistory.com/download-53-11024	VALID_FROM_INDEX			
https://web.archive.org/web/20161103152243/https://mw.modhistory.com/download-53-11027	VALID_FROM_INDEX			
https://web.archive.org/web/20161103152243/https://mw.modhistory.com/download-53-11041	VALID_FROM_INDEX			
https://web.archive.org/web/20161103152243/https://mw.modhistory.com/download-53-11057	VALID_FROM_INDEX			
https://web.archive.org/web/20161103152243/https://mw.modhistory.com/download-53-11090	VALID_FROM_INDEX			
https://web.archive.org/web/20161103152243/https://mw.modhistory.com/download-53-11217	VALID_FROM_INDEX			
https://web.archive.org/web/20161103152243/https://mw.modhistory.com/download-53-11281	VALID_FROM_INDEX			
https://web.archive.org/web/20161103152243/https://mw.modhistory.com/download-53-11290	VALID_FROM_INDEX			
https://web.archive.org/web/20161103152243/https://mw.modhistory.com/download-53-11308	VALID_FROM_INDEX			
https://web.archive.org/web/20161103152243/https://mw.modhistory.com/download-53-11329	VALID_FROM_INDEX			
https://web.archive.org/web/20161103152243/https://mw.modhistory.com/download-53-11389	VALID_FROM_INDEX			
https://web.archive.org/web/20161103152243/https://mw.modhistory.com/download-53-11464	VALID_FROM_INDEX			
https://web.archive.org/web/20161103152243/https://mw.modhistory.com/download-53-11614	VALID_FROM_INDEX			
https://web.archive.org/web/20161103152243/https://mw.modhistory.com/download-53-11621	VALID_FROM_INDEX			
https://web.archive.org/web/20161103152243/https://mw.modhistory.com/download-53-11701	VALID_FROM_INDEX			
https://web.archive.org/web/20161103152243/https://mw.modhistory.com/download-53-11747	VALID_FROM_INDEX			
https://web.archive.org/web/20161103152243/https://mw.modhistory.com/download-53-11748	VALID_FROM_INDEX			
https://web.archive.org/web/20161103152243/https://mw.modhistory.com/download-53-11794	VALID_FROM_INDEX			
https://web.archive.org/web/20161103152243/https://mw.modhistory.com/download-53-11915	VALID_FROM_INDEX			
https://web.archive.org/web/20161103152243/https://mw.modhistory.com/download-53-12041	VALID_FROM_INDEX			
https://web.archive.org/web/20161103152243/https://mw.modhistory.com/download-53-12343	VALID_FROM_INDEX			
https://web.archive.org/web/20161103152243/https://mw.modhistory.com/download-53-1242	VALID_FROM_INDEX			
https://web.archive.org/web/20161103152243/https://mw.modhistory.com/download-53-12566	VALID_FROM_INDEX			
https://web.archive.org/web/20161103152243/https://mw.modhistory.com/download-53-1261	VALID_FROM_INDEX			
https://web.archive.org/web/20161103152243/https://mw.modhistory.com/download-53-12627	VALID_FROM_INDEX			
https://web.archive.org/web/20161103152243/https://mw.modhistory.com/download-53-12706	VALID_FROM_INDEX			
https://web.archive.org/web/20161103152243/https://mw.modhistory.com/download-53-12740	VALID_FROM_INDEX			
https://web.archive.org/web/20161103152243/https://mw.modhistory.com/download-53-12798	VALID_FROM_INDEX			
https://web.archive.org/web/20161103152243/https://mw.modhistory.com/download-53-12801	VALID_FROM_INDEX			
https://web.archive.org/web/20161103152243/https://mw.modhistory.com/download-53-12809	VALID_FROM_INDEX			
https://web.archive.org/web/20161103152243/https://mw.modhistory.com/download-53-12832	VALID_FROM_INDEX			
https://web.archive.org/web/20161103152243/https://mw.modhistory.com/download-53-12929	VALID_FROM_INDEX			
https://web.archive.org/web/20161103152243/https://mw.modhistory.com/download-53-1298	VALID_FROM_INDEX			
https://web.archive.org/web/20161103152243/https://mw.modhistory.com/download-53-12980	VALID_FROM_INDEX			
https://web.archive.org/web/20161103152243/https://mw.modhistory.com/download-53-13225	VALID_FROM_INDEX			
https://web.archive.org/web/20161103152243/https://mw.modhistory.com/download-53-13285	VALID_FROM_INDEX			
https://web.archive.org/web/20161103152243/https://mw.modhistory.com/download-53-13449	VALID_FROM_INDEX			
https://web.archive.org/web/20161103152243/https://mw.modhistory.com/download-53-13480	VALID_FROM_INDEX			
https://web.archive.org/web/20161103152243/https://mw.modhistory.com/download-53-13520	VALID_FROM_INDEX			
https://web.archive.org/web/20161103152243/https://mw.modhistory.com/download-53-13521	VALID_FROM_INDEX			
https://web.archive.org/web/20161103152243/https://mw.modhistory.com/download-53-13544	VALID_FROM_INDEX			
https://web.archive.org/web/20161103152243/https://mw.modhistory.com/download-53-13551	VALID_FROM_INDEX			
https://web.archive.org/web/20161103152243/https://mw.modhistory.com/download-53-13596	VALID_FROM_INDEX			
https://web.archive.org/web/20161103152243/https://mw.modhistory.com/download-53-13600	VALID_FROM_INDEX			
https://web.archive.org/web/20161103152243/https://mw.modhistory.com/download-53-13608	VALID_FROM_INDEX			
https://web.archive.org/web/20161103152243/https://mw.modhistory.com/download-53-13621	VALID_FROM_INDEX			
https://web.archive.org/web/20161103152243/https://mw.modhistory.com/download-53-13648	VALID_FROM_INDEX			
https://web.archive.org/web/20161103152243/https://mw.modhistory.com/download-53-13798	VALID_FROM_INDEX			
https://web.archive.org/web/20161103152243/https://mw.modhistory.com/download-53-13805	VALID_FROM_INDEX			
https://web.archive.org/web/20161103152243/https://mw.modhistory.com/download-53-13819	VALID_FROM_INDEX			
https://web.archive.org/web/20161103152243/https://mw.modhistory.com/download-53-13862	VALID_FROM_INDEX			
https://web.archive.org/web/20161103152243/https://mw.modhistory.com/download-53-13941	VALID_FROM_INDEX			
https://web.archive.org/web/20161103152243/https://mw.modhistory.com/download-53-13973	VALID_FROM_INDEX			
https://web.archive.org/web/20161103152243/https://mw.modhistory.com/download-53-14070	VALID_FROM_INDEX			
https://web.archive.org/web/20161103152243/https://mw.modhistory.com/download-53-14084	VALID_FROM_INDEX			
https://web.archive.org/web/20161103152243/https://mw.modhistory.com/download-53-14085	VALID_FROM_INDEX			
https://web.archive.org/web/20161103152243/https://mw.modhistory.com/download-53-14267	VALID_FROM_INDEX			
https://web.archive.org/web/20161103152243/https://mw.modhistory.com/download-53-14301	VALID_FROM_INDEX			
https://web.archive.org/web/20161103152243/https://mw.modhistory.com/download-53-14395	VALID_FROM_INDEX			
https://web.archive.org/web/20161103152243/https://mw.modhistory.com/download-53-14434	VALID_FROM_INDEX			
https://web.archive.org/web/20161103152243/https://mw.modhistory.com/download-53-14628	VALID_FROM_INDEX			
https://web.archive.org/web/20161103152243/https://mw.modhistory.com/download-53-14629	VALID_FROM_INDEX			
https://web.archive.org/web/20161103152243/https://mw.modhistory.com/download-53-14630	VALID_FROM_INDEX			
https://web.archive.org/web/20161103152243/https://mw.modhistory.com/download-53-14675	VALID_FROM_INDEX			
https://web.archive.org/web/20161103152243/https://mw.modhistory.com/download-53-14686	VALID_FROM_INDEX			
https://web.archive.org/web/20161103152243/https://mw.modhistory.com/download-53-14691	VALID_FROM_INDEX			
https://web.archive.org/web/20161103152243/https://mw.modhistory.com/download-53-14938	VALID_FROM_INDEX			
https://web.archive.org/web/20161103152243/https://mw.modhistory.com/download-53-14978	VALID_FROM_INDEX			
https://web.archive.org/web/20161103152243/https://mw.modhistory.com/download-53-15196	VALID_FROM_INDEX			
https://web.archive.org/web/20161103152243/https://mw.modhistory.com/download-53-15236	VALID_FROM_INDEX			
https://web.archive.org/web/20161103152243/https://mw.modhistory.com/download-53-15387	VALID_FROM_INDEX			
https://web.archive.org/web/20161103152243/https://mw.modhistory.com/download-53-15456	VALID_FROM_INDEX			
https://web.archive.org/web/20161103152243/https://mw.modhistory.com/download-53-1822	VALID_FROM_INDEX			
https://web.archive.org/web/20161103152243/https://mw.modhistory.com/download-53-2643	VALID_FROM_INDEX			
https://web.archive.org/web/20161103152243/https://mw.modhistory.com/download-53-3062	VALID_FROM_INDEX			
https://web.archive.org/web/20161103152243/https://mw.modhistory.com/download-53-3664	VALID_FROM_INDEX			
https://web.archive.org/web/20161103152243/https://mw.modhistory.com/download-53-3922	VALID_FROM_INDEX			
https://web.archive.org/web/20161103152243/https://mw.modhistory.com/download-53-3982	VALID_FROM_INDEX			
https://web.archive.org/web/20161103152243/https://mw.modhistory.com/download-53-3997	VALID_FROM_INDEX			
https://web.archive.org/web/20161103152243/https://mw.modhistory.com/download-53-5726	VALID_FROM_INDEX			
https://web.archive.org/web/20161103152243/https://mw.modhistory.com/download-53-5737	VALID_FROM_INDEX			
https://web.archive.org/web/20161103152243/https://mw.modhistory.com/download-53-6150	VALID_FROM_INDEX			
https://web.archive.org/web/20161103152243/https://mw.modhistory.com/download-53-6160	VALID_FROM_INDEX			
https://web.archive.org/web/20161103152243/https://mw.modhistory.com/download-53-6163	VALID_FROM_INDEX			
https://web.archive.org/web/20161103152243/https://mw.modhistory.com/download-53-6167	VALID_FROM_INDEX			
https://web.archive.org/web/20161103152243/https://mw.modhistory.com/download-53-6173	VALID_FROM_INDEX			
https://web.archive.org/web/20161103152243/https://mw.modhistory.com/download-53-6184	VALID_FROM_INDEX			
https://web.archive.org/web/20161103152243/https://mw.modhistory.com/download-53-6248	VALID_FROM_INDEX			
https://web.archive.org/web/20161103152243/https://mw.modhistory.com/download-53-6252	VALID_FROM_INDEX			
https://web.archive.org/web/20161103152243/https://mw.modhistory.com/download-53-6263	VALID_FROM_INDEX			
https://web.archive.org/web/20161103152243/https://mw.modhistory.com/download-53-6269	VALID_FROM_INDEX			
https://web.archive.org/web/20161103152243/https://mw.modhistory.com/download-53-6351	VALID_FROM_INDEX			
https://web.archive.org/web/20161103152243/https://mw.modhistory.com/download-53-6415	VALID_FROM_INDEX			
https://web.archive.org/web/20161103152243/https://mw.modhistory.com/download-53-6524	VALID_FROM_INDEX			
https://web.archive.org/web/20161103152243/https://mw.modhistory.com/download-53-6530	VALID_FROM_INDEX			
https://web.archive.org/web/20161103152243/https://mw.modhistory.com/download-53-6570	VALID_FROM_INDEX			
https://web.archive.org/web/20161103152243/https://mw.modhistory.com/download-53-6632	VALID_FROM_INDEX			
https://web.archive.org/web/20161103152243/https://mw.modhistory.com/download-53-6802	VALID_FROM_INDEX			
https://web.archive.org/web/20161103152243/https://mw.modhistory.com/download-53-6952	VALID_FROM_INDEX			
https://web.archive.org/web/20161103152243/https://mw.modhistory.com/download-53-7195	VALID_FROM_INDEX			
https://web.archive.org/web/20161103152243/https://mw.modhistory.com/download-53-7407	VALID_FROM_INDEX			
https://web.archive.org/web/20161103152243/https://mw.modhistory.com/download-53-7425	VALID_FROM_INDEX			
https://web.archive.org/web/20161103152243/https://mw.modhistory.com/download-53-7511	VALID_FROM_INDEX			
https://web.archive.org/web/20161103152243/https://mw.modhistory.com/download-53-7572	VALID_FROM_INDEX			
https://web.archive.org/web/20161103152243/https://mw.modhistory.com/download-53-7615	VALID_FROM_INDEX			
https://web.archive.org/web/20161103152243/https://mw.modhistory.com/download-53-7661	VALID_FROM_INDEX			
https://web.archive.org/web/20161103152243/https://mw.modhistory.com/download-53-7715	VALID_FROM_INDEX			
https://web.archive.org/web/20161103152243/https://mw.modhistory.com/download-53-7721	VALID_FROM_INDEX			
https://web.archive.org/web/20161103152243/https://mw.modhistory.com/download-53-7727	VALID_FROM_INDEX			
https://web.archive.org/web/20161103152243/https://mw.modhistory.com/download-53-7786	VALID_FROM_INDEX			
https://web.archive.org/web/20161103152243/https://mw.modhistory.com/download-53-7819	VALID_FROM_INDEX			
https://web.archive.org/web/20161103152243/https://mw.modhistory.com/download-53-7919	VALID_FROM_INDEX			
https://web.archive.org/web/20161103152243/https://mw.modhistory.com/download-53-7944	VALID_FROM_INDEX			
https://web.archive.org/web/20161103152243/https://mw.modhistory.com/download-53-7972	VALID_FROM_INDEX			
https://web.archive.org/web/20161103152243/https://mw.modhistory.com/download-53-8116	VALID_FROM_INDEX			
https://web.archive.org/web/20161103152243/https://mw.modhistory.com/download-53-8126	VALID_FROM_INDEX			
https://web.archive.org/web/20161103152243/https://mw.modhistory.com/download-53-8193	VALID_FROM_INDEX			
https://web.archive.org/web/20161103152243/https://mw.modhistory.com/download-53-8210	VALID_FROM_INDEX			
https://web.archive.org/web/20161103152243/https://mw.modhistory.com/download-53-8242	VALID_FROM_INDEX			
https://web.archive.org/web/20161103152243/https://mw.modhistory.com/download-53-8271	VALID_FROM_INDEX			
https://web.archive.org/web/20161103152243/https://mw.modhistory.com/download-53-8278	VALID_FROM_INDEX			
https://web.archive.org/web/20161103152243/https://mw.modhistory.com/download-53-8507	VALID_FROM_INDEX			
https://web.archive.org/web/20161103152243/https://mw.modhistory.com/download-53-8521	VALID_FROM_INDEX			
https://web.archive.org/web/20161103152243/https://mw.modhistory.com/download-53-8565	VALID_FROM_INDEX			
https://web.archive.org/web/20161103152243/https://mw.modhistory.com/download-53-8608	VALID_FROM_INDEX			
https://web.archive.org/web/20161103152243/https://mw.modhistory.com/download-53-8614	VALID_FROM_INDEX			
https://web.archive.org/web/20161103152243/https://mw.modhistory.com/download-53-8625	VALID_FROM_INDEX			
https://web.archive.org/web/20161103152243/https://mw.modhistory.com/download-53-8665	VALID_FROM_INDEX			
https://web.archive.org/web/20161103152243/https://mw.modhistory.com/download-53-8694	VALID_FROM_INDEX			
https://web.archive.org/web/20161103152243/https://mw.modhistory.com/download-53-8700	VALID_FROM_INDEX			
https://web.archive.org/web/20161103152243/https://mw.modhistory.com/download-53-8703	VALID_FROM_INDEX			
https://web.archive.org/web/20161103152243/https://mw.modhistory.com/download-53-8739	VALID_FROM_INDEX			
https://web.archive.org/web/20161103152243/https://mw.modhistory.com/download-53-8740	VALID_FROM_INDEX			
https://web.archive.org/web/20161103152243/https://mw.modhistory.com/download-53-8741	VALID_FROM_INDEX			
https://web.archive.org/web/20161103152243/https://mw.modhistory.com/download-53-8742	VALID_FROM_INDEX			
https://web.archive.org/web/20161103152243/https://mw.modhistory.com/download-53-8743	VALID_FROM_INDEX			
https://web.archive.org/web/20161103152243/https://mw.modhistory.com/download-53-8744	VALID_FROM_INDEX			
https://web.archive.org/web/20161103152243/https://mw.modhistory.com/download-53-8790	VALID_FROM_INDEX			
https://web.archive.org/web/20161103152243/https://mw.modhistory.com/download-53-8823	VALID_FROM_INDEX			
https://web.archive.org/web/20161103152243/https://mw.modhistory.com/download-53-8909	VALID_FROM_INDEX			
https://web.archive.org/web/20161103152243/https://mw.modhistory.com/download-53-8921	VALID_FROM_INDEX			
https://web.archive.org/web/20161103152243/https://mw.modhistory.com/download-53-8941	VALID_FROM_INDEX			
https://web.archive.org/web/20161103152243/https://mw.modhistory.com/download-53-8947	VALID_FROM_INDEX			
https://web.archive.org/web/20161103152243/https://mw.modhistory.com/download-53-8986	VALID_FROM_INDEX			
https://web.archive.org/web/20161103152243/https://mw.modhistory.com/download-53-8989	VALID_FROM_INDEX			
https://web.archive.org/web/20161103152243/https://mw.modhistory.com/download-53-9033	VALID_FROM_INDEX			
https://web.archive.org/web/20161103152243/https://mw.modhistory.com/download-53-9047	VALID_FROM_INDEX			
https://web.archive.org/web/20161103152243/https://mw.modhistory.com/download-53-9084	VALID_FROM_INDEX			
https://web.archive.org/web/20161103152243/https://mw.modhistory.com/download-53-9185	VALID_FROM_INDEX			
https://web.archive.org/web/20161103152243/https://mw.modhistory.com/download-53-9204	VALID_FROM_INDEX			
https://web.archive.org/web/20161103152243/https://mw.modhistory.com/download-53-9235	VALID_FROM_INDEX			
https://web.archive.org/web/20161103152243/https://mw.modhistory.com/download-53-9277	VALID_FROM_INDEX			
https://web.archive.org/web/20161103152243/https://mw.modhistory.com/download-53-9307	VALID_FROM_INDEX			
https://web.archive.org/web/20161103152243/https://mw.modhistory.com/download-53-9333	VALID_FROM_INDEX			
https://web.archive.org/web/20161103152243/https://mw.modhistory.com/download-53-9475	VALID_FROM_INDEX			
https://web.archive.org/web/20161103152243/https://mw.modhistory.com/download-53-9572	VALID_FROM_INDEX			
https://web.archive.org/web/20161103152243/https://mw.modhistory.com/download-53-9578	VALID_FROM_INDEX			
https://web.archive.org/web/20161103152243/https://mw.modhistory.com/download-53-9611	VALID_FROM_INDEX			
https://web.archive.org/web/20161103152243/https://mw.modhistory.com/download-53-9634	VALID_FROM_INDEX			
https://web.archive.org/web/20161103152243/https://mw.modhistory.com/download-53-9645	VALID_FROM_INDEX			
https://web.archive.org/web/20161103152243/https://mw.modhistory.com/download-53-9650	VALID_FROM_INDEX			
https://web.archive.org/web/20161103152243/https://mw.modhistory.com/download-53-9672	VALID_FROM_INDEX			
https://web.archive.org/web/20161103152243/https://mw.modhistory.com/download-53-9690	VALID_FROM_INDEX			
https://web.archive.org/web/20161103152243/https://mw.modhistory.com/download-53-9709	VALID_FROM_INDEX			
https://web.archive.org/web/20161103152243/https://mw.modhistory.com/download-53-9718	VALID_FROM_INDEX			
https://web.archive.org/web/20161103152243/https://mw.modhistory.com/download-53-9719	VALID_FROM_INDEX			
https://web.archive.org/web/20161103152243/https://mw.modhistory.com/download-53-9743	VALID_FROM_INDEX			
https://web.archive.org/web/20161103152243/https://mw.modhistory.com/download-53-9772	VALID_FROM_INDEX			
https://web.archive.org/web/20161103152243/https://mw.modhistory.com/download-53-9786	VALID_FROM_INDEX			
https://web.archive.org/web/20161103152243/https://mw.modhistory.com/download-53-9850	VALID_FROM_INDEX			
https://web.archive.org/web/20161103152243/https://mw.modhistory.com/download-55-10120	VALID_FROM_INDEX			
https://web.archive.org/web/20161103152243/https://mw.modhistory.com/download-55-10526	VALID_FROM_INDEX			
https://web.archive.org/web/20161103152243/https://mw.modhistory.com/download-55-10701	VALID_FROM_INDEX			
https://web.archive.org/web/20161103152243/https://mw.modhistory.com/download-55-11485	VALID_FROM_INDEX			
https://web.archive.org/web/20161103152243/https://mw.modhistory.com/download-55-11739	VALID_FROM_INDEX			
https://web.archive.org/web/20161103152243/https://mw.modhistory.com/download-55-11746	VALID_FROM_INDEX			
https://web.archive.org/web/20161103152243/https://mw.modhistory.com/download-55-11760	VALID_FROM_INDEX			
https://web.archive.org/web/20161103152243/https://mw.modhistory.com/download-55-11761	VALID_FROM_INDEX			
https://web.archive.org/web/20161103152243/https://mw.modhistory.com/download-55-11762	VALID_FROM_INDEX			
https://web.archive.org/web/20161103152243/https://mw.modhistory.com/download-55-11763	VALID_FROM_INDEX			
https://web.archive.org/web/20161103152243/https://mw.modhistory.com/download-55-11961	VALID_FROM_INDEX			
https://web.archive.org/web/20161103152243/https://mw.modhistory.com/download-55-11964	VALID_FROM_INDEX			
https://web.archive.org/web/20161103152243/https://mw.modhistory.com/download-55-12392	VALID_FROM_INDEX			
https://web.archive.org/web/20161103152243/https://mw.modhistory.com/download-55-1278	VALID_FROM_INDEX			
https://web.archive.org/web/20161103152243/https://mw.modhistory.com/download-55-12999	VALID_FROM_INDEX			
https://web.archive.org/web/20161103152243/https://mw.modhistory.com/download-55-1376	VALID_FROM_INDEX			
https://web.archive.org/web/20161103152243/https://mw.modhistory.com/download-55-2057	VALID_FROM_INDEX			
https://web.archive.org/web/20161103152243/https://mw.modhistory.com/download-55-2097	VALID_FROM_INDEX			
https://web.archive.org/web/20161103152243/https://mw.modhistory.com/download-55-3892	VALID_FROM_INDEX			
https://web.archive.org/web/20161103152243/https://mw.modhistory.com/download-55-5243	VALID_FROM_INDEX			
https://web.archive.org/web/20161103152243/https://mw.modhistory.com/download-55-5447	VALID_FROM_INDEX			
https://web.archive.org/web/20161103152243/https://mw.modhistory.com/download-55-6716	VALID_FROM_INDEX			
https://web.archive.org/web/20161103152243/https://mw.modhistory.com/download-55-6984	VALID_FROM_INDEX			
https://web.archive.org/web/20161103152243/https://mw.modhistory.com/download-55-8114	VALID_FROM_INDEX			
https://web.archive.org/web/20161103152243/https://mw.modhistory.com/download-55-8340	VALID_FROM_INDEX			
https://web.archive.org/web/20161103152243/https://mw.modhistory.com/download-55-9642	VALID_FROM_INDEX			
https://web.archive.org/web/20161103152243/https://mw.modhistory.com/download-56-10190	VALID_FROM_INDEX			
https://web.archive.org/web/20161103152243/https://mw.modhistory.com/download-56-10208	VALID_FROM_INDEX			
https://web.archive.org/web/20161103152243/https://mw.modhistory.com/download-56-10218	VALID_FROM_INDEX			
https://web.archive.org/web/20161103152243/https://mw.modhistory.com/download-56-10225	VALID_FROM_INDEX			
https://web.archive.org/web/20161103152243/https://mw.modhistory.com/download-56-10235	VALID_FROM_INDEX			
https://web.archive.org/web/20161103152243/https://mw.modhistory.com/download-56-10250	VALID_FROM_INDEX			
https://web.archive.org/web/20161103152243/https://mw.modhistory.com/download-56-10378	VALID_FROM_INDEX			
https://web.archive.org/web/20161103152243/https://mw.modhistory.com/download-56-10379	VALID_FROM_INDEX			
https://web.archive.org/web/20161103152243/https://mw.modhistory.com/download-56-10389	VALID_FROM_INDEX			
https://web.archive.org/web/20161103152243/https://mw.modhistory.com/download-56-10464	VALID_FROM_INDEX			
https://web.archive.org/web/20161103152243/https://mw.modhistory.com/download-56-10465	VALID_FROM_INDEX			
https://web.archive.org/web/20161103152243/https://mw.modhistory.com/download-56-10466	VALID_FROM_INDEX			
https://web.archive.org/web/20161103152243/https://mw.modhistory.com/download-56-10673	VALID_FROM_INDEX			
https://web.archive.org/web/20161103152243/https://mw.modhistory.com/download-56-1088	VALID_FROM_INDEX			
https://web.archive.org/web/20161103152243/https://mw.modhistory.com/download-56-10923	VALID_FROM_INDEX			
https://web.archive.org/web/20161103152243/https://mw.modhistory.com/download-56-10928	VALID_FROM_INDEX			
https://web.archive.org/web/20161103152243/https://mw.modhistory.com/download-56-11124	VALID_FROM_INDEX			
https://web.archive.org/web/20161103152243/https://mw.modhistory.com/download-56-11326	VALID_FROM_INDEX			
https://web.archive.org/web/20161103152243/https://mw.modhistory.com/download-56-11340	VALID_FROM_INDEX			
https://web.archive.org/web/20161103152243/https://mw.modhistory.com/download-56-11364	VALID_FROM_INDEX			
https://web.archive.org/web/20161103152243/https://mw.modhistory.com/download-56-11539	VALID_FROM_INDEX			
https://web.archive.org/web/20161103152243/https://mw.modhistory.com/download-56-11589	VALID_FROM_INDEX			
https://web.archive.org/web/20161103152243/https://mw.modhistory.com/download-56-11710	VALID_FROM_INDEX			
https://web.archive.org/web/20161103152243/https://mw.modhistory.com/download-56-11850	VALID_FROM_INDEX			
https://web.archive.org/web/20161103152243/https://mw.modhistory.com/download-56-11886	VALID_FROM_INDEX			
https://web.archive.org/web/20161103152243/https://mw.modhistory.com/download-56-11914	VALID_FROM_INDEX			
https://web.archive.org/web/20161103152243/https://mw.modhistory.com/download-56-11953	VALID_FROM_INDEX			
https://web.archive.org/web/20161103152243/https://mw.modhistory.com/download-56-11968	VALID_FROM_INDEX			
https://web.archive.org/web/20161103152243/https://mw.modhistory.com/download-56-11969	VALID_FROM_INDEX			
https://web.archive.org/web/20161103152243/https://mw.modhistory.com/download-56-11974	VALID_FROM_INDEX			
https://web.archive.org/web/20161103152243/https://mw.modhistory.com/download-56-11985	VALID_FROM_INDEX			
https://web.archive.org/web/20161103152243/https://mw.modhistory.com/download-56-11987	VALID_FROM_INDEX			
https://web.archive.org/web/20161103152243/https://mw.modhistory.com/download-56-11988	VALID_FROM_INDEX			
https://web.archive.org/web/20161103152243/https://mw.modhistory.com/download-56-11995	VALID_FROM_INDEX			
https://web.archive.org/web/20161103152243/https://mw.modhistory.com/download-56-12004	VALID_FROM_INDEX			
https://web.archive.org/web/20161103152243/https://mw.modhistory.com/download-56-12005	VALID_FROM_INDEX			
https://web.archive.org/web/20161103152243/https://mw.modhistory.com/download-56-12006	VALID_FROM_INDEX			
https://web.archive.org/web/20161103152243/https://mw.modhistory.com/download-56-12013	VALID_FROM_INDEX			
https://web.archive.org/web/20161103152243/https://mw.modhistory.com/download-56-12103	VALID_FROM_INDEX			
https://web.archive.org/web/20161103152243/https://mw.modhistory.com/download-56-12124	VALID_FROM_INDEX			
https://web.archive.org/web/20161103152243/https://mw.modhistory.com/download-56-12148	VALID_FROM_INDEX			
https://web.archive.org/web/20161103152243/https://mw.modhistory.com/download-56-12181	VALID_FROM_INDEX			
https://web.archive.org/web/20161103152243/https://mw.modhistory.com/download-56-12230	VALID_FROM_INDEX			
https://web.archive.org/web/20161103152243/https://mw.modhistory.com/download-56-12344	VALID_FROM_INDEX			
https://web.archive.org/web/20161103152243/https://mw.modhistory.com/download-56-12406	VALID_FROM_INDEX			
https://web.archive.org/web/20161103152243/https://mw.modhistory.com/download-56-12448	VALID_FROM_INDEX			
https://web.archive.org/web/20161103152243/https://mw.modhistory.com/download-56-12466	VALID_FROM_INDEX			
https://web.archive.org/web/20161103152243/https://mw.modhistory.com/download-56-12535	VALID_FROM_INDEX			
https://web.archive.org/web/20161103152243/https://mw.modhistory.com/download-56-12548	VALID_FROM_INDEX			
https://web.archive.org/web/20161103152243/https://mw.modhistory.com/download-56-12690	VALID_FROM_INDEX			
https://web.archive.org/web/20161103152243/https://mw.modhistory.com/download-56-12938	VALID_FROM_INDEX			
https://web.archive.org/web/20161103152243/https://mw.modhistory.com/download-56-13149	VALID_FROM_INDEX			
https://web.archive.org/web/20161103152243/https://mw.modhistory.com/download-56-13177	VALID_FROM_INDEX			
https://web.archive.org/web/20161103152243/https://mw.modhistory.com/download-56-13179	VALID_FROM_INDEX			
https://web.archive.org/web/20161103152243/https://mw.modhistory.com/download-56-13339	VALID_FROM_INDEX			
https://web.archive.org/web/20161103152243/https://mw.modhistory.com/download-56-13409	VALID_FROM_INDEX			
https://web.archive.org/web/20161103152243/https://mw.modhistory.com/download-56-13421	VALID_FROM_INDEX			
https://web.archive.org/web/20161103152243/https://mw.modhistory.com/download-56-13428	VALID_FROM_INDEX			
https://web.archive.org/web/20161103152243/https://mw.modhistory.com/download-56-13474	VALID_FROM_INDEX			
https://web.archive.org/web/20161103152243/https://mw.modhistory.com/download-56-13586	VALID_FROM_INDEX			
https://web.archive.org/web/20161103152243/https://mw.modhistory.com/download-56-13816	VALID_FROM_INDEX			
https://web.archive.org/web/20161103152243/https://mw.modhistory.com/download-56-13914	VALID_FROM_INDEX			
https://web.archive.org/web/20161103152243/https://mw.modhistory.com/download-56-14097	VALID_FROM_INDEX			
https://web.archive.org/web/20161103152243/https://mw.modhistory.com/download-56-14107	VALID_FROM_INDEX			
https://web.archive.org/web/20161103152243/https://mw.modhistory.com/download-56-14231	VALID_FROM_INDEX			
https://web.archive.org/web/20161103152243/https://mw.modhistory.com/download-56-14381	VALID_FROM_INDEX			
https://web.archive.org/web/20161103152243/https://mw.modhistory.com/download-56-14462	VALID_FROM_INDEX			
https://web.archive.org/web/20161103152243/https://mw.modhistory.com/download-56-14501	VALID_FROM_INDEX			
https://web.archive.org/web/20161103152243/https://mw.modhistory.com/download-56-14669	VALID_FROM_INDEX			
https://web.archive.org/web/20161103152243/https://mw.modhistory.com/download-56-14671	VALID_FROM_INDEX			
https://web.archive.org/web/20161103152243/https://mw.modhistory.com/download-56-14790	VALID_FROM_INDEX			
https://web.archive.org/web/20161103152243/https://mw.modhistory.com/download-56-14830	VALID_FROM_INDEX			
https://web.archive.org/web/20161103152243/https://mw.modhistory.com/download-56-15072	VALID_FROM_INDEX			
https://web.archive.org/web/20161103152243/https://mw.modhistory.com/download-56-272	VALID_FROM_INDEX			
https://web.archive.org/web/20161103152243/https://mw.modhistory.com/download-56-2752	VALID_FROM_INDEX			
https://web.archive.org/web/20161103152243/https://mw.modhistory.com/download-56-3065	VALID_FROM_INDEX			
https://web.archive.org/web/20161103152243/https://mw.modhistory.com/download-56-3101	VALID_FROM_INDEX			
https://web.archive.org/web/20161103152243/https://mw.modhistory.com/download-56-5015	VALID_FROM_INDEX			
https://web.archive.org/web/20161103152243/https://mw.modhistory.com/download-56-547	VALID_FROM_INDEX			
https://web.archive.org/web/20161103152243/https://mw.modhistory.com/download-56-5563	VALID_FROM_INDEX			
https://web.archive.org/web/20161103152243/https://mw.modhistory.com/download-56-5564	VALID_FROM_INDEX			
https://web.archive.org/web/20161103152243/https://mw.modhistory.com/download-56-5850	VALID_FROM_INDEX			
https://web.archive.org/web/20161103152243/https://mw.modhistory.com/download-56-5937	VALID_FROM_INDEX			
https://web.archive.org/web/20161103152243/https://mw.modhistory.com/download-56-6043	VALID_FROM_INDEX			
https://web.archive.org/web/20161103152243/https://mw.modhistory.com/download-56-6044	VALID_FROM_INDEX			
https://web.archive.org/web/20161103152243/https://mw.modhistory.com/download-56-6045	VALID_FROM_INDEX			
https://web.archive.org/web/20161103152243/https://mw.modhistory.com/download-56-6065	VALID_FROM_INDEX			
https://web.archive.org/web/20161103152243/https://mw.modhistory.com/download-56-6231	VALID_FROM_INDEX			
https://web.archive.org/web/20161103152243/https://mw.modhistory.com/download-56-6244	VALID_FROM_INDEX			
https://web.archive.org/web/20161103152243/https://mw.modhistory.com/download-56-6352	VALID_FROM_INDEX			
https://web.archive.org/web/20161103152243/https://mw.modhistory.com/download-56-6548	VALID_FROM_INDEX			
https://web.archive.org/web/20161103152243/https://mw.modhistory.com/download-56-6558	VALID_FROM_INDEX			
https://web.archive.org/web/20161103152243/https://mw.modhistory.com/download-56-6610	VALID_FROM_INDEX			
https://web.archive.org/web/20161103152243/https://mw.modhistory.com/download-56-6826	VALID_FROM_INDEX			
https://web.archive.org/web/20161103152243/https://mw.modhistory.com/download-56-6855	VALID_FROM_INDEX			
https://web.archive.org/web/20161103152243/https://mw.modhistory.com/download-56-6922	VALID_FROM_INDEX			
https://web.archive.org/web/20161103152243/https://mw.modhistory.com/download-56-6950	VALID_FROM_INDEX			
https://web.archive.org/web/20161103152243/https://mw.modhistory.com/download-56-7078	VALID_FROM_INDEX			
https://web.archive.org/web/20161103152243/https://mw.modhistory.com/download-56-7139	VALID_FROM_INDEX			
https://web.archive.org/web/20161103152243/https://mw.modhistory.com/download-56-7331	VALID_FROM_INDEX			
https://web.archive.org/web/20161103152243/https://mw.modhistory.com/download-56-75	VALID_FROM_INDEX			
https://web.archive.org/web/20161103152243/https://mw.modhistory.com/download-56-7531	VALID_FROM_INDEX			
https://web.archive.org/web/20161103152243/https://mw.modhistory.com/download-56-7542	VALID_FROM_INDEX			
https://web.archive.org/web/20161103152243/https://mw.modhistory.com/download-56-7686	VALID_FROM_INDEX			
https://web.archive.org/web/20161103152243/https://mw.modhistory.com/download-56-8073	VALID_FROM_INDEX			
https://web.archive.org/web/20161103152243/https://mw.modhistory.com/download-56-8264	VALID_FROM_INDEX			
https://web.archive.org/web/20161103152243/https://mw.modhistory.com/download-56-8490	VALID_FROM_INDEX			
https://web.archive.org/web/20161103152243/https://mw.modhistory.com/download-56-8518	VALID_FROM_INDEX			
https://web.archive.org/web/20161103152243/https://mw.modhistory.com/download-56-8844	VALID_FROM_INDEX			
https://web.archive.org/web/20161103152243/https://mw.modhistory.com/download-56-9347	VALID_FROM_INDEX			
https://web.archive.org/web/20161103152243/https://mw.modhistory.com/download-56-944	VALID_FROM_INDEX			
https://web.archive.org/web/20161103152243/https://mw.modhistory.com/download-56-9458	VALID_FROM_INDEX			
https://web.archive.org/web/20161103152243/https://mw.modhistory.com/download-59-12183	VALID_FROM_INDEX			
https://web.archive.org/web/20161103152243/https://mw.modhistory.com/download-59-12367	VALID_FROM_INDEX			
https://web.archive.org/web/20161103152243/https://mw.modhistory.com/download-59-3939	VALID_FROM_INDEX			
https://web.archive.org/web/20161103152243/https://mw.modhistory.com/download-59-6056	VALID_FROM_INDEX			
https://web.archive.org/web/20161103152243/https://mw.modhistory.com/download-59-6585	VALID_FROM_INDEX			
https://web.archive.org/web/20161103152243/https://mw.modhistory.com/download-59-982	VALID_FROM_INDEX			
https://web.archive.org/web/20161103152243/https://mw.modhistory.com/download-59-9827	VALID_FROM_INDEX			
https://web.archive.org/web/20161103152243/https://mw.modhistory.com/download-61-13678	VALID_FROM_INDEX			
https://web.archive.org/web/20161103152243/https://mw.modhistory.com/download-63-108	VALID_FROM_INDEX			
https://web.archive.org/web/20161103152243/https://mw.modhistory.com/download-63-11152	VALID_FROM_INDEX			
https://web.archive.org/web/20161103152243/https://mw.modhistory.com/download-63-11516	VALID_FROM_INDEX			
https://web.archive.org/web/20161103152243/https://mw.modhistory.com/download-63-1241	VALID_FROM_INDEX			
https://web.archive.org/web/20161103152243/https://mw.modhistory.com/download-63-1243	VALID_FROM_INDEX			
https://web.archive.org/web/20161103152243/https://mw.modhistory.com/download-63-14739	VALID_FROM_INDEX			
https://web.archive.org/web/20161103152243/https://mw.modhistory.com/download-63-14740	VALID_FROM_INDEX			
https://web.archive.org/web/20161103152243/https://mw.modhistory.com/download-63-14743	VALID_FROM_INDEX			
https://web.archive.org/web/20161103152243/https://mw.modhistory.com/download-63-14818	VALID_FROM_INDEX			
https://web.archive.org/web/20161103152243/https://mw.modhistory.com/download-63-15383	VALID_FROM_INDEX			
https://web.archive.org/web/20161103152243/https://mw.modhistory.com/download-63-15390	VALID_FROM_INDEX			
https://web.archive.org/web/20161103152243/https://mw.modhistory.com/download-63-232	VALID_FROM_INDEX			
https://web.archive.org/web/20161103152243/https://mw.modhistory.com/download-63-3011	VALID_FROM_INDEX			
https://web.archive.org/web/20161103152243/https://mw.modhistory.com/download-63-419	VALID_FROM_INDEX			
https://web.archive.org/web/20161103152243/https://mw.modhistory.com/download-63-5558	VALID_FROM_INDEX			
https://web.archive.org/web/20161103152243/https://mw.modhistory.com/download-63-5594	VALID_FROM_INDEX			
https://web.archive.org/web/20161103152243/https://mw.modhistory.com/download-63-5598	VALID_FROM_INDEX			
https://web.archive.org/web/20161103152243/https://mw.modhistory.com/download-63-5602	VALID_FROM_INDEX			
https://web.archive.org/web/20161103152243/https://mw.modhistory.com/download-63-5603	VALID_FROM_INDEX			
https://web.archive.org/web/20161103152243/https://mw.modhistory.com/download-63-5608	VALID_FROM_INDEX			
https://web.archive.org/web/20161103152243/https://mw.modhistory.com/download-63-5799	VALID_FROM_INDEX			
https://web.archive.org/web/20161103152243/https://mw.modhistory.com/download-63-5903	VALID_FROM_INDEX			
https://web.archive.org/web/20161103152243/https://mw.modhistory.com/download-63-5958	VALID_FROM_INDEX			
https://web.archive.org/web/20161103152243/https://mw.modhistory.com/download-63-5964	VALID_FROM_INDEX			
https://web.archive.org/web/20161103152243/https://mw.modhistory.com/download-63-5975	VALID_FROM_INDEX			
https://web.archive.org/web/20161103152243/https://mw.modhistory.com/download-63-67	VALID_FROM_INDEX			
https://web.archive.org/web/20161103152243/https://mw.modhistory.com/download-63-9633	VALID_FROM_INDEX			
https://web.archive.org/web/20161103152243/https://mw.modhistory.com/download-64-10081	VALID_FROM_INDEX			
https://web.archive.org/web/20161103152243/https://mw.modhistory.com/download-64-10146	VALID_FROM_INDEX			
https://web.archive.org/web/20161103152243/https://mw.modhistory.com/download-64-10188	VALID_FROM_INDEX			
https://web.archive.org/web/20161103152243/https://mw.modhistory.com/download-64-10519	VALID_FROM_INDEX			
https://web.archive.org/web/20161103152243/https://mw.modhistory.com/download-64-10533	VALID_FROM_INDEX			
https://web.archive.org/web/20161103152243/https://mw.modhistory.com/download-64-10535	VALID_FROM_INDEX			
https://web.archive.org/web/20161103152243/https://mw.modhistory.com/download-64-10707	VALID_FROM_INDEX			
https://web.archive.org/web/20161103152243/https://mw.modhistory.com/download-64-10769	VALID_FROM_INDEX			
https://web.archive.org/web/20161103152243/https://mw.modhistory.com/download-64-10771	VALID_FROM_INDEX			
https://web.archive.org/web/20161103152243/https://mw.modhistory.com/download-64-10795	VALID_FROM_INDEX			
https://web.archive.org/web/20161103152243/https://mw.modhistory.com/download-64-10821	VALID_FROM_INDEX			
https://web.archive.org/web/20161103152243/https://mw.modhistory.com/download-64-10906	VALID_FROM_INDEX			
https://web.archive.org/web/20161103152243/https://mw.modhistory.com/download-64-10911	VALID_FROM_INDEX			
https://web.archive.org/web/20161103152243/https://mw.modhistory.com/download-64-10966	VALID_FROM_INDEX			
https://web.archive.org/web/20161103152243/https://mw.modhistory.com/download-64-11199	VALID_FROM_INDEX			
https://web.archive.org/web/20161103152243/https://mw.modhistory.com/download-64-11261	VALID_FROM_INDEX			
https://web.archive.org/web/20161103152243/https://mw.modhistory.com/download-64-11544	VALID_FROM_INDEX			
https://web.archive.org/web/20161103152243/https://mw.modhistory.com/download-64-11730	VALID_FROM_INDEX			
https://web.archive.org/web/20161103152243/https://mw.modhistory.com/download-64-12142	VALID_FROM_INDEX			
https://web.archive.org/web/20161103152243/https://mw.modhistory.com/download-64-12453	VALID_FROM_INDEX			
https://web.archive.org/web/20161103152243/https://mw.modhistory.com/download-64-12642	VALID_FROM_INDEX			
https://web.archive.org/web/20161103152243/https://mw.modhistory.com/download-64-13304	VALID_FROM_INDEX			
https://web.archive.org/web/20161103152243/https://mw.modhistory.com/download-64-13336	VALID_FROM_INDEX			
https://web.archive.org/web/20161103152243/https://mw.modhistory.com/download-64-1339	VALID_FROM_INDEX			
https://web.archive.org/web/20161103152243/https://mw.modhistory.com/download-64-1342	VALID_FROM_INDEX			
https://web.archive.org/web/20161103152243/https://mw.modhistory.com/download-64-13583	VALID_FROM_INDEX			
https://web.archive.org/web/20161103152243/https://mw.modhistory.com/download-64-13704	VALID_FROM_INDEX			
https://web.archive.org/web/20161103152243/https://mw.modhistory.com/download-64-13942	VALID_FROM_INDEX			
https://web.archive.org/web/20161103152243/https://mw.modhistory.com/download-64-14106	VALID_FROM_INDEX			
https://web.archive.org/web/20161103152243/https://mw.modhistory.com/download-64-14173	VALID_FROM_INDEX			
https://web.archive.org/web/20161103152243/https://mw.modhistory.com/download-64-14225	VALID_FROM_INDEX			
https://web.archive.org/web/20161103152243/https://mw.modhistory.com/download-64-14544	VALID_FROM_INDEX			
https://web.archive.org/web/20161103152243/https://mw.modhistory.com/download-64-14634	VALID_FROM_INDEX			
https://web.archive.org/web/20161103152243/https://mw.modhistory.com/download-64-14687	VALID_FROM_INDEX			
https://web.archive.org/web/20161103152243/https://mw.modhistory.com/download-64-15137	VALID_FROM_INDEX			
https://web.archive.org/web/20161103152243/https://mw.modhistory.com/download-64-15144	VALID_FROM_INDEX			
https://web.archive.org/web/20161103152243/https://mw.modhistory.com/download-64-15335	VALID_FROM_INDEX			
https://web.archive.org/web/20161103152243/https://mw.modhistory.com/download-64-15409	VALID_FROM_INDEX			
https://web.archive.org/web/20161103152243/https://mw.modhistory.com/download-64-16	VALID_FROM_INDEX			
https://web.archive.org/web/20161103152243/https://mw.modhistory.com/download-64-1625	VALID_FROM_INDEX			
https://web.archive.org/web/20161103152243/https://mw.modhistory.com/download-64-1948	VALID_FROM_INDEX			
https://web.archive.org/web/20161103152243/https://mw.modhistory.com/download-64-255	VALID_FROM_INDEX			
https://web.archive.org/web/20161103152243/https://mw.modhistory.com/download-64-3649	VALID_FROM_INDEX			
https://web.archive.org/web/20161103152243/https://mw.modhistory.com/download-64-3924	VALID_FROM_INDEX			
https://web.archive.org/web/20161103152243/https://mw.modhistory.com/download-64-4290	VALID_FROM_INDEX			
https://web.archive.org/web/20161103152243/https://mw.modhistory.com/download-64-4292	VALID_FROM_INDEX			
https://web.archive.org/web/20161103152243/https://mw.modhistory.com/download-64-5043	VALID_FROM_INDEX			
https://web.archive.org/web/20161103152243/https://mw.modhistory.com/download-64-5094	VALID_FROM_INDEX			
https://web.archive.org/web/20161103152243/https://mw.modhistory.com/download-64-5571	VALID_FROM_INDEX			
https://web.archive.org/web/20161103152243/https://mw.modhistory.com/download-64-5686	VALID_FROM_INDEX			
https://web.archive.org/web/20161103152243/https://mw.modhistory.com/download-64-5699	VALID_FROM_INDEX			
https://web.archive.org/web/20161103152243/https://mw.modhistory.com/download-64-5841	VALID_FROM_INDEX			
https://web.archive.org/web/20161103152243/https://mw.modhistory.com/download-64-5866	VALID_FROM_INDEX			
https://web.archive.org/web/20161103152243/https://mw.modhistory.com/download-64-6057	VALID_FROM_INDEX			
https://web.archive.org/web/20161103152243/https://mw.modhistory.com/download-64-6317	VALID_FROM_INDEX			
https://web.archive.org/web/20161103152243/https://mw.modhistory.com/download-64-6568	VALID_FROM_INDEX			
https://web.archive.org/web/20161103152243/https://mw.modhistory.com/download-64-6629	VALID_FROM_INDEX			
https://web.archive.org/web/20161103152243/https://mw.modhistory.com/download-64-6637	VALID_FROM_INDEX			
https://web.archive.org/web/20161103152243/https://mw.modhistory.com/download-64-6649	VALID_FROM_INDEX			
https://web.archive.org/web/20161103152243/https://mw.modhistory.com/download-64-6660	VALID_FROM_INDEX			
https://web.archive.org/web/20161103152243/https://mw.modhistory.com/download-64-6712	VALID_FROM_INDEX			
https://web.archive.org/web/20161103152243/https://mw.modhistory.com/download-64-6840	VALID_FROM_INDEX			
https://web.archive.org/web/20161103152243/https://mw.modhistory.com/download-64-7224	VALID_FROM_INDEX			
https://web.archive.org/web/20161103152243/https://mw.modhistory.com/download-64-7386	VALID_FROM_INDEX			
https://web.archive.org/web/20161103152243/https://mw.modhistory.com/download-64-739	VALID_FROM_INDEX			
https://web.archive.org/web/20161103152243/https://mw.modhistory.com/download-64-7619	VALID_FROM_INDEX			
https://web.archive.org/web/20161103152243/https://mw.modhistory.com/download-64-7632	VALID_FROM_INDEX			
https://web.archive.org/web/20161103152243/https://mw.modhistory.com/download-64-7841	VALID_FROM_INDEX			
https://web.archive.org/web/20161103152243/https://mw.modhistory.com/download-64-8295	VALID_FROM_INDEX			
https://web.archive.org/web/20161103152243/https://mw.modhistory.com/download-64-8314	VALID_FROM_INDEX			
https://web.archive.org/web/20161103152243/https://mw.modhistory.com/download-64-8564	VALID_FROM_INDEX			
https://web.archive.org/web/20161103152243/https://mw.modhistory.com/download-64-8570	VALID_FROM_INDEX			
https://web.archive.org/web/20161103152243/https://mw.modhistory.com/download-64-8613	VALID_FROM_INDEX			
https://web.archive.org/web/20161103152243/https://mw.modhistory.com/download-64-8726	VALID_FROM_INDEX			
https://web.archive.org/web/20161103152243/https://mw.modhistory.com/download-64-8943	VALID_FROM_INDEX			
https://web.archive.org/web/20161103152243/https://mw.modhistory.com/download-64-9046	VALID_FROM_INDEX			
https://web.archive.org/web/20161103152243/https://mw.modhistory.com/download-64-9058	VALID_FROM_INDEX			
https://web.archive.org/web/20161103152243/https://mw.modhistory.com/download-64-9117	VALID_FROM_INDEX			
https://web.archive.org/web/20161103152243/https://mw.modhistory.com/download-64-9257	VALID_FROM_INDEX			
https://web.archive.org/web/20161103152243/https://mw.modhistory.com/download-64-9290	VALID_FROM_INDEX			
https://web.archive.org/web/20161103152243/https://mw.modhistory.com/download-64-9455	VALID_FROM_INDEX			
https://web.archive.org/web/20161103152243/https://mw.modhistory.com/download-64-9631	VALID_FROM_INDEX			
https://web.archive.org/web/20161103152243/https://mw.modhistory.com/download-64-9729	VALID_FROM_INDEX			
https://web.archive.org/web/20161103152243/https://mw.modhistory.com/download-64-9836	VALID_FROM_INDEX			
https://web.archive.org/web/20161103152243/https://mw.modhistory.com/download-64-9868	VALID_FROM_INDEX			
https://web.archive.org/web/20161103152243/https://mw.modhistory.com/download-68-10247	VALID_FROM_INDEX			
https://web.archive.org/web/20161103152243/https://mw.modhistory.com/download-68-10289	VALID_FROM_INDEX			
https://web.archive.org/web/20161103152243/https://mw.modhistory.com/download-68-10492	VALID_FROM_INDEX			
https://web.archive.org/web/20161103152243/https://mw.modhistory.com/download-68-10720	VALID_FROM_INDEX			
https://web.archive.org/web/20161103152243/https://mw.modhistory.com/download-68-10722	VALID_FROM_INDEX			
https://web.archive.org/web/20161103152243/https://mw.modhistory.com/download-68-10804	VALID_FROM_INDEX			
https://web.archive.org/web/20161103152243/https://mw.modhistory.com/download-68-10978	VALID_FROM_INDEX			
https://web.archive.org/web/20161103152243/https://mw.modhistory.com/download-68-110	VALID_FROM_INDEX			
https://web.archive.org/web/20161103152243/https://mw.modhistory.com/download-68-11099	VALID_FROM_INDEX			
https://web.archive.org/web/20161103152243/https://mw.modhistory.com/download-68-11255	VALID_FROM_INDEX			
https://web.archive.org/web/20161103152243/https://mw.modhistory.com/download-68-11514	VALID_FROM_INDEX			
https://web.archive.org/web/20161103152243/https://mw.modhistory.com/download-68-11524	VALID_FROM_INDEX			
https://web.archive.org/web/20161103152243/https://mw.modhistory.com/download-68-11525	VALID_FROM_INDEX			
https://web.archive.org/web/20161103152243/https://mw.modhistory.com/download-68-11579	VALID_FROM_INDEX			
https://web.archive.org/web/20161103152243/https://mw.modhistory.com/download-68-11631	VALID_FROM_INDEX			
https://web.archive.org/web/20161103152243/https://mw.modhistory.com/download-68-11646	VALID_FROM_INDEX			
https://web.archive.org/web/20161103152243/https://mw.modhistory.com/download-68-11776	VALID_FROM_INDEX			
https://web.archive.org/web/20161103152243/https://mw.modhistory.com/download-68-11834	VALID_FROM_INDEX			
https://web.archive.org/web/20161103152243/https://mw.modhistory.com/download-68-11923	VALID_FROM_INDEX			
https://web.archive.org/web/20161103152243/https://mw.modhistory.com/download-68-11990	VALID_FROM_INDEX			
https://web.archive.org/web/20161103152243/https://mw.modhistory.com/download-68-11991	VALID_FROM_INDEX			
https://web.archive.org/web/20161103152243/https://mw.modhistory.com/download-68-1203	VALID_FROM_INDEX			
https://web.archive.org/web/20161103152243/https://mw.modhistory.com/download-68-12107	VALID_FROM_INDEX			
https://web.archive.org/web/20161103152243/https://mw.modhistory.com/download-68-12424	VALID_FROM_INDEX			
https://web.archive.org/web/20161103152243/https://mw.modhistory.com/download-68-12473	VALID_FROM_INDEX			
https://web.archive.org/web/20161103152243/https://mw.modhistory.com/download-68-12728	VALID_FROM_INDEX			
https://web.archive.org/web/20161103152243/https://mw.modhistory.com/download-68-13415	VALID_FROM_INDEX			
https://web.archive.org/web/20161103152243/https://mw.modhistory.com/download-68-13459	VALID_FROM_INDEX			
https://web.archive.org/web/20161103152243/https://mw.modhistory.com/download-68-13734	VALID_FROM_INDEX			
https://web.archive.org/web/20161103152243/https://mw.modhistory.com/download-68-13853	VALID_FROM_INDEX			
https://web.archive.org/web/20161103152243/https://mw.modhistory.com/download-68-14004	VALID_FROM_INDEX			
https://web.archive.org/web/20161103152243/https://mw.modhistory.com/download-68-14047	VALID_FROM_INDEX			
https://web.archive.org/web/20161103152243/https://mw.modhistory.com/download-68-14172	VALID_FROM_INDEX			
https://web.archive.org/web/20161103152243/https://mw.modhistory.com/download-68-14313	VALID_FROM_INDEX			
https://web.archive.org/web/20161103152243/https://mw.modhistory.com/download-68-14333	VALID_FROM_INDEX			
https://web.archive.org/web/20161103152243/https://mw.modhistory.com/download-68-14396	VALID_FROM_INDEX			
https://web.archive.org/web/20161103152243/https://mw.modhistory.com/download-68-14427	VALID_FROM_INDEX			
https://web.archive.org/web/20161103152243/https://mw.modhistory.com/download-68-14798	VALID_FROM_INDEX			
https://web.archive.org/web/20161103152243/https://mw.modhistory.com/download-68-14972	VALID_FROM_INDEX			
https://web.archive.org/web/20161103152243/https://mw.modhistory.com/download-68-15128	VALID_FROM_INDEX			
https://web.archive.org/web/20161103152243/https://mw.modhistory.com/download-68-15132	VALID_FROM_INDEX			
https://web.archive.org/web/20161103152243/https://mw.modhistory.com/download-68-15219	VALID_FROM_INDEX			
https://web.archive.org/web/20161103152243/https://mw.modhistory.com/download-68-15227	VALID_FROM_INDEX			
https://web.archive.org/web/20161103152243/https://mw.modhistory.com/download-68-1653	VALID_FROM_INDEX			
https://web.archive.org/web/20161103152243/https://mw.modhistory.com/download-68-1708	VALID_FROM_INDEX			
https://web.archive.org/web/20161103152243/https://mw.modhistory.com/download-68-2222	VALID_FROM_INDEX			
https://web.archive.org/web/20161103152243/https://mw.modhistory.com/download-68-2963	VALID_FROM_INDEX			
https://web.archive.org/web/20161103152243/https://mw.modhistory.com/download-68-3023	VALID_FROM_INDEX			
https://web.archive.org/web/20161103152243/https://mw.modhistory.com/download-68-4387	VALID_FROM_INDEX			
https://web.archive.org/web/20161103152243/https://mw.modhistory.com/download-68-4394	VALID_FROM_INDEX			
https://web.archive.org/web/20161103152243/https://mw.modhistory.com/download-68-4418	VALID_FROM_INDEX			
https://web.archive.org/web/20161103152243/https://mw.modhistory.com/download-68-4420	VALID_FROM_INDEX			
https://web.archive.org/web/20161103152243/https://mw.modhistory.com/download-68-4431	VALID_FROM_INDEX			
https://web.archive.org/web/20161103152243/https://mw.modhistory.com/download-68-4439	VALID_FROM_INDEX			
https://web.archive.org/web/20161103152243/https://mw.modhistory.com/download-68-4457	VALID_FROM_INDEX			
https://web.archive.org/web/20161103152243/https://mw.modhistory.com/download-68-4465	VALID_FROM_INDEX			
https://web.archive.org/web/20161103152243/https://mw.modhistory.com/download-68-4473	VALID_FROM_INDEX			
https://web.archive.org/web/20161103152243/https://mw.modhistory.com/download-68-4486	VALID_FROM_INDEX			
https://web.archive.org/web/20161103152243/https://mw.modhistory.com/download-68-4487	VALID_FROM_INDEX			
https://web.archive.org/web/20161103152243/https://mw.modhistory.com/download-68-4488	VALID_FROM_INDEX			
https://web.archive.org/web/20161103152243/https://mw.modhistory.com/download-68-4493	VALID_FROM_INDEX			
https://web.archive.org/web/20161103152243/https://mw.modhistory.com/download-68-4501	VALID_FROM_INDEX			
https://web.archive.org/web/20161103152243/https://mw.modhistory.com/download-68-4505	VALID_FROM_INDEX			
https://web.archive.org/web/20161103152243/https://mw.modhistory.com/download-68-4509	VALID_FROM_INDEX			
https://web.archive.org/web/20161103152243/https://mw.modhistory.com/download-68-4685	VALID_FROM_INDEX			
https://web.archive.org/web/20161103152243/https://mw.modhistory.com/download-68-47	VALID_FROM_INDEX			
https://web.archive.org/web/20161103152243/https://mw.modhistory.com/download-68-4905	VALID_FROM_INDEX			
https://web.archive.org/web/20161103152243/https://mw.modhistory.com/download-68-4964	VALID_FROM_INDEX			
https://web.archive.org/web/20161103152243/https://mw.modhistory.com/download-68-5540	VALID_FROM_INDEX			
https://web.archive.org/web/20161103152243/https://mw.modhistory.com/download-68-5677	VALID_FROM_INDEX			
https://web.archive.org/web/20161103152243/https://mw.modhistory.com/download-68-5678	VALID_FROM_INDEX			
https://web.archive.org/web/20161103152243/https://mw.modhistory.com/download-68-5707	VALID_FROM_INDEX			
https://web.archive.org/web/20161103152243/https://mw.modhistory.com/download-68-5709	VALID_FROM_INDEX			
https://web.archive.org/web/20161103152243/https://mw.modhistory.com/download-68-5773	VALID_FROM_INDEX			
https://web.archive.org/web/20161103152243/https://mw.modhistory.com/download-68-5801	VALID_FROM_INDEX			
https://web.archive.org/web/20161103152243/https://mw.modhistory.com/download-68-5911	VALID_FROM_INDEX			
https://web.archive.org/web/20161103152243/https://mw.modhistory.com/download-68-5954	VALID_FROM_INDEX			
https://web.archive.org/web/20161103152243/https://mw.modhistory.com/download-68-6089	VALID_FROM_INDEX			
https://web.archive.org/web/20161103152243/https://mw.modhistory.com/download-68-6189	VALID_FROM_INDEX			
https://web.archive.org/web/20161103152243/https://mw.modhistory.com/download-68-624	VALID_FROM_INDEX			
https://web.archive.org/web/20161103152243/https://mw.modhistory.com/download-68-6308	VALID_FROM_INDEX			
https://web.archive.org/web/20161103152243/https://mw.modhistory.com/download-68-6327	VALID_FROM_INDEX			
https://web.archive.org/web/20161103152243/https://mw.modhistory.com/download-68-6574	VALID_FROM_INDEX			
https://web.archive.org/web/20161103152243/https://mw.modhistory.com/download-68-6828	VALID_FROM_INDEX			
https://web.archive.org/web/20161103152243/https://mw.modhistory.com/download-68-6954	VALID_FROM_INDEX			
https://web.archive.org/web/20161103152243/https://mw.modhistory.com/download-68-6964	VALID_FROM_INDEX			
https://web.archive.org/web/20161103152243/https://mw.modhistory.com/download-68-7072	VALID_FROM_INDEX			
https://web.archive.org/web/20161103152243/https://mw.modhistory.com/download-68-7145	VALID_FROM_INDEX			
https://web.archive.org/web/20161103152243/https://mw.modhistory.com/download-68-72	VALID_FROM_INDEX			
https://web.archive.org/web/20161103152243/https://mw.modhistory.com/download-68-7261	VALID_FROM_INDEX			
https://web.archive.org/web/20161103152243/https://mw.modhistory.com/download-68-7283	VALID_FROM_INDEX			
https://web.archive.org/web/20161103152243/https://mw.modhistory.com/download-68-7294	VALID_FROM_INDEX			
https://web.archive.org/web/20161103152243/https://mw.modhistory.com/download-68-7297	VALID_FROM_INDEX			
https://web.archive.org/web/20161103152243/https://mw.modhistory.com/download-68-7298	VALID_FROM_INDEX			
https://web.archive.org/web/20161103152243/https://mw.modhistory.com/download-68-7301	VALID_FROM_INDEX			
https://web.archive.org/web/20161103152243/https://mw.modhistory.com/download-68-7304	VALID_FROM_INDEX			
https://web.archive.org/web/20161103152243/https://mw.modhistory.com/download-68-7311	VALID_FROM_INDEX			
https://web.archive.org/web/20161103152243/https://mw.modhistory.com/download-68-7327	VALID_FROM_INDEX			
https://web.archive.org/web/20161103152243/https://mw.modhistory.com/download-68-8147	VALID_FROM_INDEX			
https://web.archive.org/web/20161103152243/https://mw.modhistory.com/download-68-8326	VALID_FROM_INDEX			
https://web.archive.org/web/20161103152243/https://mw.modhistory.com/download-68-8482	VALID_FROM_INDEX			
https://web.archive.org/web/20161103152243/https://mw.modhistory.com/download-68-8799	VALID_FROM_INDEX			
https://web.archive.org/web/20161103152243/https://mw.modhistory.com/download-68-8979	VALID_FROM_INDEX			
https://web.archive.org/web/20161103152243/https://mw.modhistory.com/download-68-9598	VALID_FROM_INDEX			
https://web.archive.org/web/20161103152243/https://mw.modhistory.com/download-7-10416	VALID_FROM_INDEX			
https://web.archive.org/web/20161103152243/https://mw.modhistory.com/download-7-11603	VALID_FROM_INDEX			
https://web.archive.org/web/20161103152243/https://mw.modhistory.com/download-7-12547	VALID_FROM_INDEX			
https://web.archive.org/web/20161103152243/https://mw.modhistory.com/download-7-12586	VALID_FROM_INDEX			
https://web.archive.org/web/20161103152243/https://mw.modhistory.com/download-7-14164	VALID_FROM_INDEX			
https://web.archive.org/web/20161103152243/https://mw.modhistory.com/download-7-2366	VALID_FROM_INDEX			
https://web.archive.org/web/20161103152243/https://mw.modhistory.com/download-7-2373	VALID_FROM_INDEX			
https://web.archive.org/web/20161103152243/https://mw.modhistory.com/download-7-2374	VALID_FROM_INDEX			
https://web.archive.org/web/20161103152243/https://mw.modhistory.com/download-7-2381	VALID_FROM_INDEX			
https://web.archive.org/web/20161103152243/https://mw.modhistory.com/download-7-2386	VALID_FROM_INDEX			
https://web.archive.org/web/20161103152243/https://mw.modhistory.com/download-7-345	VALID_FROM_INDEX			
https://web.archive.org/web/20161103152243/https://mw.modhistory.com/download-7-3609	VALID_FROM_INDEX			
https://web.archive.org/web/20161103152243/https://mw.modhistory.com/download-7-5718	VALID_FROM_INDEX			
https://web.archive.org/web/20161103152243/https://mw.modhistory.com/download-7-7129	VALID_FROM_INDEX			
https://web.archive.org/web/20161103152243/https://mw.modhistory.com/download-7-7276	VALID_FROM_INDEX			
https://web.archive.org/web/20161103152243/https://mw.modhistory.com/download-7-7625	VALID_FROM_INDEX			
https://web.archive.org/web/20161103152243/https://mw.modhistory.com/download-7-8232	VALID_FROM_INDEX			
https://web.archive.org/web/20161103152243/https://mw.modhistory.com/download-7-8309	VALID_FROM_INDEX			
https://web.archive.org/web/20161103152243/https://mw.modhistory.com/download-7-8350	VALID_FROM_INDEX			
https://web.archive.org/web/20161103152243/https://mw.modhistory.com/download-7-8701	VALID_FROM_INDEX			
https://web.archive.org/web/20161103152243/https://mw.modhistory.com/download-70-10132	VALID_FROM_INDEX			
https://web.archive.org/web/20161103152243/https://mw.modhistory.com/download-70-10284	VALID_FROM_INDEX			
https://web.archive.org/web/20161103152243/https://mw.modhistory.com/download-70-10316	VALID_FROM_INDEX			
https://web.archive.org/web/20161103152243/https://mw.modhistory.com/download-70-10537	VALID_FROM_INDEX			
https://web.archive.org/web/20161103152243/https://mw.modhistory.com/download-70-10538	VALID_FROM_INDEX			
https://web.archive.org/web/20161103152243/https://mw.modhistory.com/download-70-1055	VALID_FROM_INDEX			
https://web.archive.org/web/20161103152243/https://mw.modhistory.com/download-70-10820	VALID_FROM_INDEX			
https://web.archive.org/web/20161103152243/https://mw.modhistory.com/download-70-11180	VALID_FROM_INDEX			
https://web.archive.org/web/20161103152243/https://mw.modhistory.com/download-70-11320	VALID_FROM_INDEX			
https://web.archive.org/web/20161103152243/https://mw.modhistory.com/download-70-11774	VALID_FROM_INDEX			
https://web.archive.org/web/20161103152243/https://mw.modhistory.com/download-70-11832	VALID_FROM_INDEX			
https://web.archive.org/web/20161103152243/https://mw.modhistory.com/download-70-11843	VALID_FROM_INDEX			
https://web.archive.org/web/20161103152243/https://mw.modhistory.com/download-70-1187	VALID_FROM_INDEX			
https://web.archive.org/web/20161103152243/https://mw.modhistory.com/download-70-12499	VALID_FROM_INDEX			
https://web.archive.org/web/20161103152243/https://mw.modhistory.com/download-70-12791	VALID_FROM_INDEX			
https://web.archive.org/web/20161103152243/https://mw.modhistory.com/download-70-14125	VALID_FROM_INDEX			
https://web.archive.org/web/20161103152243/https://mw.modhistory.com/download-70-14197	VALID_FROM_INDEX			
https://web.archive.org/web/20161103152243/https://mw.modhistory.com/download-70-14649	VALID_FROM_INDEX			
https://web.archive.org/web/20161103152243/https://mw.modhistory.com/download-70-14656	VALID_FROM_INDEX			
https://web.archive.org/web/20161103152243/https://mw.modhistory.com/download-70-15450	VALID_FROM_INDEX			
https://web.archive.org/web/20161103152243/https://mw.modhistory.com/download-70-15466	VALID_FROM_INDEX			
https://web.archive.org/web/20161103152243/https://mw.modhistory.com/download-70-2258	VALID_FROM_INDEX			
https://web.archive.org/web/20161103152243/https://mw.modhistory.com/download-70-2310	VALID_FROM_INDEX			
https://web.archive.org/web/20161103152243/https://mw.modhistory.com/download-70-386	VALID_FROM_INDEX			
https://web.archive.org/web/20161103152243/https://mw.modhistory.com/download-70-4515	VALID_FROM_INDEX			
https://web.archive.org/web/20161103152243/https://mw.modhistory.com/download-70-4525	VALID_FROM_INDEX			
https://web.archive.org/web/20161103152243/https://mw.modhistory.com/download-70-4538	VALID_FROM_INDEX			
https://web.archive.org/web/20161103152243/https://mw.modhistory.com/download-70-4640	VALID_FROM_INDEX			
https://web.archive.org/web/20161103152243/https://mw.modhistory.com/download-70-4642	VALID_FROM_INDEX			
https://web.archive.org/web/20161103152243/https://mw.modhistory.com/download-70-4650	VALID_FROM_INDEX			
https://web.archive.org/web/20161103152243/https://mw.modhistory.com/download-70-4682	VALID_FROM_INDEX			
https://web.archive.org/web/20161103152243/https://mw.modhistory.com/download-70-5489	VALID_FROM_INDEX			
https://web.archive.org/web/20161103152243/https://mw.modhistory.com/download-70-6339	VALID_FROM_INDEX			
https://web.archive.org/web/20161103152243/https://mw.modhistory.com/download-70-6572	VALID_FROM_INDEX			
https://web.archive.org/web/20161103152243/https://mw.modhistory.com/download-70-7060	VALID_FROM_INDEX			
https://web.archive.org/web/20161103152243/https://mw.modhistory.com/download-70-7063	VALID_FROM_INDEX			
https://web.archive.org/web/20161103152243/https://mw.modhistory.com/download-70-7065	VALID_FROM_INDEX			
https://web.archive.org/web/20161103152243/https://mw.modhistory.com/download-70-7066	VALID_FROM_INDEX			
https://web.archive.org/web/20161103152243/https://mw.modhistory.com/download-70-7071	VALID_FROM_INDEX			
https://web.archive.org/web/20161103152243/https://mw.modhistory.com/download-70-7085	VALID_FROM_INDEX			
https://web.archive.org/web/20161103152243/https://mw.modhistory.com/download-70-7125	VALID_FROM_INDEX			
https://web.archive.org/web/20161103152243/https://mw.modhistory.com/download-70-8710	VALID_FROM_INDEX			
https://web.archive.org/web/20161103152243/https://mw.modhistory.com/download-76-10356	VALID_FROM_INDEX			
https://web.archive.org/web/20161103152243/https://mw.modhistory.com/download-76-11611	VALID_FROM_INDEX			
https://web.archive.org/web/20161103152243/https://mw.modhistory.com/download-76-13373	VALID_FROM_INDEX			
https://web.archive.org/web/20161103152243/https://mw.modhistory.com/download-76-14045	VALID_FROM_INDEX			
https://web.archive.org/web/20161103152243/https://mw.modhistory.com/download-76-14352	VALID_FROM_INDEX			
https://web.archive.org/web/20161103152243/https://mw.modhistory.com/download-76-14994	VALID_FROM_INDEX			
https://web.archive.org/web/20161103152243/https://mw.modhistory.com/download-76-15300	VALID_FROM_INDEX			
https://web.archive.org/web/20161103152243/https://mw.modhistory.com/download-76-3021	VALID_FROM_INDEX			
https://web.archive.org/web/20161103152243/https://mw.modhistory.com/download-76-3022	VALID_FROM_INDEX			
https://web.archive.org/web/20161103152243/https://mw.modhistory.com/download-76-4822	VALID_FROM_INDEX			
https://web.archive.org/web/20161103152243/https://mw.modhistory.com/download-76-4842	VALID_FROM_INDEX			
https://web.archive.org/web/20161103152243/https://mw.modhistory.com/download-76-4859	VALID_FROM_INDEX			
https://web.archive.org/web/20161103152243/https://mw.modhistory.com/download-76-4877	VALID_FROM_INDEX			
https://web.archive.org/web/20161103152243/https://mw.modhistory.com/download-76-7077	VALID_FROM_INDEX			
https://web.archive.org/web/20161103152243/https://mw.modhistory.com/download-76-7148	VALID_FROM_INDEX			
https://web.archive.org/web/20161103152243/https://mw.modhistory.com/download-8-11315	VALID_FROM_INDEX			
https://web.archive.org/web/20161103152243/https://mw.modhistory.com/download-8-11775	VALID_FROM_INDEX			
https://web.archive.org/web/20161103152243/https://mw.modhistory.com/download-8-11839	VALID_FROM_INDEX			
https://web.archive.org/web/20161103152243/https://mw.modhistory.com/download-8-12775	VALID_FROM_INDEX			
https://web.archive.org/web/20161103152243/https://mw.modhistory.com/download-8-15045	VALID_FROM_INDEX			
https://web.archive.org/web/20161103152243/https://mw.modhistory.com/download-8-2423	VALID_FROM_INDEX			
https://web.archive.org/web/20161103152243/https://mw.modhistory.com/download-8-2424	VALID_FROM_INDEX			
https://web.archive.org/web/20161103152243/https://mw.modhistory.com/download-8-2429	VALID_FROM_INDEX			
https://web.archive.org/web/20161103152243/https://mw.modhistory.com/download-8-6210	VALID_FROM_INDEX			
https://web.archive.org/web/20161103152243/https://mw.modhistory.com/download-8-8032	VALID_FROM_INDEX			
https://web.archive.org/web/20161103152243/https://mw.modhistory.com/download-8-8248	VALID_FROM_INDEX			
https://web.archive.org/web/20161103152243/https://mw.modhistory.com/download-8-8997	VALID_FROM_INDEX			
https://web.archive.org/web/20161103152243/https://mw.modhistory.com/download-8-9249	VALID_FROM_INDEX			
https://web.archive.org/web/20161103152243/https://mw.modhistory.com/download-80-10360	VALID_FROM_INDEX			
https://web.archive.org/web/20161103152243/https://mw.modhistory.com/download-80-10797	VALID_FROM_INDEX			
https://web.archive.org/web/20161103152243/https://mw.modhistory.com/download-80-10798	VALID_FROM_INDEX			
https://web.archive.org/web/20161103152243/https://mw.modhistory.com/download-80-10944	VALID_FROM_INDEX			
https://web.archive.org/web/20161103152243/https://mw.modhistory.com/download-80-11007	VALID_FROM_INDEX			
https://web.archive.org/web/20161103152243/https://mw.modhistory.com/download-80-11427	VALID_FROM_INDEX			
https://web.archive.org/web/20161103152243/https://mw.modhistory.com/download-80-11660	VALID_FROM_INDEX			
https://web.archive.org/web/20161103152243/https://mw.modhistory.com/download-80-11687	VALID_FROM_INDEX			
https://web.archive.org/web/20161103152243/https://mw.modhistory.com/download-80-11708	VALID_FROM_INDEX			
https://web.archive.org/web/20161103152243/https://mw.modhistory.com/download-80-11800	VALID_FROM_INDEX			
https://web.archive.org/web/20161103152243/https://mw.modhistory.com/download-80-12153	VALID_FROM_INDEX			
https://web.archive.org/web/20161103152243/https://mw.modhistory.com/download-80-12218	VALID_FROM_INDEX			
https://web.archive.org/web/20161103152243/https://mw.modhistory.com/download-80-12220	VALID_FROM_INDEX			
https://web.archive.org/web/20161103152243/https://mw.modhistory.com/download-80-12237	VALID_FROM_INDEX			
https://web.archive.org/web/20161103152243/https://mw.modhistory.com/download-80-13085	VALID_FROM_INDEX			
https://web.archive.org/web/20161103152243/https://mw.modhistory.com/download-80-13417	VALID_FROM_INDEX			
https://web.archive.org/web/20161103152243/https://mw.modhistory.com/download-80-14613	VALID_FROM_INDEX			
https://web.archive.org/web/20161103152243/https://mw.modhistory.com/download-80-14859	VALID_FROM_INDEX			
https://web.archive.org/web/20161103152243/https://mw.modhistory.com/download-80-14940	VALID_FROM_INDEX			
https://web.archive.org/web/20161103152243/https://mw.modhistory.com/download-80-15084	VALID_FROM_INDEX			
https://web.archive.org/web/20161103152243/https://mw.modhistory.com/download-80-1559	VALID_FROM_INDEX			
https://web.archive.org/web/20161103152243/https://mw.modhistory.com/download-80-1593	VALID_FROM_INDEX			
https://web.archive.org/web/20161103152243/https://mw.modhistory.com/download-80-1837	VALID_FROM_INDEX			
https://web.archive.org/web/20161103152243/https://mw.modhistory.com/download-80-2109	VALID_FROM_INDEX			
https://web.archive.org/web/20161103152243/https://mw.modhistory.com/download-80-2129	VALID_FROM_INDEX			
https://web.archive.org/web/20161103152243/https://mw.modhistory.com/download-80-2403	VALID_FROM_INDEX			
https://web.archive.org/web/20161103152243/https://mw.modhistory.com/download-80-4692	VALID_FROM_INDEX			
https://web.archive.org/web/20161103152243/https://mw.modhistory.com/download-80-4740	VALID_FROM_INDEX			
https://web.archive.org/web/20161103152243/https://mw.modhistory.com/download-80-4742	VALID_FROM_INDEX			
https://web.archive.org/web/20161103152243/https://mw.modhistory.com/download-80-4753	VALID_FROM_INDEX			
https://web.archive.org/web/20161103152243/https://mw.modhistory.com/download-80-4756	VALID_FROM_INDEX			
https://web.archive.org/web/20161103152243/https://mw.modhistory.com/download-80-4764	VALID_FROM_INDEX			
https://web.archive.org/web/20161103152243/https://mw.modhistory.com/download-80-4774	VALID_FROM_INDEX			
https://web.archive.org/web/20161103152243/https://mw.modhistory.com/download-80-5047	VALID_FROM_INDEX			
https://web.archive.org/web/20161103152243/https://mw.modhistory.com/download-80-5584	VALID_FROM_INDEX			
https://web.archive.org/web/20161103152243/https://mw.modhistory.com/download-80-5713	VALID_FROM_INDEX			
https://web.archive.org/web/20161103152243/https://mw.modhistory.com/download-80-5804	VALID_FROM_INDEX			
https://web.archive.org/web/20161103152243/https://mw.modhistory.com/download-80-6713	VALID_FROM_INDEX			
https://web.archive.org/web/20161103152243/https://mw.modhistory.com/download-80-7016	VALID_FROM_INDEX			
https://web.archive.org/web/20161103152243/https://mw.modhistory.com/download-80-7033	VALID_FROM_INDEX			
https://web.archive.org/web/20161103152243/https://mw.modhistory.com/download-80-7155	VALID_FROM_INDEX			
https://web.archive.org/web/20161103152243/https://mw.modhistory.com/download-80-7264	VALID_FROM_INDEX			
https://web.archive.org/web/20161103152243/https://mw.modhistory.com/download-80-781	VALID_FROM_INDEX			
https://web.archive.org/web/20161103152243/https://mw.modhistory.com/download-80-9482	VALID_FROM_INDEX			
https://web.archive.org/web/20161103152243/https://mw.modhistory.com/download-80-988	VALID_FROM_INDEX			
https://web.archive.org/web/20161103152243/https://mw.modhistory.com/download-84-10570	VALID_FROM_INDEX			
https://web.archive.org/web/20161103152243/https://mw.modhistory.com/download-84-12681	VALID_FROM_INDEX			
https://web.archive.org/web/20161103152243/https://mw.modhistory.com/download-84-15143	VALID_FROM_INDEX			
https://web.archive.org/web/20161103152243/https://mw.modhistory.com/download-84-227	VALID_FROM_INDEX			
https://web.archive.org/web/20161103152243/https://mw.modhistory.com/download-84-2287	VALID_FROM_INDEX			
https://web.archive.org/web/20161103152243/https://mw.modhistory.com/download-84-3644	VALID_FROM_INDEX			
https://web.archive.org/web/20161103152243/https://mw.modhistory.com/download-84-4968	VALID_FROM_INDEX			
https://web.archive.org/web/20161103152243/https://mw.modhistory.com/download-84-5121	VALID_FROM_INDEX			
https://web.archive.org/web/20161103152243/https://mw.modhistory.com/download-84-5122	VALID_FROM_INDEX			
https://web.archive.org/web/20161103152243/https://mw.modhistory.com/download-84-5126	VALID_FROM_INDEX			
https://web.archive.org/web/20161103152243/https://mw.modhistory.com/download-84-6618	VALID_FROM_INDEX			
https://web.archive.org/web/20161103152243/https://mw.modhistory.com/download-84-6725	VALID_FROM_INDEX			
https://web.archive.org/web/20161103152243/https://mw.modhistory.com/download-84-79	VALID_FROM_INDEX			
https://web.archive.org/web/20161103152243/https://mw.modhistory.com/download-87-10043	VALID_FROM_INDEX			
https://web.archive.org/web/20161103152243/https://mw.modhistory.com/download-87-10308	VALID_FROM_INDEX			
https://web.archive.org/web/20161103152243/https://mw.modhistory.com/download-87-10486	VALID_FROM_INDEX			
https://web.archive.org/web/20161103152243/https://mw.modhistory.com/download-87-10611	VALID_FROM_INDEX			
https://web.archive.org/web/20161103152243/https://mw.modhistory.com/download-87-10632	VALID_FROM_INDEX			
https://web.archive.org/web/20161103152243/https://mw.modhistory.com/download-87-10770	VALID_FROM_INDEX			
https://web.archive.org/web/20161103152243/https://mw.modhistory.com/download-87-10832	VALID_FROM_INDEX			
https://web.archive.org/web/20161103152243/https://mw.modhistory.com/download-87-11002	VALID_FROM_INDEX			
https://web.archive.org/web/20161103152243/https://mw.modhistory.com/download-87-11112	VALID_FROM_INDEX			
https://web.archive.org/web/20161103152243/https://mw.modhistory.com/download-87-11377	VALID_FROM_INDEX			
https://web.archive.org/web/20161103152243/https://mw.modhistory.com/download-87-11434	VALID_FROM_INDEX			
https://web.archive.org/web/20161103152243/https://mw.modhistory.com/download-87-11437	VALID_FROM_INDEX			
https://web.archive.org/web/20161103152243/https://mw.modhistory.com/download-87-11717	VALID_FROM_INDEX			
https://web.archive.org/web/20161103152243/https://mw.modhistory.com/download-87-11867	VALID_FROM_INDEX			
https://web.archive.org/web/20161103152243/https://mw.modhistory.com/download-87-12036	VALID_FROM_INDEX			
https://web.archive.org/web/20161103152243/https://mw.modhistory.com/download-87-12060	VALID_FROM_INDEX			
https://web.archive.org/web/20161103152243/https://mw.modhistory.com/download-87-12113	VALID_FROM_INDEX			
https://web.archive.org/web/20161103152243/https://mw.modhistory.com/download-87-12129	VALID_FROM_INDEX			
https://web.archive.org/web/20161103152243/https://mw.modhistory.com/download-87-12201	VALID_FROM_INDEX			
https://web.archive.org/web/20161103152243/https://mw.modhistory.com/download-87-12545	VALID_FROM_INDEX			
https://web.archive.org/web/20161103152243/https://mw.modhistory.com/download-87-12773	VALID_FROM_INDEX			
https://web.archive.org/web/20161103152243/https://mw.modhistory.com/download-87-12956	VALID_FROM_INDEX			
https://web.archive.org/web/20161103152243/https://mw.modhistory.com/download-87-12991	VALID_FROM_INDEX			
https://web.archive.org/web/20161103152243/https://mw.modhistory.com/download-87-13180	VALID_FROM_INDEX			
https://web.archive.org/web/20161103152243/https://mw.modhistory.com/download-87-13262	VALID_FROM_INDEX			
https://web.archive.org/web/20161103152243/https://mw.modhistory.com/download-87-13418	VALID_FROM_INDEX			
https://web.archive.org/web/20161103152243/https://mw.modhistory.com/download-87-13643	VALID_FROM_INDEX			
https://web.archive.org/web/20161103152243/https://mw.modhistory.com/download-87-13719	VALID_FROM_INDEX			
https://web.archive.org/web/20161103152243/https://mw.modhistory.com/download-87-13824	VALID_FROM_INDEX			
https://web.archive.org/web/20161103152243/https://mw.modhistory.com/download-87-13829	VALID_FROM_INDEX			
https://web.archive.org/web/20161103152243/https://mw.modhistory.com/download-87-13843	VALID_FROM_INDEX			
https://web.archive.org/web/20161103152243/https://mw.modhistory.com/download-87-13848	VALID_FROM_INDEX			
https://web.archive.org/web/20161103152243/https://mw.modhistory.com/download-87-13860	VALID_FROM_INDEX			
https://web.archive.org/web/20161103152243/https://mw.modhistory.com/download-87-13909	VALID_FROM_INDEX			
https://web.archive.org/web/20161103152243/https://mw.modhistory.com/download-87-14044	VALID_FROM_INDEX			
https://web.archive.org/web/20161103152243/https://mw.modhistory.com/download-87-14059	VALID_FROM_INDEX			
https://web.archive.org/web/20161103152243/https://mw.modhistory.com/download-87-14075	VALID_FROM_INDEX			
https://web.archive.org/web/20161103152243/https://mw.modhistory.com/download-87-14101	VALID_FROM_INDEX			
https://web.archive.org/web/20161103152243/https://mw.modhistory.com/download-87-14237	VALID_FROM_INDEX			
https://web.archive.org/web/20161103152243/https://mw.modhistory.com/download-87-14244	VALID_FROM_INDEX			
https://web.archive.org/web/20161103152243/https://mw.modhistory.com/download-87-14302	VALID_FROM_INDEX			
https://web.archive.org/web/20161103152243/https://mw.modhistory.com/download-87-14377	VALID_FROM_INDEX			
https://web.archive.org/web/20161103152243/https://mw.modhistory.com/download-87-14411	VALID_FROM_INDEX			
https://web.archive.org/web/20161103152243/https://mw.modhistory.com/download-87-14420	VALID_FROM_INDEX			
https://web.archive.org/web/20161103152243/https://mw.modhistory.com/download-87-14633	VALID_FROM_INDEX			
https://web.archive.org/web/20161103152243/https://mw.modhistory.com/download-87-14676	VALID_FROM_INDEX			
https://web.archive.org/web/20161103152243/https://mw.modhistory.com/download-87-14742	VALID_FROM_INDEX			
https://web.archive.org/web/20161103152243/https://mw.modhistory.com/download-87-15039	VALID_FROM_INDEX			
https://web.archive.org/web/20161103152243/https://mw.modhistory.com/download-87-15154	VALID_FROM_INDEX			
https://web.archive.org/web/20161103152243/https://mw.modhistory.com/download-87-15304	VALID_FROM_INDEX			
https://web.archive.org/web/20161103152243/https://mw.modhistory.com/download-87-15406	VALID_FROM_INDEX			
https://web.archive.org/web/20161103152243/https://mw.modhistory.com/download-87-15410	VALID_FROM_INDEX			
https://web.archive.org/web/20161103152243/https://mw.modhistory.com/download-87-15459	VALID_FROM_INDEX			
https://web.archive.org/web/20161103152243/https://mw.modhistory.com/download-87-15463	VALID_FROM_INDEX			
https://web.archive.org/web/20161103152243/https://mw.modhistory.com/download-87-1843	VALID_FROM_INDEX			
https://web.archive.org/web/20161103152243/https://mw.modhistory.com/download-87-237	VALID_FROM_INDEX			
https://web.archive.org/web/20161103152243/https://mw.modhistory.com/download-87-242	VALID_FROM_INDEX			
https://web.archive.org/web/20161103152243/https://mw.modhistory.com/download-87-4403	VALID_FROM_INDEX			
https://web.archive.org/web/20161103152243/https://mw.modhistory.com/download-87-476	VALID_FROM_INDEX			
https://web.archive.org/web/20161103152243/https://mw.modhistory.com/download-87-4950	VALID_FROM_INDEX			
https://web.archive.org/web/20161103152243/https://mw.modhistory.com/download-87-4957	VALID_FROM_INDEX			
https://web.archive.org/web/20161103152243/https://mw.modhistory.com/download-87-5138	VALID_FROM_INDEX			
https://web.archive.org/web/20161103152243/https://mw.modhistory.com/download-87-5140	VALID_FROM_INDEX			
https://web.archive.org/web/20161103152243/https://mw.modhistory.com/download-87-5141	VALID_FROM_INDEX			
https://web.archive.org/web/20161103152243/https://mw.modhistory.com/download-87-5148	VALID_FROM_INDEX			
https://web.archive.org/web/20161103152243/https://mw.modhistory.com/download-87-5151	VALID_FROM_INDEX			
https://web.archive.org/web/20161103152243/https://mw.modhistory.com/download-87-5155	VALID_FROM_INDEX			
https://web.archive.org/web/20161103152243/https://mw.modhistory.com/download-87-5157	VALID_FROM_INDEX			
https://web.archive.org/web/20161103152243/https://mw.modhistory.com/download-87-5161	VALID_FROM_INDEX			
https://web.archive.org/web/20161103152243/https://mw.modhistory.com/download-87-5162	VALID_FROM_INDEX			
https://web.archive.org/web/20161103152243/https://mw.modhistory.com/download-87-5163	VALID_FROM_INDEX			
https://web.archive.org/web/20161103152243/https://mw.modhistory.com/download-87-5625	VALID_FROM_INDEX			
https://web.archive.org/web/20161103152243/https://mw.modhistory.com/download-87-5725	VALID_FROM_INDEX			
https://web.archive.org/web/20161103152243/https://mw.modhistory.com/download-87-6052	VALID_FROM_INDEX			
https://web.archive.org/web/20161103152243/https://mw.modhistory.com/download-87-609	VALID_FROM_INDEX			
https://web.archive.org/web/20161103152243/https://mw.modhistory.com/download-87-6143	VALID_FROM_INDEX			
https://web.archive.org/web/20161103152243/https://mw.modhistory.com/download-87-6271	VALID_FROM_INDEX			
https://web.archive.org/web/20161103152243/https://mw.modhistory.com/download-87-6589	VALID_FROM_INDEX			
https://web.archive.org/web/20161103152243/https://mw.modhistory.com/download-87-6836	VALID_FROM_INDEX			
https://web.archive.org/web/20161103152243/https://mw.modhistory.com/download-87-6989	VALID_FROM_INDEX			
https://web.archive.org/web/20161103152243/https://mw.modhistory.com/download-87-7042	VALID_FROM_INDEX			
https://web.archive.org/web/20161103152243/https://mw.modhistory.com/download-87-7043	VALID_FROM_INDEX			
https://web.archive.org/web/20161103152243/https://mw.modhistory.com/download-87-7146	VALID_FROM_INDEX			
https://web.archive.org/web/20161103152243/https://mw.modhistory.com/download-87-7228	VALID_FROM_INDEX			
https://web.archive.org/web/20161103152243/https://mw.modhistory.com/download-87-7230	VALID_FROM_INDEX			
https://web.archive.org/web/20161103152243/https://mw.modhistory.com/download-87-898	VALID_FROM_INDEX			
https://web.archive.org/web/20161103152243/https://mw.modhistory.com/download-90-10143	VALID_FROM_INDEX			
https://web.archive.org/web/20161103152243/https://mw.modhistory.com/download-90-10177	VALID_FROM_INDEX			
https://web.archive.org/web/20161103152243/https://mw.modhistory.com/download-90-10262	VALID_FROM_INDEX			
https://web.archive.org/web/20161103152243/https://mw.modhistory.com/download-90-10353	VALID_FROM_INDEX			
https://web.archive.org/web/20161103152243/https://mw.modhistory.com/download-90-10388	VALID_FROM_INDEX			
https://web.archive.org/web/20161103152243/https://mw.modhistory.com/download-90-10436	VALID_FROM_INDEX			
https://web.archive.org/web/20161103152243/https://mw.modhistory.com/download-90-10447	VALID_FROM_INDEX			
https://web.archive.org/web/20161103152243/https://mw.modhistory.com/download-90-10505	VALID_FROM_INDEX			
https://web.archive.org/web/20161103152243/https://mw.modhistory.com/download-90-10509	VALID_FROM_INDEX			
https://web.archive.org/web/20161103152243/https://mw.modhistory.com/download-90-10606	VALID_FROM_INDEX			
https://web.archive.org/web/20161103152243/https://mw.modhistory.com/download-90-10674	VALID_FROM_INDEX			
https://web.archive.org/web/20161103152243/https://mw.modhistory.com/download-90-10696	VALID_FROM_INDEX			
https://web.archive.org/web/20161103152243/https://mw.modhistory.com/download-90-10724	VALID_FROM_INDEX			
https://web.archive.org/web/20161103152243/https://mw.modhistory.com/download-90-10726	VALID_FROM_INDEX			
https://web.archive.org/web/20161103152243/https://mw.modhistory.com/download-90-10768	VALID_FROM_INDEX			
https://web.archive.org/web/20161103152243/https://mw.modhistory.com/download-90-10812	VALID_FROM_INDEX			
https://web.archive.org/web/20161103152243/https://mw.modhistory.com/download-90-10816	VALID_FROM_INDEX			
https://web.archive.org/web/20161103152243/https://mw.modhistory.com/download-90-10881	VALID_FROM_INDEX			
https://web.archive.org/web/20161103152243/https://mw.modhistory.com/download-90-10917	VALID_FROM_INDEX			
https://web.archive.org/web/20161103152243/https://mw.modhistory.com/download-90-10943	VALID_FROM_INDEX			
https://web.archive.org/web/20161103152243/https://mw.modhistory.com/download-90-10958	VALID_FROM_INDEX			
https://web.archive.org/web/20161103152243/https://mw.modhistory.com/download-90-10962	VALID_FROM_INDEX			
https://web.archive.org/web/20161103152243/https://mw.modhistory.com/download-90-10982	VALID_FROM_INDEX			
https://web.archive.org/web/20161103152243/https://mw.modhistory.com/download-90-10996	VALID_FROM_INDEX			
https://web.archive.org/web/20161103152243/https://mw.modhistory.com/download-90-11102	VALID_FROM_INDEX			
https://web.archive.org/web/20161103152243/https://mw.modhistory.com/download-90-11103	VALID_FROM_INDEX			
https://web.archive.org/web/20161103152243/https://mw.modhistory.com/download-90-11157	VALID_FROM_INDEX			
https://web.archive.org/web/20161103152243/https://mw.modhistory.com/download-90-11164	VALID_FROM_INDEX			
https://web.archive.org/web/20161103152243/https://mw.modhistory.com/download-90-11201	VALID_FROM_INDEX			
https://web.archive.org/web/20161103152243/https://mw.modhistory.com/download-90-11202	VALID_FROM_INDEX			
https://web.archive.org/web/20161103152243/https://mw.modhistory.com/download-90-11205	VALID_FROM_INDEX			
https://web.archive.org/web/20161103152243/https://mw.modhistory.com/download-90-11211	VALID_FROM_INDEX			
https://web.archive.org/web/20161103152243/https://mw.modhistory.com/download-90-11213	VALID_FROM_INDEX			
https://web.archive.org/web/20161103152243/https://mw.modhistory.com/download-90-11235	VALID_FROM_INDEX			
https://web.archive.org/web/20161103152243/https://mw.modhistory.com/download-90-11253	VALID_FROM_INDEX			
https://web.archive.org/web/20161103152243/https://mw.modhistory.com/download-90-11270	VALID_FROM_INDEX			
https://web.archive.org/web/20161103152243/https://mw.modhistory.com/download-90-11363	VALID_FROM_INDEX			
https://web.archive.org/web/20161103152243/https://mw.modhistory.com/download-90-11436	VALID_FROM_INDEX			
https://web.archive.org/web/20161103152243/https://mw.modhistory.com/download-90-11446	VALID_FROM_INDEX			
https://web.archive.org/web/20161103152243/https://mw.modhistory.com/download-90-11454	VALID_FROM_INDEX			
https://web.archive.org/web/20161103152243/https://mw.modhistory.com/download-90-11471	VALID_FROM_INDEX			
https://web.archive.org/web/20161103152243/https://mw.modhistory.com/download-90-11511	VALID_FROM_INDEX			
https://web.archive.org/web/20161103152243/https://mw.modhistory.com/download-90-11512	VALID_FROM_INDEX			
https://web.archive.org/web/20161103152243/https://mw.modhistory.com/download-90-11566	VALID_FROM_INDEX			
https://web.archive.org/web/20161103152243/https://mw.modhistory.com/download-90-11591	VALID_FROM_INDEX			
https://web.archive.org/web/20161103152243/https://mw.modhistory.com/download-90-11600	VALID_FROM_INDEX			
https://web.archive.org/web/20161103152243/https://mw.modhistory.com/download-90-11605	VALID_FROM_INDEX			
https://web.archive.org/web/20161103152243/https://mw.modhistory.com/download-90-11734	VALID_FROM_INDEX			
https://web.archive.org/web/20161103152243/https://mw.modhistory.com/download-90-11837	VALID_FROM_INDEX			
https://web.archive.org/web/20161103152243/https://mw.modhistory.com/download-90-12143	VALID_FROM_INDEX			
https://web.archive.org/web/20161103152243/https://mw.modhistory.com/download-90-12174	VALID_FROM_INDEX			
https://web.archive.org/web/20161103152243/https://mw.modhistory.com/download-90-12200	VALID_FROM_INDEX			
https://web.archive.org/web/20161103152243/https://mw.modhistory.com/download-90-12295	VALID_FROM_INDEX			
https://web.archive.org/web/20161103152243/https://mw.modhistory.com/download-90-12299	VALID_FROM_INDEX			
https://web.archive.org/web/20161103152243/https://mw.modhistory.com/download-90-12353	VALID_FROM_INDEX			
https://web.archive.org/web/20161103152243/https://mw.modhistory.com/download-90-12471	VALID_FROM_INDEX			
https://web.archive.org/web/20161103152243/https://mw.modhistory.com/download-90-12554	VALID_FROM_INDEX			
https://web.archive.org/web/20161103152243/https://mw.modhistory.com/download-90-12557	VALID_FROM_INDEX			
https://web.archive.org/web/20161103152243/https://mw.modhistory.com/download-90-12596	VALID_FROM_INDEX			
https://web.archive.org/web/20161103152243/https://mw.modhistory.com/download-90-12610	VALID_FROM_INDEX			
https://web.archive.org/web/20161103152243/https://mw.modhistory.com/download-90-12622	VALID_FROM_INDEX			
https://web.archive.org/web/20161103152243/https://mw.modhistory.com/download-90-12647	VALID_FROM_INDEX			
https://web.archive.org/web/20161103152243/https://mw.modhistory.com/download-90-12702	VALID_FROM_INDEX			
https://web.archive.org/web/20161103152243/https://mw.modhistory.com/download-90-12707	VALID_FROM_INDEX			
https://web.archive.org/web/20161103152243/https://mw.modhistory.com/download-90-12708	VALID_FROM_INDEX			
https://web.archive.org/web/20161103152243/https://mw.modhistory.com/download-90-12774	VALID_FROM_INDEX			
https://web.archive.org/web/20161103152243/https://mw.modhistory.com/download-90-12776	VALID_FROM_INDEX			
https://web.archive.org/web/20161103152243/https://mw.modhistory.com/download-90-12803	VALID_FROM_INDEX			
https://web.archive.org/web/20161103152243/https://mw.modhistory.com/download-90-12810	VALID_FROM_INDEX			
https://web.archive.org/web/20161103152243/https://mw.modhistory.com/download-90-12821	VALID_FROM_INDEX			
https://web.archive.org/web/20161103152243/https://mw.modhistory.com/download-90-12822	VALID_FROM_INDEX			
https://web.archive.org/web/20161103152243/https://mw.modhistory.com/download-90-12825	VALID_FROM_INDEX			
https://web.archive.org/web/20161103152243/https://mw.modhistory.com/download-90-12831	VALID_FROM_INDEX			
https://web.archive.org/web/20161103152243/https://mw.modhistory.com/download-90-12836	VALID_FROM_INDEX			
https://web.archive.org/web/20161103152243/https://mw.modhistory.com/download-90-12853	VALID_FROM_INDEX			
https://web.archive.org/web/20161103152243/https://mw.modhistory.com/download-90-12859	VALID_FROM_INDEX			
https://web.archive.org/web/20161103152243/https://mw.modhistory.com/download-90-12869	VALID_FROM_INDEX			
https://web.archive.org/web/20161103152243/https://mw.modhistory.com/download-90-12870	VALID_FROM_INDEX			
https://web.archive.org/web/20161103152243/https://mw.modhistory.com/download-90-12892	VALID_FROM_INDEX			
https://web.archive.org/web/20161103152243/https://mw.modhistory.com/download-90-12898	VALID_FROM_INDEX			
https://web.archive.org/web/20161103152243/https://mw.modhistory.com/download-90-12911	VALID_FROM_INDEX			
https://web.archive.org/web/20161103152243/https://mw.modhistory.com/download-90-12940	VALID_FROM_INDEX			
https://web.archive.org/web/20161103152243/https://mw.modhistory.com/download-90-13050	VALID_FROM_INDEX			
https://web.archive.org/web/20161103152243/https://mw.modhistory.com/download-90-13063	VALID_FROM_INDEX			
https://web.archive.org/web/20161103152243/https://mw.modhistory.com/download-90-13132	VALID_FROM_INDEX			
https://web.archive.org/web/20161103152243/https://mw.modhistory.com/download-90-13155	VALID_FROM_INDEX			
https://web.archive.org/web/20161103152243/https://mw.modhistory.com/download-90-13190	VALID_FROM_INDEX			
https://web.archive.org/web/20161103152243/https://mw.modhistory.com/download-90-13208	VALID_FROM_INDEX			
https://web.archive.org/web/20161103152243/https://mw.modhistory.com/download-90-13221	VALID_FROM_INDEX			
https://web.archive.org/web/20161103152243/https://mw.modhistory.com/download-90-13222	VALID_FROM_INDEX			
https://web.archive.org/web/20161103152243/https://mw.modhistory.com/download-90-13283	VALID_FROM_INDEX			
https://web.archive.org/web/20161103152243/https://mw.modhistory.com/download-90-13330	VALID_FROM_INDEX			
https://web.archive.org/web/20161103152243/https://mw.modhistory.com/download-90-13335	VALID_FROM_INDEX			
https://web.archive.org/web/20161103152243/https://mw.modhistory.com/download-90-13337	VALID_FROM_INDEX			
https://web.archive.org/web/20161103152243/https://mw.modhistory.com/download-90-13433	VALID_FROM_INDEX			
https://web.archive.org/web/20161103152243/https://mw.modhistory.com/download-90-13475	VALID_FROM_INDEX			
https://web.archive.org/web/20161103152243/https://mw.modhistory.com/download-90-13589	VALID_FROM_INDEX			
https://web.archive.org/web/20161103152243/https://mw.modhistory.com/download-90-13592	VALID_FROM_INDEX			
https://web.archive.org/web/20161103152243/https://mw.modhistory.com/download-90-13625	VALID_FROM_INDEX			
https://web.archive.org/web/20161103152243/https://mw.modhistory.com/download-90-13629	VALID_FROM_INDEX			
https://web.archive.org/web/20161103152243/https://mw.modhistory.com/download-90-1363	VALID_FROM_INDEX			
https://web.archive.org/web/20161103152243/https://mw.modhistory.com/download-90-13632	VALID_FROM_INDEX			
https://web.archive.org/web/20161103152243/https://mw.modhistory.com/download-90-13637	VALID_FROM_INDEX			
https://web.archive.org/web/20161103152243/https://mw.modhistory.com/download-90-13657	VALID_FROM_INDEX			
https://web.archive.org/web/20161103152243/https://mw.modhistory.com/download-90-13679	VALID_FROM_INDEX			
https://web.archive.org/web/20161103152243/https://mw.modhistory.com/download-90-13706	VALID_FROM_INDEX			
https://web.archive.org/web/20161103152243/https://mw.modhistory.com/download-90-13721	VALID_FROM_INDEX			
https://web.archive.org/web/20161103152243/https://mw.modhistory.com/download-90-13773	VALID_FROM_INDEX			
https://web.archive.org/web/20161103152243/https://mw.modhistory.com/download-90-13857	VALID_FROM_INDEX			
https://web.archive.org/web/20161103152243/https://mw.modhistory.com/download-90-13869	VALID_FROM_INDEX			
https://web.archive.org/web/20161103152243/https://mw.modhistory.com/download-90-13902	VALID_FROM_INDEX			
https://web.archive.org/web/20161103152243/https://mw.modhistory.com/download-90-13920	VALID_FROM_INDEX			
https://web.archive.org/web/20161103152243/https://mw.modhistory.com/download-90-14007	VALID_FROM_INDEX			
https://web.archive.org/web/20161103152243/https://mw.modhistory.com/download-90-14037	VALID_FROM_INDEX			
https://web.archive.org/web/20161103152243/https://mw.modhistory.com/download-90-14088	VALID_FROM_INDEX			
https://web.archive.org/web/20161103152243/https://mw.modhistory.com/download-90-14192	VALID_FROM_INDEX			
https://web.archive.org/web/20161103152243/https://mw.modhistory.com/download-90-14308	VALID_FROM_INDEX			
https://web.archive.org/web/20161103152243/https://mw.modhistory.com/download-90-14758	VALID_FROM_INDEX			
https://web.archive.org/web/20161103152243/https://mw.modhistory.com/download-90-14806	VALID_FROM_INDEX			
https://web.archive.org/web/20161103152243/https://mw.modhistory.com/download-90-14834	VALID_FROM_INDEX			
https://web.archive.org/web/20161103152243/https://mw.modhistory.com/download-90-15065	VALID_FROM_INDEX			
https://web.archive.org/web/20161103152243/https://mw.modhistory.com/download-90-15201	VALID_FROM_INDEX			
https://web.archive.org/web/20161103152243/https://mw.modhistory.com/download-90-15250	VALID_FROM_INDEX			
https://web.archive.org/web/20161103152243/https://mw.modhistory.com/download-90-2026	VALID_FROM_INDEX			
https://web.archive.org/web/20161103152243/https://mw.modhistory.com/download-90-2107	VALID_FROM_INDEX			
https://web.archive.org/web/20161103152243/https://mw.modhistory.com/download-90-2189	VALID_FROM_INDEX			
https://web.archive.org/web/20161103152243/https://mw.modhistory.com/download-90-2224	VALID_FROM_INDEX			
https://web.archive.org/web/20161103152243/https://mw.modhistory.com/download-90-2229	VALID_FROM_INDEX			
https://web.archive.org/web/20161103152243/https://mw.modhistory.com/download-90-2259	VALID_FROM_INDEX			
https://web.archive.org/web/20161103152243/https://mw.modhistory.com/download-90-2302	VALID_FROM_INDEX			
https://web.archive.org/web/20161103152243/https://mw.modhistory.com/download-90-317	VALID_FROM_INDEX			
https://web.archive.org/web/20161103152243/https://mw.modhistory.com/download-90-3198	VALID_FROM_INDEX			
https://web.archive.org/web/20161103152243/https://mw.modhistory.com/download-90-3963	VALID_FROM_INDEX			
https://web.archive.org/web/20161103152243/https://mw.modhistory.com/download-90-459	VALID_FROM_INDEX			
https://web.archive.org/web/20161103152243/https://mw.modhistory.com/download-90-5113	VALID_FROM_INDEX			
https://web.archive.org/web/20161103152243/https://mw.modhistory.com/download-90-532	VALID_FROM_INDEX			
https://web.archive.org/web/20161103152243/https://mw.modhistory.com/download-90-5667	VALID_FROM_INDEX			
https://web.archive.org/web/20161103152243/https://mw.modhistory.com/download-90-5859	VALID_FROM_INDEX			
https://web.archive.org/web/20161103152243/https://mw.modhistory.com/download-90-599	VALID_FROM_INDEX			
https://web.archive.org/web/20161103152243/https://mw.modhistory.com/download-90-6153	VALID_FROM_INDEX			
https://web.archive.org/web/20161103152243/https://mw.modhistory.com/download-90-6191	VALID_FROM_INDEX			
https://web.archive.org/web/20161103152243/https://mw.modhistory.com/download-90-6192	VALID_FROM_INDEX			
https://web.archive.org/web/20161103152243/https://mw.modhistory.com/download-90-6194	VALID_FROM_INDEX			
https://web.archive.org/web/20161103152243/https://mw.modhistory.com/download-90-6203	VALID_FROM_INDEX			
https://web.archive.org/web/20161103152243/https://mw.modhistory.com/download-90-6205	VALID_FROM_INDEX			
https://web.archive.org/web/20161103152243/https://mw.modhistory.com/download-90-6251	VALID_FROM_INDEX			
https://web.archive.org/web/20161103152243/https://mw.modhistory.com/download-90-6301	VALID_FROM_INDEX			
https://web.archive.org/web/20161103152243/https://mw.modhistory.com/download-90-6309	VALID_FROM_INDEX			
https://web.archive.org/web/20161103152243/https://mw.modhistory.com/download-90-6319	VALID_FROM_INDEX			
https://web.archive.org/web/20161103152243/https://mw.modhistory.com/download-90-6346	VALID_FROM_INDEX			
https://web.archive.org/web/20161103152243/https://mw.modhistory.com/download-90-6360	VALID_FROM_INDEX			
https://web.archive.org/web/20161103152243/https://mw.modhistory.com/download-90-6470	VALID_FROM_INDEX			
https://web.archive.org/web/20161103152243/https://mw.modhistory.com/download-90-6483	VALID_FROM_INDEX			
https://web.archive.org/web/20161103152243/https://mw.modhistory.com/download-90-6521	VALID_FROM_INDEX			
https://web.archive.org/web/20161103152243/https://mw.modhistory.com/download-90-6573	VALID_FROM_INDEX			
https://web.archive.org/web/20161103152243/https://mw.modhistory.com/download-90-6583	VALID_FROM_INDEX			
https://web.archive.org/web/20161103152243/https://mw.modhistory.com/download-90-6755	VALID_FROM_INDEX			
https://web.archive.org/web/20161103152243/https://mw.modhistory.com/download-90-6756	VALID_FROM_INDEX			
https://web.archive.org/web/20161103152243/https://mw.modhistory.com/download-90-6758	VALID_FROM_INDEX			
https://web.archive.org/web/20161103152243/https://mw.modhistory.com/download-90-6761	VALID_FROM_INDEX			
https://web.archive.org/web/20161103152243/https://mw.modhistory.com/download-90-7217	VALID_FROM_INDEX			
https://web.archive.org/web/20161103152243/https://mw.modhistory.com/download-90-7348	VALID_FROM_INDEX			
https://web.archive.org/web/20161103152243/https://mw.modhistory.com/download-90-7351	VALID_FROM_INDEX			
https://web.archive.org/web/20161103152243/https://mw.modhistory.com/download-90-7364	VALID_FROM_INDEX			
https://web.archive.org/web/20161103152243/https://mw.modhistory.com/download-90-7369	VALID_FROM_INDEX			
https://web.archive.org/web/20161103152243/https://mw.modhistory.com/download-90-7408	VALID_FROM_INDEX			
https://web.archive.org/web/20161103152243/https://mw.modhistory.com/download-90-7414	VALID_FROM_INDEX			
https://web.archive.org/web/20161103152243/https://mw.modhistory.com/download-90-7450	VALID_FROM_INDEX			
https://web.archive.org/web/20161103152243/https://mw.modhistory.com/download-90-7507	VALID_FROM_INDEX			
https://web.archive.org/web/20161103152243/https://mw.modhistory.com/download-90-7512	VALID_FROM_INDEX			
https://web.archive.org/web/20161103152243/https://mw.modhistory.com/download-90-7679	VALID_FROM_INDEX			
https://web.archive.org/web/20161103152243/https://mw.modhistory.com/download-90-770	VALID_FROM_INDEX			
https://web.archive.org/web/20161103152243/https://mw.modhistory.com/download-90-7795	VALID_FROM_INDEX			
https://web.archive.org/web/20161103152243/https://mw.modhistory.com/download-90-7882	VALID_FROM_INDEX			
https://web.archive.org/web/20161103152243/https://mw.modhistory.com/download-90-7883	VALID_FROM_INDEX			
https://web.archive.org/web/20161103152243/https://mw.modhistory.com/download-90-7946	VALID_FROM_INDEX			
https://web.archive.org/web/20161103152243/https://mw.modhistory.com/download-90-7953	VALID_FROM_INDEX			
https://web.archive.org/web/20161103152243/https://mw.modhistory.com/download-90-7986	VALID_FROM_INDEX			
https://web.archive.org/web/20161103152243/https://mw.modhistory.com/download-90-7994	VALID_FROM_INDEX			
https://web.archive.org/web/20161103152243/https://mw.modhistory.com/download-90-8093	VALID_FROM_INDEX			
https://web.archive.org/web/20161103152243/https://mw.modhistory.com/download-90-8153	VALID_FROM_INDEX			
https://web.archive.org/web/20161103152243/https://mw.modhistory.com/download-90-8225	VALID_FROM_INDEX			
https://web.archive.org/web/20161103152243/https://mw.modhistory.com/download-90-8294	VALID_FROM_INDEX			
https://web.archive.org/web/20161103152243/https://mw.modhistory.com/download-90-8319	VALID_FROM_INDEX			
https://web.archive.org/web/20161103152243/https://mw.modhistory.com/download-90-8358	VALID_FROM_INDEX			
https://web.archive.org/web/20161103152243/https://mw.modhistory.com/download-90-8370	VALID_FROM_INDEX			
https://web.archive.org/web/20161103152243/https://mw.modhistory.com/download-90-8471	VALID_FROM_INDEX			
https://web.archive.org/web/20161103152243/https://mw.modhistory.com/download-90-8600	VALID_FROM_INDEX			
https://web.archive.org/web/20161103152243/https://mw.modhistory.com/download-90-8671	VALID_FROM_INDEX			
https://web.archive.org/web/20161103152243/https://mw.modhistory.com/download-90-8736	VALID_FROM_INDEX			
https://web.archive.org/web/20161103152243/https://mw.modhistory.com/download-90-9027	VALID_FROM_INDEX			
https://web.archive.org/web/20161103152243/https://mw.modhistory.com/download-90-9099	VALID_FROM_INDEX			
https://web.archive.org/web/20161103152243/https://mw.modhistory.com/download-90-9173	VALID_FROM_INDEX			
https://web.archive.org/web/20161103152243/https://mw.modhistory.com/download-90-9229	VALID_FROM_INDEX			
https://web.archive.org/web/20161103152243/https://mw.modhistory.com/download-90-9234	VALID_FROM_INDEX			
https://web.archive.org/web/20161103152243/https://mw.modhistory.com/download-90-9281	VALID_FROM_INDEX			
https://web.archive.org/web/20161103152243/https://mw.modhistory.com/download-90-9326	VALID_FROM_INDEX			
https://web.archive.org/web/20161103152243/https://mw.modhistory.com/download-90-9337	VALID_FROM_INDEX			
https://web.archive.org/web/20161103152243/https://mw.modhistory.com/download-90-9577	VALID_FROM_INDEX			
https://web.archive.org/web/20161103152243/https://mw.modhistory.com/download-90-9662	VALID_FROM_INDEX			
https://web.archive.org/web/20161103152243/https://mw.modhistory.com/download-90-9732	VALID_FROM_INDEX			
https://web.archive.org/web/20161103152243/https://mw.modhistory.com/download-95-1154	VALID_FROM_INDEX			
https://web.archive.org/web/20161103152243/https://mw.modhistory.com/download-95-1171	VALID_FROM_INDEX			
https://web.archive.org/web/20161103152243/https://mw.modhistory.com/download-95-1178	VALID_FROM_INDEX			
https://web.archive.org/web/20161103152243/https://mw.modhistory.com/download-95-14558	VALID_FROM_INDEX			
https://web.archive.org/web/20161103152243/https://mw.modhistory.com/download-95-14559	VALID_FROM_INDEX			
https://web.archive.org/web/20161103152243/https://mw.modhistory.com/download-95-14581	VALID_FROM_INDEX			
https://web.archive.org/web/20161103152243/https://mw.modhistory.com/download-95-14595	VALID_FROM_INDEX			
https://web.archive.org/web/20161103152243/https://mw.modhistory.com/download-95-14597	VALID_FROM_INDEX			
https://web.archive.org/web/20161103152243/https://mw.modhistory.com/download-95-15058	VALID_FROM_INDEX			
https://web.archive.org/web/20161103152243/https://mw.modhistory.com/download-95-2282	VALID_FROM_INDEX			
https://web.archive.org/web/20161103152243/https://mw.modhistory.com/download-95-3013	VALID_FROM_INDEX			
https://web.archive.org/web/20161103152243/https://mw.modhistory.com/download-95-5225	VALID_FROM_INDEX			
https://web.archive.org/web/20161103152243/https://mw.modhistory.com/download-95-5568	VALID_FROM_INDEX			
https://web.archive.org/web/20161103152243/https://mw.modhistory.com/download-95-5622	VALID_FROM_INDEX			
https://web.archive.org/web/20161103152243/https://mw.modhistory.com/download-95-5623	VALID_FROM_INDEX			
https://web.archive.org/web/20161103152243/https://mw.modhistory.com/download-95-5624	VALID_FROM_INDEX			
https://web.archive.org/web/20161103152243/https://mw.modhistory.com/download-98-10391	VALID_FROM_INDEX			
https://web.archive.org/web/20161103152243/https://mw.modhistory.com/download-98-10590	VALID_FROM_INDEX			
https://web.archive.org/web/20161103152243/https://mw.modhistory.com/download-98-10789	VALID_FROM_INDEX			
https://web.archive.org/web/20161103152243/https://mw.modhistory.com/download-98-10973	VALID_FROM_INDEX			
https://web.archive.org/web/20161103152243/https://mw.modhistory.com/download-98-10988	VALID_FROM_INDEX			
https://web.archive.org/web/20161103152243/https://mw.modhistory.com/download-98-11121	VALID_FROM_INDEX			
https://web.archive.org/web/20161103152243/https://mw.modhistory.com/download-98-11150	VALID_FROM_INDEX			
https://web.archive.org/web/20161103152243/https://mw.modhistory.com/download-98-11222	VALID_FROM_INDEX			
https://web.archive.org/web/20161103152243/https://mw.modhistory.com/download-98-11379	VALID_FROM_INDEX			
https://web.archive.org/web/20161103152243/https://mw.modhistory.com/download-98-11781	VALID_FROM_INDEX			
https://web.archive.org/web/20161103152243/https://mw.modhistory.com/download-98-12035	VALID_FROM_INDEX			
https://web.archive.org/web/20161103152243/https://mw.modhistory.com/download-98-12135	VALID_FROM_INDEX			
https://web.archive.org/web/20161103152243/https://mw.modhistory.com/download-98-12260	VALID_FROM_INDEX			
https://web.archive.org/web/20161103152243/https://mw.modhistory.com/download-98-12500	VALID_FROM_INDEX			
https://web.archive.org/web/20161103152243/https://mw.modhistory.com/download-98-12503	VALID_FROM_INDEX			
https://web.archive.org/web/20161103152243/https://mw.modhistory.com/download-98-12504	VALID_FROM_INDEX			
https://web.archive.org/web/20161103152243/https://mw.modhistory.com/download-98-12532	VALID_FROM_INDEX			
https://web.archive.org/web/20161103152243/https://mw.modhistory.com/download-98-12564	VALID_FROM_INDEX			
https://web.archive.org/web/20161103152243/https://mw.modhistory.com/download-98-12736	VALID_FROM_INDEX			
https://web.archive.org/web/20161103152243/https://mw.modhistory.com/download-98-12814	VALID_FROM_INDEX			
https://web.archive.org/web/20161103152243/https://mw.modhistory.com/download-98-12848	VALID_FROM_INDEX			
https://web.archive.org/web/20161103152243/https://mw.modhistory.com/download-98-12855	VALID_FROM_INDEX			
https://web.archive.org/web/20161103152243/https://mw.modhistory.com/download-98-12915	VALID_FROM_INDEX			
https://web.archive.org/web/20161103152243/https://mw.modhistory.com/download-98-13282	VALID_FROM_INDEX			
https://web.archive.org/web/20161103152243/https://mw.modhistory.com/download-98-13733	VALID_FROM_INDEX			
https://web.archive.org/web/20161103152243/https://mw.modhistory.com/download-98-13962	VALID_FROM_INDEX			
https://web.archive.org/web/20161103152243/https://mw.modhistory.com/download-98-14064	VALID_FROM_INDEX			
https://web.archive.org/web/20161103152243/https://mw.modhistory.com/download-98-14073	VALID_FROM_INDEX			
https://web.archive.org/web/20161103152243/https://mw.modhistory.com/download-98-14096	VALID_FROM_INDEX			
https://web.archive.org/web/20161103152243/https://mw.modhistory.com/download-98-14153	VALID_FROM_INDEX			
https://web.archive.org/web/20161103152243/https://mw.modhistory.com/download-98-14181	VALID_FROM_INDEX			
https://web.archive.org/web/20161103152243/https://mw.modhistory.com/download-98-14293	VALID_FROM_INDEX			
https://web.archive.org/web/20161103152243/https://mw.modhistory.com/download-98-14969	VALID_FROM_INDEX			
https://web.archive.org/web/20161103152243/https://mw.modhistory.com/download-98-15002	VALID_FROM_INDEX			
https://web.archive.org/web/20161103152243/https://mw.modhistory.com/download-98-15075	VALID_FROM_INDEX			
https://web.archive.org/web/20161103152243/https://mw.modhistory.com/download-98-15082	VALID_FROM_INDEX			
https://web.archive.org/web/20161103152243/https://mw.modhistory.com/download-98-1765	VALID_FROM_INDEX			
https://web.archive.org/web/20161103152243/https://mw.modhistory.com/download-98-1795	VALID_FROM_INDEX			
https://web.archive.org/web/20161103152243/https://mw.modhistory.com/download-98-3753	VALID_FROM_INDEX			
https://web.archive.org/web/20161103152243/https://mw.modhistory.com/download-98-444	VALID_FROM_INDEX			
https://web.archive.org/web/20161103152243/https://mw.modhistory.com/download-98-5304	VALID_FROM_INDEX			
https://web.archive.org/web/20161103152243/https://mw.modhistory.com/download-98-5319	VALID_FROM_INDEX			
https://web.archive.org/web/20161103152243/https://mw.modhistory.com/download-98-5369	VALID_FROM_INDEX			
https://web.archive.org/web/20161103152243/https://mw.modhistory.com/download-98-5410	VALID_FROM_INDEX			
https://web.archive.org/web/20161103152243/https://mw.modhistory.com/download-98-5413	VALID_FROM_INDEX			
https://web.archive.org/web/20161103152243/https://mw.modhistory.com/download-98-5421	VALID_FROM_INDEX			
https://web.archive.org/web/20161103152243/https://mw.modhistory.com/download-98-5438	VALID_FROM_INDEX			
https://web.archive.org/web/20161103152243/https://mw.modhistory.com/download-98-5460	VALID_FROM_INDEX			
https://web.archive.org/web/20161103152243/https://mw.modhistory.com/download-98-5469	VALID_FROM_INDEX			
https://web.archive.org/web/20161103152243/https://mw.modhistory.com/download-98-5560	VALID_FROM_INDEX			
https://web.archive.org/web/20161103152243/https://mw.modhistory.com/download-98-5589	VALID_FROM_INDEX			
https://web.archive.org/web/20161103152243/https://mw.modhistory.com/download-98-6135	VALID_FROM_INDEX			
https://web.archive.org/web/20161103152243/https://mw.modhistory.com/download-98-6175	VALID_FROM_INDEX			
https://web.archive.org/web/20161103152243/https://mw.modhistory.com/download-98-6695	VALID_FROM_INDEX			
https://web.archive.org/web/20161103152243/https://mw.modhistory.com/download-98-7178	VALID_FROM_INDEX			
https://web.archive.org/web/20161103152243/https://mw.modhistory.com/download-98-7816	VALID_FROM_INDEX			
https://web.archive.org/web/20161103152243/https://mw.modhistory.com/download-98-8270	VALID_FROM_INDEX			
https://web.archive.org/web/20161103152243/https://mw.modhistory.com/download-98-9052	VALID_FROM_INDEX			
https://web.archive.org/web/20161103152243/https://mw.modhistory.com/download-98-9171	VALID_FROM_INDEX			
https://www.moddb.com/mods/morrowind-rebirth/downloads/morrowind-rebirth	VALID_FROM_INDEX			
https://www.moddb.com/mods/morrowind-rebirth/downloads/morrowind-rebirth-1-6	VALID_FROM_INDEX			
https://www.moddb.com/mods/morrowind-rebirth/downloads/morrowind-rebirth-v-5-0-part-2	VALID_FROM_INDEX			
https://www.moddb.com/mods/morrowind-rebirth/downloads/release-morrowind-rebirth-411	VALID_FROM_INDEX			
https://www.moddb.com/mods/morrowind-rebirth/downloads/release-morrowind-rebirth-412	VALID_FROM_INDEX			
https://www.moddb.com/mods/morrowind-rebirth/downloads/release-morrowind-rebirth-413	VALID_FROM_INDEX			
https://www.moddb.com/mods/morrowind-rebirth/downloads/release-morrowind-rebirth-42	VALID_FROM_INDEX			
https://www.moddb.com/mods/morrowind-rebirth/downloads/release-morrowind-rebirth-43	VALID_FROM_INDEX			
https://www.moddb.com/mods/morrowind-rebirth/downloads/release-morrowind-rebirth-431	VALID_FROM_INDEX			
https://www.moddb.com/mods/morrowind-rebirth/downloads/release-morrowind-rebirth-44	VALID_FROM_INDEX			
https://www.moddb.com/mods/morrowind-rebirth/downloads/release-morrowind-rebirth-442	VALID_FROM_INDEX			
https://www.moddb.com/mods/morrowind-rebirth/downloads/release-morrowind-rebirth-443	VALID_FROM_INDEX			
https://www.moddb.com/mods/morrowind-rebirth/downloads/release-morrowind-rebirth-45	VALID_FROM_INDEX			
https://www.moddb.com/mods/morrowind-rebirth/downloads/release-morrowind-rebirth-46	VALID_FROM_INDEX			
https://www.moddb.com/mods/morrowind-rebirth/downloads/release-morrowind-rebirth-46-patch	VALID_FROM_INDEX			
https://www.moddb.com/mods/morrowind-rebirth/downloads/release-morrowind-rebirth-47	VALID_FROM_INDEX			
https://www.moddb.com/mods/morrowind-rebirth/downloads/release-morrowind-rebirth-47-patch	VALID_FROM_INDEX			
https://www.moddb.com/mods/morrowind-rebirth/downloads/release-morrowind-rebirth-48	VALID_FROM_INDEX			
https://www.moddb.com/mods/morrowind-rebirth/downloads/release-morrowind-rebirth-49	VALID_FROM_INDEX			
https://www.moddb.com/mods/morrowind-rebirth/downloads/release-morrowind-rebirth-49-hotfix	VALID_FROM_INDEX			
https://www.moddb.com/mods/morrowind-rebirth/downloads/release-morrowind-rebirth-51	VALID_FROM_INDEX			
https://www.moddb.com/mods/morrowind-rebirth/downloads/release-morrowind-rebirth-52	VALID_FROM_INDEX			
https://www.moddb.com/mods/morrowind-rebirth/downloads/release-morrowind-rebirth-53	VALID_FROM_INDEX			
https://www.moddb.com/mods/morrowind-rebirth/downloads/release-morrowind-rebirth-54	VALID_FROM_INDEX			
https://www.moddb.com/mods/morrowind-rebirth/downloads/release-morrowind-rebirth-551-hotfix	VALID_FROM_INDEX			
https://www.moddb.com/mods/morrowind-rebirth/downloads/release-morrowind-rebirth-56	VALID_FROM_INDEX			
https://www.moddb.com/mods/morrowind-rebirth/downloads/release-morrowind-rebirth-59	VALID_FROM_INDEX			
https://www.moddb.com/mods/morrowind-rebirth/downloads/release-morrowind-rebirth-60	VALID_FROM_INDEX			
https://www.moddb.com/mods/morrowind-rebirth/downloads/release-morrowind-rebirth-61	VALID_FROM_INDEX			
https://www.moddb.com/mods/morrowind-rebirth/downloads/release-morrowind-rebirth-62	VALID_FROM_INDEX			
https://www.moddb.com/mods/morrowind-rebirth/downloads/release-morrowind-rebirth-63	VALID_FROM_INDEX			
https://www.moddb.com/mods/morrowind-rebirth/downloads/release-morrowind-rebirth-64	VALID_FROM_INDEX			
https://www.moddb.com/mods/morrowind-rebirth/downloads/release-morrowind-rebirth-65	VALID_FROM_INDEX			
https://www.moddb.com/mods/morrowind-rebirth/downloads/release-morrowind-rebirth-66	VALID_FROM_INDEX			
https://www.moddb.com/mods/morrowind-rebirth/downloads/release-morrowind-rebirth-67	VALID_FROM_INDEX			
https://www.moddb.com/mods/morrowind-rebirth/downloads/release-morrowind-rebirth-68	VALID_FROM_INDEX			
https://www.moddb.com/mods/morrowind-rebirth/downloads/release-morrowind-rebirth-69	VALID_FROM_INDEX			
https://www.moddb.com/mods/morrowind-rebirth/downloads/release-morrowind-rebirth-70	VALID_FROM_INDEX			
https://www.moddb.com/mods/morrowind-rebirth/downloads/release-morrowind-rebirth-v-41	VALID_FROM_INDEX			
https://www.moddb.com/mods/morrowind-rebirth/downloads/release-morrowind-rebith-55	VALID_FROM_INDEX			
https://www.moddb.com/mods/morrowind-rebirth/downloads/relese-morrowind-rebirth-58	VALID_FROM_INDEX			
https://www.moddb.com/mods/morrowind-rebirth/downloads/relese-morrowind-rebirth-hotfix	VALID_FROM_INDEX			
https://www.nexusmods.com/morrowind/mods/10031	VALID_FROM_INDEX			
https://www.nexusmods.com/morrowind/mods/10059	VALID_FROM_INDEX			
https://www.nexusmods.com/morrowind/mods/1008	VALID_FROM_INDEX			
https://www.nexusmods.com/morrowind/mods/10152	VALID_FROM_INDEX			
https://www.nexusmods.com/morrowind/mods/10272	VALID_FROM_INDEX			
https://www.nexusmods.com/morrowind/mods/10290	VALID_FROM_INDEX			
https://www.nexusmods.com/morrowind/mods/1033	VALID_FROM_INDEX			
https://www.nexusmods.com/morrowind/mods/1046	VALID_FROM_INDEX			
https://www.nexusmods.com/morrowind/mods/1048	VALID_FROM_INDEX			
https://www.nexusmods.com/morrowind/mods/1050	VALID_FROM_INDEX			
https://www.nexusmods.com/morrowind/mods/1068	VALID_FROM_INDEX			
https://www.nexusmods.com/morrowind/mods/1073	VALID_FROM_INDEX			
https://www.nexusmods.com/morrowind/mods/10741	VALID_FROM_INDEX			
https://www.nexusmods.com/morrowind/mods/1091	VALID_FROM_INDEX			
https://www.nexusmods.com/morrowind/mods/1135	VALID_FROM_INDEX			
https://www.nexusmods.com/morrowind/mods/1137	VALID_FROM_INDEX			
https://www.nexusmods.com/morrowind/mods/1200	VALID_FROM_INDEX			
https://www.nexusmods.com/morrowind/mods/1207	VALID_FROM_INDEX			
https://www.nexusmods.com/morrowind/mods/12419	VALID_FROM_INDEX			
https://www.nexusmods.com/morrowind/mods/12440	VALID_FROM_INDEX			
https://www.nexusmods.com/morrowind/mods/12550	VALID_FROM_INDEX			
https://www.nexusmods.com/morrowind/mods/1271	VALID_FROM_INDEX			
https://www.nexusmods.com/morrowind/mods/12830	VALID_FROM_INDEX			
https://www.nexusmods.com/morrowind/mods/12831	VALID_FROM_INDEX			
https://www.nexusmods.com/morrowind/mods/1286	VALID_FROM_INDEX			
https://www.nexusmods.com/morrowind/mods/1297	VALID_FROM_INDEX			
https://www.nexusmods.com/morrowind/mods/13504	VALID_FROM_INDEX			
https://www.nexusmods.com/morrowind/mods/1356	VALID_FROM_INDEX			
https://www.nexusmods.com/morrowind/mods/13608	VALID_FROM_INDEX			
https://www.nexusmods.com/morrowind/mods/1413	VALID_FROM_INDEX			
https://www.nexusmods.com/morrowind/mods/1415	VALID_FROM_INDEX			
https://www.nexusmods.com/morrowind/mods/1427	VALID_FROM_INDEX			
https://www.nexusmods.com/morrowind/mods/14435	VALID_FROM_INDEX			
https://www.nexusmods.com/morrowind/mods/14458	VALID_FROM_INDEX			
https://www.nexusmods.com/morrowind/mods/14461	VALID_FROM_INDEX			
https://www.nexusmods.com/morrowind/mods/14467	VALID_FROM_INDEX			
https://www.nexusmods.com/morrowind/mods/1457	VALID_FROM_INDEX			
https://www.nexusmods.com/morrowind/mods/14717	VALID_FROM_INDEX			
https://www.nexusmods.com/morrowind/mods/14887	VALID_FROM_INDEX			
https://www.nexusmods.com/morrowind/mods/14888	VALID_FROM_INDEX			
https://www.nexusmods.com/morrowind/mods/14889	VALID_FROM_INDEX			
https://www.nexusmods.com/morrowind/mods/14890	VALID_FROM_INDEX			
https://www.nexusmods.com/morrowind/mods/14894	VALID_FROM_INDEX			
https://www.nexusmods.com/morrowind/mods/14947	VALID_FROM_INDEX			
https://www.nexusmods.com/morrowind/mods/14955	VALID_FROM_INDEX			
https://www.nexusmods.com/morrowind/mods/15313	VALID_FROM_INDEX			
https://www.nexusmods.com/morrowind/mods/15451	VALID_FROM_INDEX			
https://www.nexusmods.com/morrowind/mods/15459	VALID_FROM_INDEX			
https://www.nexusmods.com/morrowind/mods/15595	VALID_FROM_INDEX			
https://www.nexusmods.com/morrowind/mods/15671	VALID_FROM_INDEX			
https://www.nexusmods.com/morrowind/mods/1570	VALID_FROM_INDEX			
https://www.nexusmods.com/morrowind/mods/1574	VALID_FROM_INDEX			
https://www.nexusmods.com/morrowind/mods/1610	VALID_FROM_INDEX			
https://www.nexusmods.com/morrowind/mods/1611	VALID_FROM_INDEX			
https://www.nexusmods.com/morrowind/mods/1612	VALID_FROM_INDEX			
https://www.nexusmods.com/morrowind/mods/1613	VALID_FROM_INDEX			
https://www.nexusmods.com/morrowind/mods/1616	VALID_FROM_INDEX			
https://www.nexusmods.com/morrowind/mods/1618	VALID_FROM_INDEX			
https://www.nexusmods.com/morrowind/mods/16238	VALID_FROM_INDEX			
https://www.nexusmods.com/morrowind/mods/1643	VALID_FROM_INDEX			
https://www.nexusmods.com/morrowind/mods/1654	VALID_FROM_INDEX			
https://www.nexusmods.com/morrowind/mods/1663	VALID_FROM_INDEX			
https://www.nexusmods.com/morrowind/mods/167	VALID_FROM_INDEX			
https://www.nexusmods.com/morrowind/mods/1670	VALID_FROM_INDEX			
https://www.nexusmods.com/morrowind/mods/1673	VALID_FROM_INDEX			
https://www.nexusmods.com/morrowind/mods/1715	VALID_FROM_INDEX			
https://www.nexusmods.com/morrowind/mods/17379	VALID_FROM_INDEX			
https://www.nexusmods.com/morrowind/mods/1777	VALID_FROM_INDEX			
https://www.nexusmods.com/morrowind/mods/17888	VALID_FROM_INDEX			
https://www.nexusmods.com/morrowind/mods/1789	VALID_FROM_INDEX			
https://www.nexusmods.com/morrowind/mods/17935	VALID_FROM_INDEX			
https://www.nexusmods.com/morrowind/mods/18016	VALID_FROM_INDEX			
https://www.nexusmods.com/morrowind/mods/18108	VALID_FROM_INDEX			
https://www.nexusmods.com/morrowind/mods/1818	VALID_FROM_INDEX			
https://www.nexusmods.com/morrowind/mods/18343	VALID_FROM_INDEX			
https://www.nexusmods.com/morrowind/mods/18790	VALID_FROM_INDEX			
https://www.nexusmods.com/morrowind/mods/19028	VALID_FROM_INDEX			
https://www.nexusmods.com/morrowind/mods/19139	VALID_FROM_INDEX			
https://www.nexusmods.com/morrowind/mods/1957	VALID_FROM_INDEX			
https://www.nexusmods.com/morrowind/mods/19602	VALID_FROM_INDEX			
https://www.nexusmods.com/morrowind/mods/20491	VALID_FROM_INDEX			
https://www.nexusmods.com/morrowind/mods/205	VALID_FROM_INDEX			
https://www.nexusmods.com/morrowind/mods/20500	VALID_FROM_INDEX			
https://www.nexusmods.com/morrowind/mods/20882	VALID_FROM_INDEX			
https://www.nexusmods.com/morrowind/mods/20998	VALID_FROM_INDEX			
https://www.nexusmods.com/morrowind/mods/21156	VALID_FROM_INDEX			
https://www.nexusmods.com/morrowind/mods/21528	VALID_FROM_INDEX			
https://www.nexusmods.com/morrowind/mods/21677	VALID_FROM_INDEX			
https://www.nexusmods.com/morrowind/mods/217	VALID_FROM_INDEX			
https://www.nexusmods.com/morrowind/mods/21710	VALID_FROM_INDEX			
https://www.nexusmods.com/morrowind/mods/21822	VALID_FROM_INDEX			
https://www.nexusmods.com/morrowind/mods/21855	VALID_FROM_INDEX			
https://www.nexusmods.com/morrowind/mods/21875	VALID_FROM_INDEX			
https://www.nexusmods.com/morrowind/mods/22002	VALID_FROM_INDEX			
https://www.nexusmods.com/morrowind/mods/22024	VALID_FROM_INDEX			
https://www.nexusmods.com/morrowind/mods/22029	VALID_FROM_INDEX			
https://www.nexusmods.com/morrowind/mods/22161	VALID_FROM_INDEX			
https://www.nexusmods.com/morrowind/mods/22286	VALID_FROM_INDEX			
https://www.nexusmods.com/morrowind/mods/224	VALID_FROM_INDEX			
https://www.nexusmods.com/morrowind/mods/22443	VALID_FROM_INDEX			
https://www.nexusmods.com/morrowind/mods/226	VALID_FROM_INDEX			
https://www.nexusmods.com/morrowind/mods/22601	VALID_FROM_INDEX			
https://www.nexusmods.com/morrowind/mods/22617	VALID_FROM_INDEX			
https://www.nexusmods.com/morrowind/mods/22618	VALID_FROM_INDEX			
https://www.nexusmods.com/morrowind/mods/22899	VALID_FROM_INDEX			
https://www.nexusmods.com/morrowind/mods/22921	VALID_FROM_INDEX			
https://www.nexusmods.com/morrowind/mods/22933	VALID_FROM_INDEX			
https://www.nexusmods.com/morrowind/mods/22938	VALID_FROM_INDEX			
https://www.nexusmods.com/morrowind/mods/22969	VALID_FROM_INDEX			
https://www.nexusmods.com/morrowind/mods/231	VALID_FROM_INDEX			
https://www.nexusmods.com/morrowind/mods/23108	VALID_FROM_INDEX			
https://www.nexusmods.com/morrowind/mods/23219	VALID_FROM_INDEX			
https://www.nexusmods.com/morrowind/mods/23335	VALID_FROM_INDEX			
https://www.nexusmods.com/morrowind/mods/23346	VALID_FROM_INDEX			
https://www.nexusmods.com/morrowind/mods/23357	VALID_FROM_INDEX			
https://www.nexusmods.com/morrowind/mods/23363	VALID_FROM_INDEX			
https://www.nexusmods.com/morrowind/mods/236	VALID_FROM_INDEX			
https://www.nexusmods.com/morrowind/mods/2363	VALID_FROM_INDEX			
https://www.nexusmods.com/morrowind/mods/23676	VALID_FROM_INDEX			
https://www.nexusmods.com/morrowind/mods/23720	VALID_FROM_INDEX			
https://www.nexusmods.com/morrowind/mods/23890	VALID_FROM_INDEX			
https://www.nexusmods.com/morrowind/mods/24238	VALID_FROM_INDEX			
https://www.nexusmods.com/morrowind/mods/24341	VALID_FROM_INDEX			
https://www.nexusmods.com/morrowind/mods/246	VALID_FROM_INDEX			
https://www.nexusmods.com/morrowind/mods/25147	VALID_FROM_INDEX			
https://www.nexusmods.com/morrowind/mods/25299	VALID_FROM_INDEX			
https://www.nexusmods.com/morrowind/mods/25337	VALID_FROM_INDEX			
https://www.nexusmods.com/morrowind/mods/25409	VALID_FROM_INDEX			
https://www.nexusmods.com/morrowind/mods/25477	VALID_FROM_INDEX			
https://www.nexusmods.com/morrowind/mods/25556	VALID_FROM_INDEX			
https://www.nexusmods.com/morrowind/mods/25725	VALID_FROM_INDEX			
https://www.nexusmods.com/morrowind/mods/26014	VALID_FROM_INDEX			
https://www.nexusmods.com/morrowind/mods/262	VALID_FROM_INDEX			
https://www.nexusmods.com/morrowind/mods/26243	VALID_FROM_INDEX			
https://www.nexusmods.com/morrowind/mods/26466	VALID_FROM_INDEX			
https://www.nexusmods.com/morrowind/mods/2678	VALID_FROM_INDEX			
https://www.nexusmods.com/morrowind/mods/26870	VALID_FROM_INDEX			
https://www.nexusmods.com/morrowind/mods/27167	VALID_FROM_INDEX			
https://www.nexusmods.com/morrowind/mods/27246	VALID_FROM_INDEX			
https://www.nexusmods.com/morrowind/mods/27262	VALID_FROM_INDEX			
https://www.nexusmods.com/morrowind/mods/27264	VALID_FROM_INDEX			
https://www.nexusmods.com/morrowind/mods/27265	VALID_FROM_INDEX			
https://www.nexusmods.com/morrowind/mods/27306	VALID_FROM_INDEX			
https://www.nexusmods.com/morrowind/mods/27314	VALID_FROM_INDEX			
https://www.nexusmods.com/morrowind/mods/27355	VALID_FROM_INDEX			
https://www.nexusmods.com/morrowind/mods/27390	VALID_FROM_INDEX			
https://www.nexusmods.com/morrowind/mods/27545	VALID_FROM_INDEX			
https://www.nexusmods.com/morrowind/mods/27565	VALID_FROM_INDEX			
https://www.nexusmods.com/morrowind/mods/27588	VALID_FROM_INDEX			
https://www.nexusmods.com/morrowind/mods/27696	VALID_FROM_INDEX			
https://www.nexusmods.com/morrowind/mods/27744	VALID_FROM_INDEX			
https://www.nexusmods.com/morrowind/mods/27747	VALID_FROM_INDEX			
https://www.nexusmods.com/morrowind/mods/27750	VALID_FROM_INDEX			
https://www.nexusmods.com/morrowind/mods/27764	VALID_FROM_INDEX			
https://www.nexusmods.com/morrowind/mods/27765	VALID_FROM_INDEX			
https://www.nexusmods.com/morrowind/mods/27859	VALID_FROM_INDEX			
https://www.nexusmods.com/morrowind/mods/27965	VALID_FROM_INDEX			
https://www.nexusmods.com/morrowind/mods/280	VALID_FROM_INDEX			
https://www.nexusmods.com/morrowind/mods/28063	VALID_FROM_INDEX			
https://www.nexusmods.com/morrowind/mods/28252	VALID_FROM_INDEX			
https://www.nexusmods.com/morrowind/mods/28268	VALID_FROM_INDEX			
https://www.nexusmods.com/morrowind/mods/28348	VALID_FROM_INDEX			
https://www.nexusmods.com/morrowind/mods/28729	VALID_FROM_INDEX			
https://www.nexusmods.com/morrowind/mods/288	VALID_FROM_INDEX			
https://www.nexusmods.com/morrowind/mods/28858	VALID_FROM_INDEX			
https://www.nexusmods.com/morrowind/mods/28889	VALID_FROM_INDEX			
https://www.nexusmods.com/morrowind/mods/28891	VALID_FROM_INDEX			
https://www.nexusmods.com/morrowind/mods/28917	VALID_FROM_INDEX			
https://www.nexusmods.com/morrowind/mods/29019	VALID_FROM_INDEX			
https://www.nexusmods.com/morrowind/mods/29101	VALID_FROM_INDEX			
https://www.nexusmods.com/morrowind/mods/29239	VALID_FROM_INDEX			
https://www.nexusmods.com/morrowind/mods/29399	VALID_FROM_INDEX			
https://www.nexusmods.com/morrowind/mods/29542	VALID_FROM_INDEX			
https://www.nexusmods.com/morrowind/mods/29602	VALID_FROM_INDEX			
https://www.nexusmods.com/morrowind/mods/297	VALID_FROM_INDEX			
https://www.nexusmods.com/morrowind/mods/29965	VALID_FROM_INDEX			
https://www.nexusmods.com/morrowind/mods/30047	VALID_FROM_INDEX			
https://www.nexusmods.com/morrowind/mods/30150	VALID_FROM_INDEX			
https://www.nexusmods.com/morrowind/mods/30152	VALID_FROM_INDEX			
https://www.nexusmods.com/morrowind/mods/30186	VALID_FROM_INDEX			
https://www.nexusmods.com/morrowind/mods/30205	VALID_FROM_INDEX			
https://www.nexusmods.com/morrowind/mods/30236	VALID_FROM_INDEX			
https://www.nexusmods.com/morrowind/mods/30387	VALID_FROM_INDEX			
https://www.nexusmods.com/morrowind/mods/30563	VALID_FROM_INDEX			
https://www.nexusmods.com/morrowind/mods/30669	VALID_FROM_INDEX			
https://www.nexusmods.com/morrowind/mods/30788	VALID_FROM_INDEX			
https://www.nexusmods.com/morrowind/mods/30791	VALID_FROM_INDEX			
https://www.nexusmods.com/morrowind/mods/309	VALID_FROM_INDEX			
https://www.nexusmods.com/morrowind/mods/30954	VALID_FROM_INDEX			
https://www.nexusmods.com/morrowind/mods/30958	VALID_FROM_INDEX			
https://www.nexusmods.com/morrowind/mods/31051	VALID_FROM_INDEX			
https://www.nexusmods.com/morrowind/mods/312	VALID_FROM_INDEX			
https://www.nexusmods.com/morrowind/mods/314	VALID_FROM_INDEX			
https://www.nexusmods.com/morrowind/mods/315	VALID_FROM_INDEX			
https://www.nexusmods.com/morrowind/mods/317	VALID_FROM_INDEX			
https://www.nexusmods.com/morrowind/mods/31942	VALID_FROM_INDEX			
https://www.nexusmods.com/morrowind/mods/324	VALID_FROM_INDEX			
https://www.nexusmods.com/morrowind/mods/32628	VALID_FROM_INDEX			
https://www.nexusmods.com/morrowind/mods/33316	VALID_FROM_INDEX			
https://www.nexusmods.com/morrowind/mods/33408	VALID_FROM_INDEX			
https://www.nexusmods.com/morrowind/mods/33443	VALID_FROM_INDEX			
https://www.nexusmods.com/morrowind/mods/335	VALID_FROM_INDEX			
https://www.nexusmods.com/morrowind/mods/34046	VALID_FROM_INDEX			
https://www.nexusmods.com/morrowind/mods/34418	VALID_FROM_INDEX			
https://www.nexusmods.com/morrowind/mods/34588	VALID_FROM_INDEX			
https://www.nexusmods.com/morrowind/mods/34725	VALID_FROM_INDEX			
https://www.nexusmods.com/morrowind/mods/34863	VALID_FROM_INDEX			
https://www.nexusmods.com/morrowind/mods/3505	VALID_FROM_INDEX			
https://www.nexusmods.com/morrowind/mods/35094	VALID_FROM_INDEX			
https://www.nexusmods.com/morrowind/mods/35237	VALID_FROM_INDEX			
https://www.nexusmods.com/morrowind/mods/35368	VALID_FROM_INDEX			
https://www.nexusmods.com/morrowind/mods/354	VALID_FROM_INDEX			
https://www.nexusmods.com/morrowind/mods/35815	VALID_FROM_INDEX			
https://www.nexusmods.com/morrowind/mods/3611	VALID_FROM_INDEX			
https://www.nexusmods.com/morrowind/mods/3612	VALID_FROM_INDEX			
https://www.nexusmods.com/morrowind/mods/3620	VALID_FROM_INDEX			
https://www.nexusmods.com/morrowind/mods/36373	VALID_FROM_INDEX			
https://www.nexusmods.com/morrowind/mods/36406	VALID_FROM_INDEX			
https://www.nexusmods.com/morrowind/mods/36711	VALID_FROM_INDEX			
https://www.nexusmods.com/morrowind/mods/36812	VALID_FROM_INDEX			
https://www.nexusmods.com/morrowind/mods/36876	VALID_FROM_INDEX			
https://www.nexusmods.com/morrowind/mods/372	VALID_FROM_INDEX			
https://www.nexusmods.com/morrowind/mods/37328	VALID_FROM_INDEX			
https://www.nexusmods.com/morrowind/mods/37400	VALID_FROM_INDEX			
https://www.nexusmods.com/morrowind/mods/37792	VALID_FROM_INDEX			
https://www.nexusmods.com/morrowind/mods/37795	VALID_FROM_INDEX			
https://www.nexusmods.com/morrowind/mods/37866	VALID_FROM_INDEX			
https://www.nexusmods.com/morrowind/mods/37963	VALID_FROM_INDEX			
https://www.nexusmods.com/morrowind/mods/3876	VALID_FROM_INDEX			
https://www.nexusmods.com/morrowind/mods/38773	VALID_FROM_INDEX			
https://www.nexusmods.com/morrowind/mods/3880	VALID_FROM_INDEX			
https://www.nexusmods.com/morrowind/mods/3881	VALID_FROM_INDEX			
https://www.nexusmods.com/morrowind/mods/3882	VALID_FROM_INDEX			
https://www.nexusmods.com/morrowind/mods/38826	VALID_FROM_INDEX			
https://www.nexusmods.com/morrowind/mods/38894	VALID_FROM_INDEX			
https://www.nexusmods.com/morrowind/mods/38976	VALID_FROM_INDEX			
https://www.nexusmods.com/morrowind/mods/39024	VALID_FROM_INDEX			
https://www.nexusmods.com/morrowind/mods/3906	VALID_FROM_INDEX			
https://www.nexusmods.com/morrowind/mods/3909	VALID_FROM_INDEX			
https://www.nexusmods.com/morrowind/mods/3915	VALID_FROM_INDEX			
https://www.nexusmods.com/morrowind/mods/39170	VALID_FROM_INDEX			
https://www.nexusmods.com/morrowind/mods/3919	VALID_FROM_INDEX			
https://www.nexusmods.com/morrowind/mods/39279	VALID_FROM_INDEX			
https://www.nexusmods.com/morrowind/mods/39308	VALID_FROM_INDEX			
https://www.nexusmods.com/morrowind/mods/39350	VALID_FROM_INDEX			
https://www.nexusmods.com/morrowind/mods/3936	VALID_FROM_INDEX			
https://www.nexusmods.com/morrowind/mods/3941	VALID_FROM_INDEX			
https://www.nexusmods.com/morrowind/mods/39539	VALID_FROM_INDEX			
https://www.nexusmods.com/morrowind/mods/39605	VALID_FROM_INDEX			
https://www.nexusmods.com/morrowind/mods/3970	VALID_FROM_INDEX			
https://www.nexusmods.com/morrowind/mods/39774	VALID_FROM_INDEX			
https://www.nexusmods.com/morrowind/mods/39836	VALID_FROM_INDEX			
https://www.nexusmods.com/morrowind/mods/40085	VALID_FROM_INDEX			
https://www.nexusmods.com/morrowind/mods/4022	VALID_FROM_INDEX			
https://www.nexusmods.com/morrowind/mods/40299	VALID_FROM_INDEX			
https://www.nexusmods.com/morrowind/mods/40702	VALID_FROM_INDEX			
https://www.nexusmods.com/morrowind/mods/40885	VALID_FROM_INDEX			
https://www.nexusmods.com/morrowind/mods/40947	VALID_FROM_INDEX			
https://www.nexusmods.com/morrowind/mods/41102	VALID_FROM_INDEX			
https://www.nexusmods.com/morrowind/mods/41220	VALID_FROM_INDEX			
https://www.nexusmods.com/morrowind/mods/41298	VALID_FROM_INDEX			
https://www.nexusmods.com/morrowind/mods/41337	VALID_FROM_INDEX			
https://www.nexusmods.com/morrowind/mods/41371	VALID_FROM_INDEX			
https://www.nexusmods.com/morrowind/mods/41588	VALID_FROM_INDEX			
https://www.nexusmods.com/morrowind/mods/41626	VALID_FROM_INDEX			
https://www.nexusmods.com/morrowind/mods/41658	VALID_FROM_INDEX			
https://www.nexusmods.com/morrowind/mods/417	VALID_FROM_INDEX			
https://www.nexusmods.com/morrowind/mods/41778	VALID_FROM_INDEX			
https://www.nexusmods.com/morrowind/mods/419	VALID_FROM_INDEX			
https://www.nexusmods.com/morrowind/mods/42042	VALID_FROM_INDEX			
https://www.nexusmods.com/morrowind/mods/42097	VALID_FROM_INDEX			
https://www.nexusmods.com/morrowind/mods/42101	VALID_FROM_INDEX			
https://www.nexusmods.com/morrowind/mods/42103	VALID_FROM_INDEX			
https://www.nexusmods.com/morrowind/mods/42106	VALID_FROM_INDEX			
https://www.nexusmods.com/morrowind/mods/42107	VALID_FROM_INDEX			
https://www.nexusmods.com/morrowind/mods/42111	VALID_FROM_INDEX			
https://www.nexusmods.com/morrowind/mods/42112	VALID_FROM_INDEX			
https://www.nexusmods.com/morrowind/mods/42119	VALID_FROM_INDEX			
https://www.nexusmods.com/morrowind/mods/42120	VALID_FROM_INDEX			
https://www.nexusmods.com/morrowind/mods/42123	VALID_FROM_INDEX			
https://www.nexusmods.com/morrowind/mods/42124	VALID_FROM_INDEX			
https://www.nexusmods.com/morrowind/mods/42125	VALID_FROM_INDEX			
https://www.nexusmods.com/morrowind/mods/42126	VALID_FROM_INDEX			
https://www.nexusmods.com/morrowind/mods/42137	VALID_FROM_INDEX			
https://www.nexusmods.com/morrowind/mods/42145	VALID_FROM_INDEX			
https://www.nexusmods.com/morrowind/mods/42145/	VALID_FROM_INDEX	https://www.nexusmods.com/morrowind/mods/42145	DERIVED	
https://www.nexusmods.com/morrowind/mods/42146	VALID_FROM_INDEX			
https://www.nexusmods.com/morrowind/mods/42155	VALID_FROM_INDEX			
https://www.nexusmods.com/morrowind/mods/42159	VALID_FROM_INDEX			
https://www.nexusmods.com/morrowind/mods/42172	VALID_FROM_INDEX			
https://www.nexusmods.com/morrowind/mods/42182	VALID_FROM_INDEX			
https://www.nexusmods.com/morrowind/mods/42189	VALID_FROM_INDEX			
https://www.nexusmods.com/morrowind/mods/42202	VALID_FROM_INDEX			
https://www.nexusmods.com/morrowind/mods/42209	VALID_FROM_INDEX			
https://www.nexusmods.com/morrowind/mods/42226	VALID_FROM_INDEX			
https://www.nexusmods.com/morrowind/mods/42238	VALID_FROM_INDEX			
https://www.nexusmods.com/morrowind/mods/42239	VALID_FROM_INDEX			
https://www.nexusmods.com/morrowind/mods/42240	VALID_FROM_INDEX			
https://www.nexusmods.com/morrowind/mods/42245	VALID_FROM_INDEX			
https://www.nexusmods.com/morrowind/mods/42246	VALID_FROM_INDEX			
https://www.nexusmods.com/morrowind/mods/42248	VALID_FROM_INDEX			
https://www.nexusmods.com/morrowind/mods/42255	VALID_FROM_INDEX			
https://www.nexusmods.com/morrowind/mods/42262	VALID_FROM_INDEX			
https://www.nexusmods.com/morrowind/mods/42266	VALID_FROM_INDEX			
https://www.nexusmods.com/morrowind/mods/42267	VALID_FROM_INDEX			
https://www.nexusmods.com/morrowind/mods/42270	VALID_FROM_INDEX			
https://www.nexusmods.com/morrowind/mods/42271	VALID_FROM_INDEX			
https://www.nexusmods.com/morrowind/mods/42272	VALID_FROM_INDEX			
https://www.nexusmods.com/morrowind/mods/42274	VALID_FROM_INDEX			
https://www.nexusmods.com/morrowind/mods/42282	VALID_FROM_INDEX			
https://www.nexusmods.com/morrowind/mods/42283	VALID_FROM_INDEX			
https://www.nexusmods.com/morrowind/mods/42291	VALID_FROM_INDEX			
https://www.nexusmods.com/morrowind/mods/42294	VALID_FROM_INDEX			
https://www.nexusmods.com/morrowind/mods/42299	VALID_FROM_INDEX			
https://www.nexusmods.com/morrowind/mods/42320	VALID_FROM_INDEX			
https://www.nexusmods.com/morrowind/mods/42325	VALID_FROM_INDEX			
https://www.nexusmods.com/morrowind/mods/42327	VALID_FROM_INDEX			
https://www.nexusmods.com/morrowind/mods/42333	VALID_FROM_INDEX			
https://www.nexusmods.com/morrowind/mods/42334	VALID_FROM_INDEX			
https://www.nexusmods.com/morrowind/mods/42342	VALID_FROM_INDEX			
https://www.nexusmods.com/morrowind/mods/42344	VALID_FROM_INDEX			
https://www.nexusmods.com/morrowind/mods/42347	VALID_FROM_INDEX			
https://www.nexusmods.com/morrowind/mods/42359	VALID_FROM_INDEX			
https://www.nexusmods.com/morrowind/mods/42373	VALID_FROM_INDEX			
https://www.nexusmods.com/morrowind/mods/42376	VALID_FROM_INDEX			
https://www.nexusmods.com/morrowind/mods/42377	VALID_FROM_INDEX			
https://www.nexusmods.com/morrowind/mods/42380	VALID_FROM_INDEX			
https://www.nexusmods.com/morrowind/mods/42395	VALID_FROM_INDEX			
https://www.nexusmods.com/morrowind/mods/42399	VALID_FROM_INDEX			
https://www.nexusmods.com/morrowind/mods/42417	VALID_FROM_INDEX			
https://www.nexusmods.com/morrowind/mods/42418	VALID_FROM_INDEX			
https://www.nexusmods.com/morrowind/mods/42428	VALID_FROM_INDEX			
https://www.nexusmods.com/morrowind/mods/42430	VALID_FROM_INDEX			
https://www.nexusmods.com/morrowind/mods/42448	VALID_FROM_INDEX			
https://www.nexusmods.com/morrowind/mods/42456	VALID_FROM_INDEX			
https://www.nexusmods.com/morrowind/mods/42458	VALID_FROM_INDEX			
https://www.nexusmods.com/morrowind/mods/42462	VALID_FROM_INDEX			
https://www.nexusmods.com/morrowind/mods/42463	VALID_FROM_INDEX			
https://www.nexusmods.com/morrowind/mods/42464	VALID_FROM_INDEX			
https://www.nexusmods.com/morrowind/mods/42479	VALID_FROM_INDEX			
https://www.nexusmods.com/morrowind/mods/42480	VALID_FROM_INDEX			
https://www.nexusmods.com/morrowind/mods/42483	VALID_FROM_INDEX			
https://www.nexusmods.com/morrowind/mods/42490	VALID_FROM_INDEX			
https://www.nexusmods.com/morrowind/mods/42491	VALID_FROM_INDEX			
https://www.nexusmods.com/morrowind/mods/42509	VALID_FROM_INDEX			
https://www.nexusmods.com/morrowind/mods/42524	VALID_FROM_INDEX			
https://www.nexusmods.com/morrowind/mods/42528	VALID_FROM_INDEX			
https://www.nexusmods.com/morrowind/mods/42536	VALID_FROM_INDEX			
https://www.nexusmods.com/morrowind/mods/42549	VALID_FROM_INDEX			
https://www.nexusmods.com/morrowind/mods/42560	VALID_FROM_INDEX			
https://www.nexusmods.com/morrowind/mods/42560/	VALID_FROM_INDEX	https://www.nexusmods.com/morrowind/mods/42560	DERIVED	
https://www.nexusmods.com/morrowind/mods/42565	VALID_FROM_INDEX			
https://www.nexusmods.com/morrowind/mods/42567	VALID_FROM_INDEX			
https://www.nexusmods.com/morrowind/mods/42578	VALID_FROM_INDEX			
https://www.nexusmods.com/morrowind/mods/42579	VALID_FROM_INDEX			
https://www.nexusmods.com/morrowind/mods/426	VALID_FROM_INDEX			
https://www.nexusmods.com/morrowind/mods/42609	VALID_FROM_INDEX			
https://www.nexusmods.com/morrowind/mods/42648	VALID_FROM_INDEX			
https://www.nexusmods.com/morrowind/mods/42652	VALID_FROM_INDEX			
https://www.nexusmods.com/morrowind/mods/42658	VALID_FROM_INDEX			
https://www.nexusmods.com/morrowind/mods/42685	VALID_FROM_INDEX			
https://www.nexusmods.com/morrowind/mods/42709	VALID_FROM_INDEX			
https://www.nexusmods.com/morrowind/mods/42715	VALID_FROM_INDEX			
https://www.nexusmods.com/morrowind/mods/42717	VALID_FROM_INDEX			
https://www.nexusmods.com/morrowind/mods/42719	VALID_FROM_INDEX			
https://www.nexusmods.com/morrowind/mods/42721	VALID_FROM_INDEX			
https://www.nexusmods.com/morrowind/mods/42723	VALID_FROM_INDEX			
https://www.nexusmods.com/morrowind/mods/42725	VALID_FROM_INDEX			
https://www.nexusmods.com/morrowind/mods/42729	VALID_FROM_INDEX			
https://www.nexusmods.com/morrowind/mods/42731	VALID_FROM_INDEX			
https://www.nexusmods.com/morrowind/mods/42773	VALID_FROM_INDEX			
https://www.nexusmods.com/morrowind/mods/42796	VALID_FROM_INDEX			
https://www.nexusmods.com/morrowind/mods/42832	VALID_FROM_INDEX			
https://www.nexusmods.com/morrowind/mods/42861	VALID_FROM_INDEX			
https://www.nexusmods.com/morrowind/mods/42871	VALID_FROM_INDEX			
https://www.nexusmods.com/morrowind/mods/42900	VALID_FROM_INDEX			
https://www.nexusmods.com/morrowind/mods/42905	VALID_FROM_INDEX			
https://www.nexusmods.com/morrowind/mods/42930	VALID_FROM_INDEX			
https://www.nexusmods.com/morrowind/mods/42933	VALID_FROM_INDEX			
https://www.nexusmods.com/morrowind/mods/42936	VALID_FROM_INDEX			
https://www.nexusmods.com/morrowind/mods/42939	VALID_FROM_INDEX			
https://www.nexusmods.com/morrowind/mods/42945	VALID_FROM_INDEX			
https://www.nexusmods.com/morrowind/mods/42979	VALID_FROM_INDEX			
https://www.nexusmods.com/morrowind/mods/42981	VALID_FROM_INDEX			
https://www.nexusmods.com/morrowind/mods/42982	VALID_FROM_INDEX			
https://www.nexusmods.com/morrowind/mods/42983	VALID_FROM_INDEX			
https://www.nexusmods.com/morrowind/mods/42984	VALID_FROM_INDEX			
https://www.nexusmods.com/morrowind/mods/42985	VALID_FROM_INDEX			
https://www.nexusmods.com/morrowind/mods/42986	VALID_FROM_INDEX			
https://www.nexusmods.com/morrowind/mods/42987	VALID_FROM_INDEX			
https://www.nexusmods.com/morrowind/mods/42988	VALID_FROM_INDEX			
https://www.nexusmods.com/morrowind/mods/42989	VALID_FROM_INDEX			
https://www.nexusmods.com/morrowind/mods/42990	VALID_FROM_INDEX			
https://www.nexusmods.com/morrowind/mods/42998	VALID_FROM_INDEX			
https://www.nexusmods.com/morrowind/mods/43008	VALID_FROM_INDEX			
https://www.nexusmods.com/morrowind/mods/43014	VALID_FROM_INDEX			
https://www.nexusmods.com/morrowind/mods/43016	VALID_FROM_INDEX			
https://www.nexusmods.com/morrowind/mods/43025	VALID_FROM_INDEX			
https://www.nexusmods.com/morrowind/mods/43027	VALID_FROM_INDEX			
https://www.nexusmods.com/morrowind/mods/43030	VALID_FROM_INDEX			
https://www.nexusmods.com/morrowind/mods/43037	VALID_FROM_INDEX			
https://www.nexusmods.com/morrowind/mods/43038	VALID_FROM_INDEX			
https://www.nexusmods.com/morrowind/mods/43045	VALID_FROM_INDEX			
https://www.nexusmods.com/morrowind/mods/43048	VALID_FROM_INDEX			
https://www.nexusmods.com/morrowind/mods/43056	VALID_FROM_INDEX			
https://www.nexusmods.com/morrowind/mods/43066	VALID_FROM_INDEX			
https://www.nexusmods.com/morrowind/mods/43070	VALID_FROM_INDEX			
https://www.nexusmods.com/morrowind/mods/43072	VALID_FROM_INDEX			
https://www.nexusmods.com/morrowind/mods/43097	VALID_FROM_INDEX			
https://www.nexusmods.com/morrowind/mods/43099	VALID_FROM_INDEX			
https://www.nexusmods.com/morrowind/mods/43107	VALID_FROM_INDEX			
https://www.nexusmods.com/morrowind/mods/43109	VALID_FROM_INDEX			
https://www.nexusmods.com/morrowind/mods/43111	VALID_FROM_INDEX			
https://www.nexusmods.com/morrowind/mods/43118	VALID_FROM_INDEX			
https://www.nexusmods.com/morrowind/mods/43120	VALID_FROM_INDEX			
https://www.nexusmods.com/morrowind/mods/43128	VALID_FROM_INDEX			
https://www.nexusmods.com/morrowind/mods/43138	VALID_FROM_INDEX			
https://www.nexusmods.com/morrowind/mods/43140	VALID_FROM_INDEX			
https://www.nexusmods.com/morrowind/mods/43141	VALID_FROM_INDEX			
https://www.nexusmods.com/morrowind/mods/43146	VALID_FROM_INDEX			
https://www.nexusmods.com/morrowind/mods/43162	VALID_FROM_INDEX			
https://www.nexusmods.com/morrowind/mods/43165	VALID_FROM_INDEX			
https://www.nexusmods.com/morrowind/mods/43166	VALID_FROM_INDEX			
https://www.nexusmods.com/morrowind/mods/43175	VALID_FROM_INDEX			
https://www.nexusmods.com/morrowind/mods/43181	VALID_FROM_INDEX			
https://www.nexusmods.com/morrowind/mods/43185	VALID_FROM_INDEX			
https://www.nexusmods.com/morrowind/mods/43190	VALID_FROM_INDEX			
https://www.nexusmods.com/morrowind/mods/43191	VALID_FROM_INDEX			
https://www.nexusmods.com/morrowind/mods/43192	VALID_FROM_INDEX			
https://www.nexusmods.com/morrowind/mods/43197	VALID_FROM_INDEX			
https://www.nexusmods.com/morrowind/mods/43202	VALID_FROM_INDEX			
https://www.nexusmods.com/morrowind/mods/43204	VALID_FROM_INDEX			
https://www.nexusmods.com/morrowind/mods/43205	VALID_FROM_INDEX			
https://www.nexusmods.com/morrowind/mods/43210	VALID_FROM_INDEX			
https://www.nexusmods.com/morrowind/mods/43213	VALID_FROM_INDEX			
https://www.nexusmods.com/morrowind/mods/43216	VALID_FROM_INDEX			
https://www.nexusmods.com/morrowind/mods/43222	VALID_FROM_INDEX			
https://www.nexusmods.com/morrowind/mods/43231	VALID_FROM_INDEX			
https://www.nexusmods.com/morrowind/mods/43236	VALID_FROM_INDEX			
https://www.nexusmods.com/morrowind/mods/43255	VALID_FROM_INDEX			
https://www.nexusmods.com/morrowind/mods/43267	VALID_FROM_INDEX			
https://www.nexusmods.com/morrowind/mods/43269	VALID_FROM_INDEX			
https://www.nexusmods.com/morrowind/mods/43275	VALID_FROM_INDEX			
https://www.nexusmods.com/morrowind/mods/43278	VALID_FROM_INDEX			
https://www.nexusmods.com/morrowind/mods/43281	VALID_FROM_INDEX			
https://www.nexusmods.com/morrowind/mods/43283	VALID_FROM_INDEX			
https://www.nexusmods.com/morrowind/mods/43291	VALID_FROM_INDEX			
https://www.nexusmods.com/morrowind/mods/43320	VALID_FROM_INDEX			
https://www.nexusmods.com/morrowind/mods/43331	VALID_FROM_INDEX			
https://www.nexusmods.com/morrowind/mods/43336	VALID_FROM_INDEX			
https://www.nexusmods.com/morrowind/mods/43337	VALID_FROM_INDEX			
https://www.nexusmods.com/morrowind/mods/43338	VALID_FROM_INDEX			
https://www.nexusmods.com/morrowind/mods/43339	VALID_FROM_INDEX			
https://www.nexusmods.com/morrowind/mods/43340	VALID_FROM_INDEX			
https://www.nexusmods.com/morrowind/mods/43355	VALID_FROM_INDEX			
https://www.nexusmods.com/morrowind/mods/43356	VALID_FROM_INDEX			
https://www.nexusmods.com/morrowind/mods/43358	VALID_FROM_INDEX			
https://www.nexusmods.com/morrowind/mods/43360	VALID_FROM_INDEX			
https://www.nexusmods.com/morrowind/mods/43366	VALID_FROM_INDEX			
https://www.nexusmods.com/morrowind/mods/43369	VALID_FROM_INDEX			
https://www.nexusmods.com/morrowind/mods/43372	VALID_FROM_INDEX			
https://www.nexusmods.com/morrowind/mods/43376	VALID_FROM_INDEX			
https://www.nexusmods.com/morrowind/mods/43380	VALID_FROM_INDEX			
https://www.nexusmods.com/morrowind/mods/43399	VALID_FROM_INDEX			
https://www.nexusmods.com/morrowind/mods/43408	VALID_FROM_INDEX			
https://www.nexusmods.com/morrowind/mods/43409	VALID_FROM_INDEX			
https://www.nexusmods.com/morrowind/mods/43414	VALID_FROM_INDEX			
https://www.nexusmods.com/morrowind/mods/43434	VALID_FROM_INDEX			
https://www.nexusmods.com/morrowind/mods/43436	VALID_FROM_INDEX			
https://www.nexusmods.com/morrowind/mods/43449	VALID_FROM_INDEX			
https://www.nexusmods.com/morrowind/mods/43463	VALID_FROM_INDEX			
https://www.nexusmods.com/morrowind/mods/43464	VALID_FROM_INDEX			
https://www.nexusmods.com/morrowind/mods/43480	VALID_FROM_INDEX			
https://www.nexusmods.com/morrowind/mods/43484	VALID_FROM_INDEX			
https://www.nexusmods.com/morrowind/mods/43500	VALID_FROM_INDEX			
https://www.nexusmods.com/morrowind/mods/43501	VALID_FROM_INDEX			
https://www.nexusmods.com/morrowind/mods/43522	VALID_FROM_INDEX			
https://www.nexusmods.com/morrowind/mods/43524	VALID_FROM_INDEX			
https://www.nexusmods.com/morrowind/mods/43528	VALID_FROM_INDEX			
https://www.nexusmods.com/morrowind/mods/43533	VALID_FROM_INDEX			
https://www.nexusmods.com/morrowind/mods/43544	VALID_FROM_INDEX			
https://www.nexusmods.com/morrowind/mods/43559	VALID_FROM_INDEX			
https://www.nexusmods.com/morrowind/mods/43561	VALID_FROM_INDEX			
https://www.nexusmods.com/morrowind/mods/43583	VALID_FROM_INDEX			
https://www.nexusmods.com/morrowind/mods/43588	VALID_FROM_INDEX			
https://www.nexusmods.com/morrowind/mods/43591	VALID_FROM_INDEX			
https://www.nexusmods.com/morrowind/mods/43595	VALID_FROM_INDEX			
https://www.nexusmods.com/morrowind/mods/43612	VALID_FROM_INDEX			
https://www.nexusmods.com/morrowind/mods/43623	VALID_FROM_INDEX			
https://www.nexusmods.com/morrowind/mods/43631	VALID_FROM_INDEX			
https://www.nexusmods.com/morrowind/mods/43635	VALID_FROM_INDEX			
https://www.nexusmods.com/morrowind/mods/43648	VALID_FROM_INDEX			
https://www.nexusmods.com/morrowind/mods/43649	VALID_FROM_INDEX			
https://www.nexusmods.com/morrowind/mods/43666	VALID_FROM_INDEX			
https://www.nexusmods.com/morrowind/mods/43689	VALID_FROM_INDEX			
https://www.nexusmods.com/morrowind/mods/43714	VALID_FROM_INDEX			
https://www.nexusmods.com/morrowind/mods/43749	VALID_FROM_INDEX			
https://www.nexusmods.com/morrowind/mods/43753	VALID_FROM_INDEX			
https://www.nexusmods.com/morrowind/mods/43755	VALID_FROM_INDEX			
https://www.nexusmods.com/morrowind/mods/43782	VALID_FROM_INDEX			
https://www.nexusmods.com/morrowind/mods/43786	VALID_FROM_INDEX			
https://www.nexusmods.com/morrowind/mods/43789	VALID_FROM_INDEX			
https://www.nexusmods.com/morrowind/mods/43794	VALID_FROM_INDEX			
https://www.nexusmods.com/morrowind/mods/43804	VALID_FROM_INDEX			
https://www.nexusmods.com/morrowind/mods/43818	VALID_FROM_INDEX			
https://www.nexusmods.com/morrowind/mods/43826	VALID_FROM_INDEX			
https://www.nexusmods.com/morrowind/mods/43828	VALID_FROM_INDEX			
https://www.nexusmods.com/morrowind/mods/43828/	VALID_FROM_INDEX	https://www.nexusmods.com/morrowind/mods/43828	DERIVED	
https://www.nexusmods.com/morrowind/mods/43829	VALID_FROM_INDEX			
https://www.nexusmods.com/morrowind/mods/43834	VALID_FROM_INDEX			
https://www.nexusmods.com/morrowind/mods/43838	VALID_FROM_INDEX			
https://www.nexusmods.com/morrowind/mods/43873	VALID_FROM_INDEX			
https://www.nexusmods.com/morrowind/mods/43880	VALID_FROM_INDEX			
https://www.nexusmods.com/morrowind/mods/43893	VALID_FROM_INDEX			
https://www.nexusmods.com/morrowind/mods/43931	VALID_FROM_INDEX			
https://www.nexusmods.com/morrowind/mods/43931/	VALID_FROM_INDEX	https://www.nexusmods.com/morrowind/mods/43931	DERIVED	
https://www.nexusmods.com/morrowind/mods/43960	VALID_FROM_INDEX			
https://www.nexusmods.com/morrowind/mods/43961	VALID_FROM_INDEX			
https://www.nexusmods.com/morrowind/mods/43986	VALID_FROM_INDEX			
https://www.nexusmods.com/morrowind/mods/43999	VALID_FROM_INDEX			
https://www.nexusmods.com/morrowind/mods/440	VALID_FROM_INDEX			
https://www.nexusmods.com/morrowind/mods/44001	VALID_FROM_INDEX			
https://www.nexusmods.com/morrowind/mods/44005	VALID_FROM_INDEX			
https://www.nexusmods.com/morrowind/mods/44012	VALID_FROM_INDEX			
https://www.nexusmods.com/morrowind/mods/44021	VALID_FROM_INDEX			
https://www.nexusmods.com/morrowind/mods/44024	VALID_FROM_INDEX			
https://www.nexusmods.com/morrowind/mods/44031	VALID_FROM_INDEX			
https://www.nexusmods.com/morrowind/mods/44032	VALID_FROM_INDEX			
https://www.nexusmods.com/morrowind/mods/44037	VALID_FROM_INDEX			
https://www.nexusmods.com/morrowind/mods/44038	VALID_FROM_INDEX			
https://www.nexusmods.com/morrowind/mods/44062	VALID_FROM_INDEX			
https://www.nexusmods.com/morrowind/mods/44081	VALID_FROM_INDEX			
https://www.nexusmods.com/morrowind/mods/44085	VALID_FROM_INDEX			
https://www.nexusmods.com/morrowind/mods/44096	VALID_FROM_INDEX			
https://www.nexusmods.com/morrowind/mods/44097	VALID_FROM_INDEX			
https://www.nexusmods.com/morrowind/mods/44133	VALID_FROM_INDEX			
https://www.nexusmods.com/morrowind/mods/44136	VALID_FROM_INDEX			
https://www.nexusmods.com/morrowind/mods/44141	VALID_FROM_INDEX			
https://www.nexusmods.com/morrowind/mods/44148	VALID_FROM_INDEX			
https://www.nexusmods.com/morrowind/mods/44149	VALID_FROM_INDEX			
https://www.nexusmods.com/morrowind/mods/44194	VALID_FROM_INDEX			
https://www.nexusmods.com/morrowind/mods/44214	VALID_FROM_INDEX			
https://www.nexusmods.com/morrowind/mods/44215	VALID_FROM_INDEX			
https://www.nexusmods.com/morrowind/mods/44246	VALID_FROM_INDEX			
https://www.nexusmods.com/morrowind/mods/44267	VALID_FROM_INDEX			
https://www.nexusmods.com/morrowind/mods/44276	VALID_FROM_INDEX			
https://www.nexusmods.com/morrowind/mods/44279	VALID_FROM_INDEX			
https://www.nexusmods.com/morrowind/mods/44283	VALID_FROM_INDEX			
https://www.nexusmods.com/morrowind/mods/44286	VALID_FROM_INDEX			
https://www.nexusmods.com/morrowind/mods/443	VALID_FROM_INDEX			
https://www.nexusmods.com/morrowind/mods/44318	VALID_FROM_INDEX			
https://www.nexusmods.com/morrowind/mods/44321	VALID_FROM_INDEX			
https://www.nexusmods.com/morrowind/mods/44324	VALID_FROM_INDEX			
https://www.nexusmods.com/morrowind/mods/44331	VALID_FROM_INDEX			
https://www.nexusmods.com/morrowind/mods/44339	VALID_FROM_INDEX			
https://www.nexusmods.com/morrowind/mods/44341	VALID_FROM_INDEX			
https://www.nexusmods.com/morrowind/mods/44345	VALID_FROM_INDEX			
https://www.nexusmods.com/morrowind/mods/44351	VALID_FROM_INDEX			
https://www.nexusmods.com/morrowind/mods/44363	VALID_FROM_INDEX			
https://www.nexusmods.com/morrowind/mods/44382	VALID_FROM_INDEX			
https://www.nexusmods.com/morrowind/mods/44387	VALID_FROM_INDEX			
https://www.nexusmods.com/morrowind/mods/44398	VALID_FROM_INDEX			
https://www.nexusmods.com/morrowind/mods/44423	VALID_FROM_INDEX			
https://www.nexusmods.com/morrowind/mods/44464	VALID_FROM_INDEX			
https://www.nexusmods.com/morrowind/mods/44468	VALID_FROM_INDEX			
https://www.nexusmods.com/morrowind/mods/44469	VALID_FROM_INDEX			
https://www.nexusmods.com/morrowind/mods/44469/	VALID_FROM_INDEX	https://www.nexusmods.com/morrowind/mods/44469	DERIVED	
https://www.nexusmods.com/morrowind/mods/44489	VALID_FROM_INDEX			
https://www.nexusmods.com/morrowind/mods/445	VALID_FROM_INDEX			
https://www.nexusmods.com/morrowind/mods/44502	VALID_FROM_INDEX			
https://www.nexusmods.com/morrowind/mods/44503	VALID_FROM_INDEX			
https://www.nexusmods.com/morrowind/mods/44524	VALID_FROM_INDEX			
https://www.nexusmods.com/morrowind/mods/44531	VALID_FROM_INDEX			
https://www.nexusmods.com/morrowind/mods/44537	VALID_FROM_INDEX			
https://www.nexusmods.com/morrowind/mods/44537/	VALID_FROM_INDEX	https://www.nexusmods.com/morrowind/mods/44537	DERIVED	
https://www.nexusmods.com/morrowind/mods/44553	VALID_FROM_INDEX			
https://www.nexusmods.com/morrowind/mods/44574	VALID_FROM_INDEX			
https://www.nexusmods.com/morrowind/mods/44575	VALID_FROM_INDEX			
https://www.nexusmods.com/morrowind/mods/44592	VALID_FROM_INDEX			
https://www.nexusmods.com/morrowind/mods/44594	VALID_FROM_INDEX			
https://www.nexusmods.com/morrowind/mods/44595	VALID_FROM_INDEX			
https://www.nexusmods.com/morrowind/mods/44604	VALID_FROM_INDEX			
https://www.nexusmods.com/morrowind/mods/44607	VALID_FROM_INDEX			
https://www.nexusmods.com/morrowind/mods/44629	VALID_FROM_INDEX			
https://www.nexusmods.com/morrowind/mods/44646	VALID_FROM_INDEX			
https://www.nexusmods.com/morrowind/mods/44653	VALID_FROM_INDEX			
https://www.nexusmods.com/morrowind/mods/44656	VALID_FROM_INDEX			
https://www.nexusmods.com/morrowind/mods/44659	VALID_FROM_INDEX			
https://www.nexusmods.com/morrowind/mods/44660	VALID_FROM_INDEX			
https://www.nexusmods.com/morrowind/mods/44672	VALID_FROM_INDEX			
https://www.nexusmods.com/morrowind/mods/44675	VALID_FROM_INDEX			
https://www.nexusmods.com/morrowind/mods/44678	VALID_FROM_INDEX			
https://www.nexusmods.com/morrowind/mods/44688	VALID_FROM_INDEX			
https://www.nexusmods.com/morrowind/mods/44693	VALID_FROM_INDEX			
https://www.nexusmods.com/morrowind/mods/447	VALID_FROM_INDEX			
https://www.nexusmods.com/morrowind/mods/44713	VALID_FROM_INDEX			
https://www.nexusmods.com/morrowind/mods/44715	VALID_FROM_INDEX			
https://www.nexusmods.com/morrowind/mods/44725	VALID_FROM_INDEX			
https://www.nexusmods.com/morrowind/mods/44787	VALID_FROM_INDEX			
https://www.nexusmods.com/morrowind/mods/44808	VALID_FROM_INDEX			
https://www.nexusmods.com/morrowind/mods/44819	VALID_FROM_INDEX			
https://www.nexusmods.com/morrowind/mods/44823	VALID_FROM_INDEX			
https://www.nexusmods.com/morrowind/mods/44834	VALID_FROM_INDEX			
https://www.nexusmods.com/morrowind/mods/44837	VALID_FROM_INDEX			
https://www.nexusmods.com/morrowind/mods/44875	VALID_FROM_INDEX			
https://www.nexusmods.com/morrowind/mods/44881	VALID_FROM_INDEX			
https://www.nexusmods.com/morrowind/mods/44893	VALID_FROM_INDEX			
https://www.nexusmods.com/morrowind/mods/44897	VALID_FROM_INDEX			
https://www.nexusmods.com/morrowind/mods/44901	VALID_FROM_INDEX			
https://www.nexusmods.com/morrowind/mods/44921	VALID_FROM_INDEX			
https://www.nexusmods.com/morrowind/mods/44922	VALID_FROM_INDEX			
https://www.nexusmods.com/morrowind/mods/44928	VALID_FROM_INDEX			
https://www.nexusmods.com/morrowind/mods/44933	VALID_FROM_INDEX			
https://www.nexusmods.com/morrowind/mods/44961	VALID_FROM_INDEX			
https://www.nexusmods.com/morrowind/mods/44961/	VALID_FROM_INDEX	https://www.nexusmods.com/morrowind/mods/44961	DERIVED	
https://www.nexusmods.com/morrowind/mods/44981	VALID_FROM_INDEX			
https://www.nexusmods.com/morrowind/mods/44982	VALID_FROM_INDEX			
https://www.nexusmods.com/morrowind/mods/44983	VALID_FROM_INDEX			
https://www.nexusmods.com/morrowind/mods/44992	VALID_FROM_INDEX			
https://www.nexusmods.com/morrowind/mods/45005	VALID_FROM_INDEX			
https://www.nexusmods.com/morrowind/mods/45022	VALID_FROM_INDEX			
https://www.nexusmods.com/morrowind/mods/45035	VALID_FROM_INDEX			
https://www.nexusmods.com/morrowind/mods/45037	VALID_FROM_INDEX			
https://www.nexusmods.com/morrowind/mods/45096	VALID_FROM_INDEX			
https://www.nexusmods.com/morrowind/mods/45096/	VALID_FROM_INDEX	https://www.nexusmods.com/morrowind/mods/45096	DERIVED	
https://www.nexusmods.com/morrowind/mods/45105	VALID_FROM_INDEX			
https://www.nexusmods.com/morrowind/mods/45140	VALID_FROM_INDEX			
https://www.nexusmods.com/morrowind/mods/45155	VALID_FROM_INDEX			
https://www.nexusmods.com/morrowind/mods/45163	VALID_FROM_INDEX			
https://www.nexusmods.com/morrowind/mods/45165	VALID_FROM_INDEX			
https://www.nexusmods.com/morrowind/mods/45190	VALID_FROM_INDEX			
https://www.nexusmods.com/morrowind/mods/45194	VALID_FROM_INDEX			
https://www.nexusmods.com/morrowind/mods/45207	VALID_FROM_INDEX			
https://www.nexusmods.com/morrowind/mods/45208	VALID_FROM_INDEX			
https://www.nexusmods.com/morrowind/mods/45220	VALID_FROM_INDEX			
https://www.nexusmods.com/morrowind/mods/45222	VALID_FROM_INDEX			
https://www.nexusmods.com/morrowind/mods/45225	VALID_FROM_INDEX			
https://www.nexusmods.com/morrowind/mods/45228	VALID_FROM_INDEX			
https://www.nexusmods.com/morrowind/mods/45229	VALID_FROM_INDEX			
https://www.nexusmods.com/morrowind/mods/45253	VALID_FROM_INDEX			
https://www.nexusmods.com/morrowind/mods/45316	VALID_FROM_INDEX			
https://www.nexusmods.com/morrowind/mods/45331	VALID_FROM_INDEX			
https://www.nexusmods.com/morrowind/mods/45367	VALID_FROM_INDEX			
https://www.nexusmods.com/morrowind/mods/45370	VALID_FROM_INDEX			
https://www.nexusmods.com/morrowind/mods/45391	VALID_FROM_INDEX			
https://www.nexusmods.com/morrowind/mods/45400	VALID_FROM_INDEX			
https://www.nexusmods.com/morrowind/mods/45406	VALID_FROM_INDEX			
https://www.nexusmods.com/morrowind/mods/45410	VALID_FROM_INDEX			
https://www.nexusmods.com/morrowind/mods/45412	VALID_FROM_INDEX			
https://www.nexusmods.com/morrowind/mods/45420	VALID_FROM_INDEX			
https://www.nexusmods.com/morrowind/mods/45439	VALID_FROM_INDEX			
https://www.nexusmods.com/morrowind/mods/45447	VALID_FROM_INDEX			
https://www.nexusmods.com/morrowind/mods/45450	VALID_FROM_INDEX			
https://www.nexusmods.com/morrowind/mods/45464	VALID_FROM_INDEX			
https://www.nexusmods.com/morrowind/mods/45467	VALID_FROM_INDEX			
https://www.nexusmods.com/morrowind/mods/45506	VALID_FROM_INDEX			
https://www.nexusmods.com/morrowind/mods/45520	VALID_FROM_INDEX			
https://www.nexusmods.com/morrowind/mods/45522	VALID_FROM_INDEX			
https://www.nexusmods.com/morrowind/mods/45529	VALID_FROM_INDEX			
https://www.nexusmods.com/morrowind/mods/45536	VALID_FROM_INDEX			
https://www.nexusmods.com/morrowind/mods/45542	VALID_FROM_INDEX			
https://www.nexusmods.com/morrowind/mods/45549	VALID_FROM_INDEX			
https://www.nexusmods.com/morrowind/mods/45553	VALID_FROM_INDEX			
https://www.nexusmods.com/morrowind/mods/45564	VALID_FROM_INDEX			
https://www.nexusmods.com/morrowind/mods/45567	VALID_FROM_INDEX			
https://www.nexusmods.com/morrowind/mods/45570	VALID_FROM_INDEX			
https://www.nexusmods.com/morrowind/mods/45611	VALID_FROM_INDEX			
https://www.nexusmods.com/morrowind/mods/45616	VALID_FROM_INDEX			
https://www.nexusmods.com/morrowind/mods/45633	VALID_FROM_INDEX			
https://www.nexusmods.com/morrowind/mods/45666	VALID_FROM_INDEX			
https://www.nexusmods.com/morrowind/mods/45674	VALID_FROM_INDEX			
https://www.nexusmods.com/morrowind/mods/45683	VALID_FROM_INDEX			
https://www.nexusmods.com/morrowind/mods/45713	VALID_FROM_INDEX			
https://www.nexusmods.com/morrowind/mods/45714	VALID_FROM_INDEX			
https://www.nexusmods.com/morrowind/mods/45729	VALID_FROM_INDEX			
https://www.nexusmods.com/morrowind/mods/45739	VALID_FROM_INDEX			
https://www.nexusmods.com/morrowind/mods/45742	VALID_FROM_INDEX			
https://www.nexusmods.com/morrowind/mods/45756	VALID_FROM_INDEX			
https://www.nexusmods.com/morrowind/mods/45766	VALID_FROM_INDEX			
https://www.nexusmods.com/morrowind/mods/45786	VALID_FROM_INDEX			
https://www.nexusmods.com/morrowind/mods/458	VALID_FROM_INDEX			
https://www.nexusmods.com/morrowind/mods/45817	VALID_FROM_INDEX			
https://www.nexusmods.com/morrowind/mods/45822	VALID_FROM_INDEX			
https://www.nexusmods.com/morrowind/mods/45826	VALID_FROM_INDEX			
https://www.nexusmods.com/morrowind/mods/45832	VALID_FROM_INDEX			
https://www.nexusmods.com/morrowind/mods/45832/	VALID_FROM_INDEX	https://www.nexusmods.com/morrowind/mods/45832	DERIVED	
https://www.nexusmods.com/morrowind/mods/45865	VALID_FROM_INDEX			
https://www.nexusmods.com/morrowind/mods/45875	VALID_FROM_INDEX			
https://www.nexusmods.com/morrowind/mods/4588	VALID_FROM_INDEX			
https://www.nexusmods.com/morrowind/mods/45884	VALID_FROM_INDEX			
https://www.nexusmods.com/morrowind/mods/45894	VALID_FROM_INDEX			
https://www.nexusmods.com/morrowind/mods/45904	VALID_FROM_INDEX			
https://www.nexusmods.com/morrowind/mods/45904/	VALID_FROM_INDEX	https://www.nexusmods.com/morrowind/mods/45904	DERIVED	
https://www.nexusmods.com/morrowind/mods/45905	VALID_FROM_INDEX			
https://www.nexusmods.com/morrowind/mods/45907	VALID_FROM_INDEX			
https://www.nexusmods.com/morrowind/mods/45918/	VALID_FROM_INDEX	https://www.nexusmods.com/morrowind/mods/45918	DERIVED	
https://www.nexusmods.com/morrowind/mods/45919	VALID_FROM_INDEX			
https://www.nexusmods.com/morrowind/mods/45946	VALID_FROM_INDEX			
https://www.nexusmods.com/morrowind/mods/45973	VALID_FROM_INDEX			
https://www.nexusmods.com/morrowind/mods/45976	VALID_FROM_INDEX			
https://www.nexusmods.com/morrowind/mods/45988	VALID_FROM_INDEX			
https://www.nexusmods.com/morrowind/mods/45994	VALID_FROM_INDEX			
https://www.nexusmods.com/morrowind/mods/460	VALID_FROM_INDEX			
https://www.nexusmods.com/morrowind/mods/46012	VALID_FROM_INDEX			
https://www.nexusmods.com/morrowind/mods/46015	VALID_FROM_INDEX			
https://www.nexusmods.com/morrowind/mods/46018	VALID_FROM_INDEX			
https://www.nexusmods.com/morrowind/mods/46030	VALID_FROM_INDEX			
https://www.nexusmods.com/morrowind/mods/46036	VALID_FROM_INDEX			
https://www.nexusmods.com/morrowind/mods/46057	VALID_FROM_INDEX			
https://www.nexusmods.com/morrowind/mods/46063	VALID_FROM_INDEX			
https://www.nexusmods.com/morrowind/mods/46073	VALID_FROM_INDEX			
https://www.nexusmods.com/morrowind/mods/46074	VALID_FROM_INDEX			
https://www.nexusmods.com/morrowind/mods/46082	VALID_FROM_INDEX			
https://www.nexusmods.com/morrowind/mods/46093	VALID_FROM_INDEX			
https://www.nexusmods.com/morrowind/mods/46093/	VALID_FROM_INDEX	https://www.nexusmods.com/morrowind/mods/46093	DERIVED	
https://www.nexusmods.com/morrowind/mods/46096	VALID_FROM_INDEX			
https://www.nexusmods.com/morrowind/mods/46098	VALID_FROM_INDEX			
https://www.nexusmods.com/morrowind/mods/46105	VALID_FROM_INDEX			
https://www.nexusmods.com/morrowind/mods/46108	VALID_FROM_INDEX			
https://www.nexusmods.com/morrowind/mods/46117	VALID_FROM_INDEX			
https://www.nexusmods.com/morrowind/mods/46124	VALID_FROM_INDEX			
https://www.nexusmods.com/morrowind/mods/46126	VALID_FROM_INDEX			
https://www.nexusmods.com/morrowind/mods/46129	VALID_FROM_INDEX			
https://www.nexusmods.com/morrowind/mods/46137	VALID_FROM_INDEX			
https://www.nexusmods.com/morrowind/mods/46151	VALID_FROM_INDEX			
https://www.nexusmods.com/morrowind/mods/46154	VALID_FROM_INDEX			
https://www.nexusmods.com/morrowind/mods/46160	VALID_FROM_INDEX			
https://www.nexusmods.com/morrowind/mods/46161	VALID_FROM_INDEX			
https://www.nexusmods.com/morrowind/mods/46162	VALID_FROM_INDEX			
https://www.nexusmods.com/morrowind/mods/46165	VALID_FROM_INDEX			
https://www.nexusmods.com/morrowind/mods/46166	VALID_FROM_INDEX			
https://www.nexusmods.com/morrowind/mods/46172	VALID_FROM_INDEX			
https://www.nexusmods.com/morrowind/mods/46177	VALID_FROM_INDEX			
https://www.nexusmods.com/morrowind/mods/46177/	VALID_FROM_INDEX	https://www.nexusmods.com/morrowind/mods/46177	DERIVED	
https://www.nexusmods.com/morrowind/mods/46198	VALID_FROM_INDEX			
https://www.nexusmods.com/morrowind/mods/46213	VALID_FROM_INDEX			
https://www.nexusmods.com/morrowind/mods/46224	VALID_FROM_INDEX			
https://www.nexusmods.com/morrowind/mods/46234	VALID_FROM_INDEX			
https://www.nexusmods.com/morrowind/mods/46242	VALID_FROM_INDEX			
https://www.nexusmods.com/morrowind/mods/46245	VALID_FROM_INDEX			
https://www.nexusmods.com/morrowind/mods/46281	VALID_FROM_INDEX			
https://www.nexusmods.com/morrowind/mods/46286	VALID_FROM_INDEX			
https://www.nexusmods.com/morrowind/mods/46310	VALID_FROM_INDEX			
https://www.nexusmods.com/morrowind/mods/46320	VALID_FROM_INDEX			
https://www.nexusmods.com/morrowind/mods/46338	VALID_FROM_INDEX			
https://www.nexusmods.com/morrowind/mods/46350	VALID_FROM_INDEX			
https://www.nexusmods.com/morrowind/mods/46364	VALID_FROM_INDEX			
https://www.nexusmods.com/morrowind/mods/46364/	VALID_FROM_INDEX	https://www.nexusmods.com/morrowind/mods/46364	DERIVED	
https://www.nexusmods.com/morrowind/mods/46370	VALID_FROM_INDEX			
https://www.nexusmods.com/morrowind/mods/46372	VALID_FROM_INDEX			
https://www.nexusmods.com/morrowind/mods/46377	VALID_FROM_INDEX			
https://www.nexusmods.com/morrowind/mods/46388	VALID_FROM_INDEX			
https://www.nexusmods.com/morrowind/mods/46406	VALID_FROM_INDEX			
https://www.nexusmods.com/morrowind/mods/46424	VALID_FROM_INDEX			
https://www.nexusmods.com/morrowind/mods/46433	VALID_FROM_INDEX			
https://www.nexusmods.com/morrowind/mods/46457	VALID_FROM_INDEX			
https://www.nexusmods.com/morrowind/mods/46552	VALID_FROM_INDEX			
https://www.nexusmods.com/morrowind/mods/46553	VALID_FROM_INDEX			
https://www.nexusmods.com/morrowind/mods/46565	VALID_FROM_INDEX			
https://www.nexusmods.com/morrowind/mods/46573	VALID_FROM_INDEX			
https://www.nexusmods.com/morrowind/mods/46599	VALID_FROM_INDEX			
https://www.nexusmods.com/morrowind/mods/46599/	VALID_FROM_INDEX	https://www.nexusmods.com/morrowind/mods/46599	DERIVED	
https://www.nexusmods.com/morrowind/mods/46615	VALID_FROM_INDEX			
https://www.nexusmods.com/morrowind/mods/46656	VALID_FROM_INDEX			
https://www.nexusmods.com/morrowind/mods/46657	VALID_FROM_INDEX			
https://www.nexusmods.com/morrowind/mods/46691	VALID_FROM_INDEX			
https://www.nexusmods.com/morrowind/mods/46716	VALID_FROM_INDEX			
https://www.nexusmods.com/morrowind/mods/46720	VALID_FROM_INDEX			
https://www.nexusmods.com/morrowind/mods/46733	VALID_FROM_INDEX			
https://www.nexusmods.com/morrowind/mods/46733/	VALID_FROM_INDEX	https://www.nexusmods.com/morrowind/mods/46733	DERIVED	
https://www.nexusmods.com/morrowind/mods/46750	VALID_FROM_INDEX			
https://www.nexusmods.com/morrowind/mods/46772	VALID_FROM_INDEX			
https://www.nexusmods.com/morrowind/mods/46786	VALID_FROM_INDEX			
https://www.nexusmods.com/morrowind/mods/46810	VALID_FROM_INDEX			
https://www.nexusmods.com/morrowind/mods/46816	VALID_FROM_INDEX			
https://www.nexusmods.com/morrowind/mods/46826	VALID_FROM_INDEX			
https://www.nexusmods.com/morrowind/mods/46860	VALID_FROM_INDEX			
https://www.nexusmods.com/morrowind/mods/46865	VALID_FROM_INDEX			
https://www.nexusmods.com/morrowind/mods/46886	VALID_FROM_INDEX			
https://www.nexusmods.com/morrowind/mods/46889	VALID_FROM_INDEX			
https://www.nexusmods.com/morrowind/mods/46913	VALID_FROM_INDEX			
https://www.nexusmods.com/morrowind/mods/46913/	VALID_FROM_INDEX	https://www.nexusmods.com/morrowind/mods/46913	DERIVED	
https://www.nexusmods.com/morrowind/mods/46920	VALID_FROM_INDEX			
https://www.nexusmods.com/morrowind/mods/46935	VALID_FROM_INDEX			
https://www.nexusmods.com/morrowind/mods/46952	VALID_FROM_INDEX			
https://www.nexusmods.com/morrowind/mods/46975	VALID_FROM_INDEX			
https://www.nexusmods.com/morrowind/mods/46991	VALID_FROM_INDEX			
https://www.nexusmods.com/morrowind/mods/47029	VALID_FROM_INDEX			
https://www.nexusmods.com/morrowind/mods/47040	VALID_FROM_INDEX			
https://www.nexusmods.com/morrowind/mods/47041	VALID_FROM_INDEX			
https://www.nexusmods.com/morrowind/mods/47061	VALID_FROM_INDEX			
https://www.nexusmods.com/morrowind/mods/47068	VALID_FROM_INDEX			
https://www.nexusmods.com/morrowind/mods/47121	VALID_FROM_INDEX			
https://www.nexusmods.com/morrowind/mods/47129	VALID_FROM_INDEX			
https://www.nexusmods.com/morrowind/mods/47130	VALID_FROM_INDEX			
https://www.nexusmods.com/morrowind/mods/47133	VALID_FROM_INDEX			
https://www.nexusmods.com/morrowind/mods/47135	VALID_FROM_INDEX			
https://www.nexusmods.com/morrowind/mods/47136	VALID_FROM_INDEX			
https://www.nexusmods.com/morrowind/mods/47137	VALID_FROM_INDEX			
https://www.nexusmods.com/morrowind/mods/47138	VALID_FROM_INDEX			
https://www.nexusmods.com/morrowind/mods/47152	VALID_FROM_INDEX			
https://www.nexusmods.com/morrowind/mods/47160	VALID_FROM_INDEX			
https://www.nexusmods.com/morrowind/mods/47172	VALID_FROM_INDEX			
https://www.nexusmods.com/morrowind/mods/47173	VALID_FROM_INDEX			
https://www.nexusmods.com/morrowind/mods/47202	VALID_FROM_INDEX			
https://www.nexusmods.com/morrowind/mods/47206	VALID_FROM_INDEX			
https://www.nexusmods.com/morrowind/mods/47219	VALID_FROM_INDEX			
https://www.nexusmods.com/morrowind/mods/47224	VALID_FROM_INDEX			
https://www.nexusmods.com/morrowind/mods/47224/	VALID_FROM_INDEX	https://www.nexusmods.com/morrowind/mods/47224	DERIVED	
https://www.nexusmods.com/morrowind/mods/47232	VALID_FROM_INDEX			
https://www.nexusmods.com/morrowind/mods/47245	VALID_FROM_INDEX			
https://www.nexusmods.com/morrowind/mods/47253	VALID_FROM_INDEX			
https://www.nexusmods.com/morrowind/mods/47269	VALID_FROM_INDEX			
https://www.nexusmods.com/morrowind/mods/47276	VALID_FROM_INDEX			
https://www.nexusmods.com/morrowind/mods/47301	VALID_FROM_INDEX			
https://www.nexusmods.com/morrowind/mods/47305	VALID_FROM_INDEX			
https://www.nexusmods.com/morrowind/mods/47307	VALID_FROM_INDEX			
https://www.nexusmods.com/morrowind/mods/47314	VALID_FROM_INDEX			
https://www.nexusmods.com/morrowind/mods/47322	VALID_FROM_INDEX			
https://www.nexusmods.com/morrowind/mods/47324	VALID_FROM_INDEX			
https://www.nexusmods.com/morrowind/mods/47358	VALID_FROM_INDEX			
https://www.nexusmods.com/morrowind/mods/47392	VALID_FROM_INDEX			
https://www.nexusmods.com/morrowind/mods/47414	VALID_FROM_INDEX			
https://www.nexusmods.com/morrowind/mods/47424	VALID_FROM_INDEX			
https://www.nexusmods.com/morrowind/mods/47425	VALID_FROM_INDEX			
https://www.nexusmods.com/morrowind/mods/47435	VALID_FROM_INDEX			
https://www.nexusmods.com/morrowind/mods/47455	VALID_FROM_INDEX			
https://www.nexusmods.com/morrowind/mods/47461	VALID_FROM_INDEX			
https://www.nexusmods.com/morrowind/mods/47465	VALID_FROM_INDEX			
https://www.nexusmods.com/morrowind/mods/47466	VALID_FROM_INDEX			
https://www.nexusmods.com/morrowind/mods/47466/	VALID_FROM_INDEX	https://www.nexusmods.com/morrowind/mods/47466	DERIVED	
https://www.nexusmods.com/morrowind/mods/47487	VALID_FROM_INDEX			
https://www.nexusmods.com/morrowind/mods/47490	VALID_FROM_INDEX			
https://www.nexusmods.com/morrowind/mods/47509	VALID_FROM_INDEX			
https://www.nexusmods.com/morrowind/mods/47517	VALID_FROM_INDEX			
https://www.nexusmods.com/morrowind/mods/47519	VALID_FROM_INDEX			
https://www.nexusmods.com/morrowind/mods/47520	VALID_FROM_INDEX			
https://www.nexusmods.com/morrowind/mods/47543	VALID_FROM_INDEX			
https://www.nexusmods.com/morrowind/mods/47549	VALID_FROM_INDEX			
https://www.nexusmods.com/morrowind/mods/47557	VALID_FROM_INDEX			
https://www.nexusmods.com/morrowind/mods/47557/	VALID_FROM_INDEX	https://www.nexusmods.com/morrowind/mods/47557	DERIVED	
https://www.nexusmods.com/morrowind/mods/47573	VALID_FROM_INDEX			
https://www.nexusmods.com/morrowind/mods/47583	VALID_FROM_INDEX			
https://www.nexusmods.com/morrowind/mods/47588	VALID_FROM_INDEX			
https://www.nexusmods.com/morrowind/mods/47602	VALID_FROM_INDEX			
https://www.nexusmods.com/morrowind/mods/47605	VALID_FROM_INDEX			
https://www.nexusmods.com/morrowind/mods/47614	VALID_FROM_INDEX			
https://www.nexusmods.com/morrowind/mods/47641	VALID_FROM_INDEX			
https://www.nexusmods.com/morrowind/mods/47657	VALID_FROM_INDEX			
https://www.nexusmods.com/morrowind/mods/47659	VALID_FROM_INDEX			
https://www.nexusmods.com/morrowind/mods/47667	VALID_FROM_INDEX			
https://www.nexusmods.com/morrowind/mods/47672	VALID_FROM_INDEX			
https://www.nexusmods.com/morrowind/mods/47674	VALID_FROM_INDEX			
https://www.nexusmods.com/morrowind/mods/47678	VALID_FROM_INDEX			
https://www.nexusmods.com/morrowind/mods/47718	VALID_FROM_INDEX			
https://www.nexusmods.com/morrowind/mods/47720	VALID_FROM_INDEX			
https://www.nexusmods.com/morrowind/mods/47728	VALID_FROM_INDEX			
https://www.nexusmods.com/morrowind/mods/47730	VALID_FROM_INDEX			
https://www.nexusmods.com/morrowind/mods/47743	VALID_FROM_INDEX			
https://www.nexusmods.com/morrowind/mods/47745	VALID_FROM_INDEX			
https://www.nexusmods.com/morrowind/mods/47749	VALID_FROM_INDEX			
https://www.nexusmods.com/morrowind/mods/47750	VALID_FROM_INDEX			
https://www.nexusmods.com/morrowind/mods/47751	VALID_FROM_INDEX			
https://www.nexusmods.com/morrowind/mods/47753	VALID_FROM_INDEX			
https://www.nexusmods.com/morrowind/mods/47766	VALID_FROM_INDEX			
https://www.nexusmods.com/morrowind/mods/47772	VALID_FROM_INDEX			
https://www.nexusmods.com/morrowind/mods/47828	VALID_FROM_INDEX			
https://www.nexusmods.com/morrowind/mods/47843	VALID_FROM_INDEX			
https://www.nexusmods.com/morrowind/mods/47843/	VALID_FROM_INDEX	https://www.nexusmods.com/morrowind/mods/47843	DERIVED	
https://www.nexusmods.com/morrowind/mods/47861	VALID_FROM_INDEX			
https://www.nexusmods.com/morrowind/mods/47866	VALID_FROM_INDEX			
https://www.nexusmods.com/morrowind/mods/47874	VALID_FROM_INDEX			
https://www.nexusmods.com/morrowind/mods/47915	VALID_FROM_INDEX			
https://www.nexusmods.com/morrowind/mods/47920	VALID_FROM_INDEX			
https://www.nexusmods.com/morrowind/mods/47924	VALID_FROM_INDEX			
https://www.nexusmods.com/morrowind/mods/47938	VALID_FROM_INDEX			
https://www.nexusmods.com/morrowind/mods/47951	VALID_FROM_INDEX			
https://www.nexusmods.com/morrowind/mods/47971	VALID_FROM_INDEX			
https://www.nexusmods.com/morrowind/mods/47974	VALID_FROM_INDEX			
https://www.nexusmods.com/morrowind/mods/48002	VALID_FROM_INDEX			
https://www.nexusmods.com/morrowind/mods/48009	VALID_FROM_INDEX			
https://www.nexusmods.com/morrowind/mods/48018	VALID_FROM_INDEX			
https://www.nexusmods.com/morrowind/mods/48024	VALID_FROM_INDEX			
https://www.nexusmods.com/morrowind/mods/48028	VALID_FROM_INDEX			
https://www.nexusmods.com/morrowind/mods/48032	VALID_FROM_INDEX			
https://www.nexusmods.com/morrowind/mods/48051	VALID_FROM_INDEX			
https://www.nexusmods.com/morrowind/mods/48051/	VALID_FROM_INDEX	https://www.nexusmods.com/morrowind/mods/48051	DERIVED	
https://www.nexusmods.com/morrowind/mods/48063	VALID_FROM_INDEX			
https://www.nexusmods.com/morrowind/mods/48092	VALID_FROM_INDEX			
https://www.nexusmods.com/morrowind/mods/48136	VALID_FROM_INDEX			
https://www.nexusmods.com/morrowind/mods/48198	VALID_FROM_INDEX			
https://www.nexusmods.com/morrowind/mods/48200	VALID_FROM_INDEX			
https://www.nexusmods.com/morrowind/mods/48225	VALID_FROM_INDEX			
https://www.nexusmods.com/morrowind/mods/48225/	VALID_FROM_INDEX	https://www.nexusmods.com/morrowind/mods/48225	DERIVED	
https://www.nexusmods.com/morrowind/mods/48228	VALID_FROM_INDEX			
https://www.nexusmods.com/morrowind/mods/48240	VALID_FROM_INDEX			
https://www.nexusmods.com/morrowind/mods/48256	VALID_FROM_INDEX			
https://www.nexusmods.com/morrowind/mods/48265	VALID_FROM_INDEX			
https://www.nexusmods.com/morrowind/mods/48273	VALID_FROM_INDEX			
https://www.nexusmods.com/morrowind/mods/48276	VALID_FROM_INDEX			
https://www.nexusmods.com/morrowind/mods/48279	VALID_FROM_INDEX			
https://www.nexusmods.com/morrowind/mods/48329	VALID_FROM_INDEX			
https://www.nexusmods.com/morrowind/mods/48360	VALID_FROM_INDEX			
https://www.nexusmods.com/morrowind/mods/48385	VALID_FROM_INDEX			
https://www.nexusmods.com/morrowind/mods/48387	VALID_FROM_INDEX			
https://www.nexusmods.com/morrowind/mods/48408	VALID_FROM_INDEX			
https://www.nexusmods.com/morrowind/mods/48422	VALID_FROM_INDEX			
https://www.nexusmods.com/morrowind/mods/48433	VALID_FROM_INDEX			
https://www.nexusmods.com/morrowind/mods/48439	VALID_FROM_INDEX			
https://www.nexusmods.com/morrowind/mods/48463	VALID_FROM_INDEX			
https://www.nexusmods.com/morrowind/mods/48467	VALID_FROM_INDEX			
https://www.nexusmods.com/morrowind/mods/48468	VALID_FROM_INDEX			
https://www.nexusmods.com/morrowind/mods/48469	VALID_FROM_INDEX			
https://www.nexusmods.com/morrowind/mods/48476	VALID_FROM_INDEX			
https://www.nexusmods.com/morrowind/mods/48478	VALID_FROM_INDEX			
https://www.nexusmods.com/morrowind/mods/48547	VALID_FROM_INDEX			
https://www.nexusmods.com/morrowind/mods/48552	VALID_FROM_INDEX			
https://www.nexusmods.com/morrowind/mods/48597	VALID_FROM_INDEX			
https://www.nexusmods.com/morrowind/mods/48610	VALID_FROM_INDEX			
https://www.nexusmods.com/morrowind/mods/48611	VALID_FROM_INDEX			
https://www.nexusmods.com/morrowind/mods/48615	VALID_FROM_INDEX			
https://www.nexusmods.com/morrowind/mods/48630	VALID_FROM_INDEX			
https://www.nexusmods.com/morrowind/mods/48643	VALID_FROM_INDEX			
https://www.nexusmods.com/morrowind/mods/48657	VALID_FROM_INDEX			
https://www.nexusmods.com/morrowind/mods/48659	VALID_FROM_INDEX			
https://www.nexusmods.com/morrowind/mods/48660	VALID_FROM_INDEX			
https://www.nexusmods.com/morrowind/mods/48667	VALID_FROM_INDEX			
https://www.nexusmods.com/morrowind/mods/48668	VALID_FROM_INDEX			
https://www.nexusmods.com/morrowind/mods/48669	VALID_FROM_INDEX			
https://www.nexusmods.com/morrowind/mods/48675	VALID_FROM_INDEX			
https://www.nexusmods.com/morrowind/mods/48679	VALID_FROM_INDEX			
https://www.nexusmods.com/morrowind/mods/48682	VALID_FROM_INDEX			
https://www.nexusmods.com/morrowind/mods/48683	VALID_FROM_INDEX			
https://www.nexusmods.com/morrowind/mods/48689	VALID_FROM_INDEX			
https://www.nexusmods.com/morrowind/mods/48700	VALID_FROM_INDEX			
https://www.nexusmods.com/morrowind/mods/48702	VALID_FROM_INDEX			
https://www.nexusmods.com/morrowind/mods/48705	VALID_FROM_INDEX			
https://www.nexusmods.com/morrowind/mods/48709	VALID_FROM_INDEX			
https://www.nexusmods.com/morrowind/mods/48745	VALID_FROM_INDEX			
https://www.nexusmods.com/morrowind/mods/48756	VALID_FROM_INDEX			
https://www.nexusmods.com/morrowind/mods/48761	VALID_FROM_INDEX			
https://www.nexusmods.com/morrowind/mods/48762	VALID_FROM_INDEX			
https://www.nexusmods.com/morrowind/mods/48765	VALID_FROM_INDEX			
https://www.nexusmods.com/morrowind/mods/48766	VALID_FROM_INDEX			
https://www.nexusmods.com/morrowind/mods/48771	VALID_FROM_INDEX			
https://www.nexusmods.com/morrowind/mods/48781	VALID_FROM_INDEX			
https://www.nexusmods.com/morrowind/mods/48802	VALID_FROM_INDEX			
https://www.nexusmods.com/morrowind/mods/48803	VALID_FROM_INDEX			
https://www.nexusmods.com/morrowind/mods/48807	VALID_FROM_INDEX			
https://www.nexusmods.com/morrowind/mods/48810	VALID_FROM_INDEX			
https://www.nexusmods.com/morrowind/mods/48818	VALID_FROM_INDEX			
https://www.nexusmods.com/morrowind/mods/48826	VALID_FROM_INDEX			
https://www.nexusmods.com/morrowind/mods/48835	VALID_FROM_INDEX			
https://www.nexusmods.com/morrowind/mods/48836	VALID_FROM_INDEX			
https://www.nexusmods.com/morrowind/mods/48837	VALID_FROM_INDEX			
https://www.nexusmods.com/morrowind/mods/48842	VALID_FROM_INDEX			
https://www.nexusmods.com/morrowind/mods/48844	VALID_FROM_INDEX			
https://www.nexusmods.com/morrowind/mods/48846	VALID_FROM_INDEX			
https://www.nexusmods.com/morrowind/mods/48849	VALID_FROM_INDEX			
https://www.nexusmods.com/morrowind/mods/48851	VALID_FROM_INDEX			
https://www.nexusmods.com/morrowind/mods/48857	VALID_FROM_INDEX			
https://www.nexusmods.com/morrowind/mods/48862	VALID_FROM_INDEX			
https://www.nexusmods.com/morrowind/mods/48869	VALID_FROM_INDEX			
https://www.nexusmods.com/morrowind/mods/48870	VALID_FROM_INDEX			
https://www.nexusmods.com/morrowind/mods/48873	VALID_FROM_INDEX			
https://www.nexusmods.com/morrowind/mods/48874	VALID_FROM_INDEX			
https://www.nexusmods.com/morrowind/mods/48882	VALID_FROM_INDEX			
https://www.nexusmods.com/morrowind/mods/48886	VALID_FROM_INDEX			
https://www.nexusmods.com/morrowind/mods/48894	VALID_FROM_INDEX			
https://www.nexusmods.com/morrowind/mods/48909	VALID_FROM_INDEX			
https://www.nexusmods.com/morrowind/mods/48935	VALID_FROM_INDEX			
https://www.nexusmods.com/morrowind/mods/48941	VALID_FROM_INDEX			
https://www.nexusmods.com/morrowind/mods/48946	VALID_FROM_INDEX			
https://www.nexusmods.com/morrowind/mods/48955	VALID_FROM_INDEX			
https://www.nexusmods.com/morrowind/mods/48975	VALID_FROM_INDEX			
https://www.nexusmods.com/morrowind/mods/48977	VALID_FROM_INDEX			
https://www.nexusmods.com/morrowind/mods/49008	VALID_FROM_INDEX			
https://www.nexusmods.com/morrowind/mods/49034	VALID_FROM_INDEX			
https://www.nexusmods.com/morrowind/mods/49037	VALID_FROM_INDEX			
https://www.nexusmods.com/morrowind/mods/49042	VALID_FROM_INDEX			
https://www.nexusmods.com/morrowind/mods/49042/	VALID_FROM_INDEX	https://www.nexusmods.com/morrowind/mods/49042	DERIVED	
https://www.nexusmods.com/morrowind/mods/49045	VALID_FROM_INDEX			
https://www.nexusmods.com/morrowind/mods/49047	VALID_FROM_INDEX			
https://www.nexusmods.com/morrowind/mods/49049	VALID_FROM_INDEX			
https://www.nexusmods.com/morrowind/mods/49057	VALID_FROM_INDEX			
https://www.nexusmods.com/morrowind/mods/49075	VALID_FROM_INDEX			
https://www.nexusmods.com/morrowind/mods/49087	VALID_FROM_INDEX			
https://www.nexusmods.com/morrowind/mods/49103	VALID_FROM_INDEX			
https://www.nexusmods.com/morrowind/mods/49110	VALID_FROM_INDEX			
https://www.nexusmods.com/morrowind/mods/49127	VALID_FROM_INDEX			
https://www.nexusmods.com/morrowind/mods/49131	VALID_FROM_INDEX			
https://www.nexusmods.com/morrowind/mods/49131/	VALID_FROM_INDEX	https://www.nexusmods.com/morrowind/mods/49131	DERIVED	
https://www.nexusmods.com/morrowind/mods/49147	VALID_FROM_INDEX			
https://www.nexusmods.com/morrowind/mods/49171	VALID_FROM_INDEX			
https://www.nexusmods.com/morrowind/mods/49190	VALID_FROM_INDEX			
https://www.nexusmods.com/morrowind/mods/49197	VALID_FROM_INDEX			
https://www.nexusmods.com/morrowind/mods/49205	VALID_FROM_INDEX			
https://www.nexusmods.com/morrowind/mods/49221	VALID_FROM_INDEX			
https://www.nexusmods.com/morrowind/mods/49231	VALID_FROM_INDEX			
https://www.nexusmods.com/morrowind/mods/49231/	VALID_FROM_INDEX	https://www.nexusmods.com/morrowind/mods/49231	DERIVED	
https://www.nexusmods.com/morrowind/mods/49232	VALID_FROM_INDEX			
https://www.nexusmods.com/morrowind/mods/49236	VALID_FROM_INDEX			
https://www.nexusmods.com/morrowind/mods/49251	VALID_FROM_INDEX			
https://www.nexusmods.com/morrowind/mods/49264	VALID_FROM_INDEX			
https://www.nexusmods.com/morrowind/mods/49278	VALID_FROM_INDEX			
https://www.nexusmods.com/morrowind/mods/49278/	VALID_FROM_INDEX	https://www.nexusmods.com/morrowind/mods/49278	DERIVED	
https://www.nexusmods.com/morrowind/mods/49281	VALID_FROM_INDEX			
https://www.nexusmods.com/morrowind/mods/49295	VALID_FROM_INDEX			
https://www.nexusmods.com/morrowind/mods/49301	VALID_FROM_INDEX			
https://www.nexusmods.com/morrowind/mods/49336	VALID_FROM_INDEX			
https://www.nexusmods.com/morrowind/mods/49344	VALID_FROM_INDEX			
https://www.nexusmods.com/morrowind/mods/49345	VALID_FROM_INDEX			
https://www.nexusmods.com/morrowind/mods/49347	VALID_FROM_INDEX			
https://www.nexusmods.com/morrowind/mods/49353	VALID_FROM_INDEX			
https://www.nexusmods.com/morrowind/mods/49357	VALID_FROM_INDEX			
https://www.nexusmods.com/morrowind/mods/49388	VALID_FROM_INDEX			
https://www.nexusmods.com/morrowind/mods/49404	VALID_FROM_INDEX			
https://www.nexusmods.com/morrowind/mods/49417	VALID_FROM_INDEX			
https://www.nexusmods.com/morrowind/mods/49432	VALID_FROM_INDEX			
https://www.nexusmods.com/morrowind/mods/49438	VALID_FROM_INDEX			
https://www.nexusmods.com/morrowind/mods/49439	VALID_FROM_INDEX			
https://www.nexusmods.com/morrowind/mods/49448	VALID_FROM_INDEX			
https://www.nexusmods.com/morrowind/mods/49449	VALID_FROM_INDEX			
https://www.nexusmods.com/morrowind/mods/49453	VALID_FROM_INDEX			
https://www.nexusmods.com/morrowind/mods/49456	VALID_FROM_INDEX			
https://www.nexusmods.com/morrowind/mods/49457	VALID_FROM_INDEX			
https://www.nexusmods.com/morrowind/mods/49464	VALID_FROM_INDEX			
https://www.nexusmods.com/morrowind/mods/49464/	VALID_FROM_INDEX	https://www.nexusmods.com/morrowind/mods/49464	DERIVED	
https://www.nexusmods.com/morrowind/mods/49485	VALID_FROM_INDEX			
https://www.nexusmods.com/morrowind/mods/49486	VALID_FROM_INDEX			
https://www.nexusmods.com/morrowind/mods/49490	VALID_FROM_INDEX			
https://www.nexusmods.com/morrowind/mods/49502	VALID_FROM_INDEX			
https://www.nexusmods.com/morrowind/mods/49515	VALID_FROM_INDEX			
https://www.nexusmods.com/morrowind/mods/49545	VALID_FROM_INDEX			
https://www.nexusmods.com/morrowind/mods/49554	VALID_FROM_INDEX			
https://www.nexusmods.com/morrowind/mods/49571	VALID_FROM_INDEX			
https://www.nexusmods.com/morrowind/mods/49572	VALID_FROM_INDEX			
https://www.nexusmods.com/morrowind/mods/49583	VALID_FROM_INDEX			
https://www.nexusmods.com/morrowind/mods/49586	VALID_FROM_INDEX			
https://www.nexusmods.com/morrowind/mods/49593	VALID_FROM_INDEX			
https://www.nexusmods.com/morrowind/mods/49603	VALID_FROM_INDEX			
https://www.nexusmods.com/morrowind/mods/49618	VALID_FROM_INDEX			
https://www.nexusmods.com/morrowind/mods/49674	VALID_FROM_INDEX			
https://www.nexusmods.com/morrowind/mods/49678	VALID_FROM_INDEX			
https://www.nexusmods.com/morrowind/mods/49686	VALID_FROM_INDEX			
https://www.nexusmods.com/morrowind/mods/49687	VALID_FROM_INDEX			
https://www.nexusmods.com/morrowind/mods/49710	VALID_FROM_INDEX			
https://www.nexusmods.com/morrowind/mods/49720	VALID_FROM_INDEX			
https://www.nexusmods.com/morrowind/mods/49738	VALID_FROM_INDEX			
https://www.nexusmods.com/morrowind/mods/49754	VALID_FROM_INDEX			
https://www.nexusmods.com/morrowind/mods/49766	VALID_FROM_INDEX			
https://www.nexusmods.com/morrowind/mods/49771	VALID_FROM_INDEX			
https://www.nexusmods.com/morrowind/mods/49774	VALID_FROM_INDEX			
https://www.nexusmods.com/morrowind/mods/49790	VALID_FROM_INDEX			
https://www.nexusmods.com/morrowind/mods/49800	VALID_FROM_INDEX			
https://www.nexusmods.com/morrowind/mods/49808	VALID_FROM_INDEX			
https://www.nexusmods.com/morrowind/mods/49817	VALID_FROM_INDEX			
https://www.nexusmods.com/morrowind/mods/49841	VALID_FROM_INDEX			
https://www.nexusmods.com/morrowind/mods/49855	VALID_FROM_INDEX			
https://www.nexusmods.com/morrowind/mods/49862	VALID_FROM_INDEX			
https://www.nexusmods.com/morrowind/mods/49863	VALID_FROM_INDEX			
https://www.nexusmods.com/morrowind/mods/49869	VALID_FROM_INDEX			
https://www.nexusmods.com/morrowind/mods/49878	VALID_FROM_INDEX			
https://www.nexusmods.com/morrowind/mods/49889	VALID_FROM_INDEX			
https://www.nexusmods.com/morrowind/mods/49897	VALID_FROM_INDEX			
https://www.nexusmods.com/morrowind/mods/49916	VALID_FROM_INDEX			
https://www.nexusmods.com/morrowind/mods/49934	VALID_FROM_INDEX			
https://www.nexusmods.com/morrowind/mods/49935	VALID_FROM_INDEX			
https://www.nexusmods.com/morrowind/mods/49938	VALID_FROM_INDEX			
https://www.nexusmods.com/morrowind/mods/49944	VALID_FROM_INDEX			
https://www.nexusmods.com/morrowind/mods/49944/	VALID_FROM_INDEX	https://www.nexusmods.com/morrowind/mods/49944	DERIVED	
https://www.nexusmods.com/morrowind/mods/49950	VALID_FROM_INDEX			
https://www.nexusmods.com/morrowind/mods/49981	VALID_FROM_INDEX			
https://www.nexusmods.com/morrowind/mods/49997	VALID_FROM_INDEX			
https://www.nexusmods.com/morrowind/mods/50002	VALID_FROM_INDEX			
https://www.nexusmods.com/morrowind/mods/50016	VALID_FROM_INDEX			
https://www.nexusmods.com/morrowind/mods/50026	VALID_FROM_INDEX			
https://www.nexusmods.com/morrowind/mods/50030	VALID_FROM_INDEX			
https://www.nexusmods.com/morrowind/mods/50056	VALID_FROM_INDEX			
https://www.nexusmods.com/morrowind/mods/50062	VALID_FROM_INDEX			
https://www.nexusmods.com/morrowind/mods/50063	VALID_FROM_INDEX			
https://www.nexusmods.com/morrowind/mods/50066	VALID_FROM_INDEX			
https://www.nexusmods.com/morrowind/mods/50074	VALID_FROM_INDEX			
https://www.nexusmods.com/morrowind/mods/50091	VALID_FROM_INDEX			
https://www.nexusmods.com/morrowind/mods/50109	VALID_FROM_INDEX			
https://www.nexusmods.com/morrowind/mods/50116	VALID_FROM_INDEX			
https://www.nexusmods.com/morrowind/mods/50131	VALID_FROM_INDEX			
https://www.nexusmods.com/morrowind/mods/50160	VALID_FROM_INDEX			
https://www.nexusmods.com/morrowind/mods/50161	VALID_FROM_INDEX			
https://www.nexusmods.com/morrowind/mods/50164	VALID_FROM_INDEX			
https://www.nexusmods.com/morrowind/mods/50170	VALID_FROM_INDEX			
https://www.nexusmods.com/morrowind/mods/50181	VALID_FROM_INDEX			
https://www.nexusmods.com/morrowind/mods/50187	VALID_FROM_INDEX			
https://www.nexusmods.com/morrowind/mods/50189	VALID_FROM_INDEX			
https://www.nexusmods.com/morrowind/mods/50212	VALID_FROM_INDEX			
https://www.nexusmods.com/morrowind/mods/50221	VALID_FROM_INDEX			
https://www.nexusmods.com/morrowind/mods/50237	VALID_FROM_INDEX			
https://www.nexusmods.com/morrowind/mods/50244	VALID_FROM_INDEX			
https://www.nexusmods.com/morrowind/mods/50245	VALID_FROM_INDEX			
https://www.nexusmods.com/morrowind/mods/50256	VALID_FROM_INDEX			
https://www.nexusmods.com/morrowind/mods/50269	VALID_FROM_INDEX			
https://www.nexusmods.com/morrowind/mods/50290	VALID_FROM_INDEX			
https://www.nexusmods.com/morrowind/mods/50294	VALID_FROM_INDEX			
https://www.nexusmods.com/morrowind/mods/50301	VALID_FROM_INDEX			
https://www.nexusmods.com/morrowind/mods/50302	VALID_FROM_INDEX			
https://www.nexusmods.com/morrowind/mods/50303	VALID_FROM_INDEX			
https://www.nexusmods.com/morrowind/mods/50307	VALID_FROM_INDEX			
https://www.nexusmods.com/morrowind/mods/50308	VALID_FROM_INDEX			
https://www.nexusmods.com/morrowind/mods/50313	VALID_FROM_INDEX			
https://www.nexusmods.com/morrowind/mods/50316	VALID_FROM_INDEX			
https://www.nexusmods.com/morrowind/mods/50321	VALID_FROM_INDEX			
https://www.nexusmods.com/morrowind/mods/50325	VALID_FROM_INDEX			
https://www.nexusmods.com/morrowind/mods/50334	VALID_FROM_INDEX			
https://www.nexusmods.com/morrowind/mods/50343	VALID_FROM_INDEX			
https://www.nexusmods.com/morrowind/mods/50356	VALID_FROM_INDEX			
https://www.nexusmods.com/morrowind/mods/50381	VALID_FROM_INDEX			
https://www.nexusmods.com/morrowind/mods/50386	VALID_FROM_INDEX			
https://www.nexusmods.com/morrowind/mods/50393	VALID_FROM_INDEX			
https://www.nexusmods.com/morrowind/mods/50400	VALID_FROM_INDEX			
https://www.nexusmods.com/morrowind/mods/50403	VALID_FROM_INDEX			
https://www.nexusmods.com/morrowind/mods/50406	VALID_FROM_INDEX			
https://www.nexusmods.com/morrowind/mods/50407	VALID_FROM_INDEX			
https://www.nexusmods.com/morrowind/mods/50412	VALID_FROM_INDEX			
https://www.nexusmods.com/morrowind/mods/50415	VALID_FROM_INDEX			
https://www.nexusmods.com/morrowind/mods/50418	VALID_FROM_INDEX			
https://www.nexusmods.com/morrowind/mods/50429	VALID_FROM_INDEX			
https://www.nexusmods.com/morrowind/mods/50433	VALID_FROM_INDEX			
https://www.nexusmods.com/morrowind/mods/50434	VALID_FROM_INDEX			
https://www.nexusmods.com/morrowind/mods/50435	VALID_FROM_INDEX			
https://www.nexusmods.com/morrowind/mods/50440	VALID_FROM_INDEX			
https://www.nexusmods.com/morrowind/mods/50443	VALID_FROM_INDEX			
https://www.nexusmods.com/morrowind/mods/50445	VALID_FROM_INDEX			
https://www.nexusmods.com/morrowind/mods/50455	VALID_FROM_INDEX			
https://www.nexusmods.com/morrowind/mods/50468	VALID_FROM_INDEX			
https://www.nexusmods.com/morrowind/mods/50474	VALID_FROM_INDEX			
https://www.nexusmods.com/morrowind/mods/50481	VALID_FROM_INDEX			
https://www.nexusmods.com/morrowind/mods/50484	VALID_FROM_INDEX			
https://www.nexusmods.com/morrowind/mods/50531	VALID_FROM_INDEX			
https://www.nexusmods.com/morrowind/mods/50537	VALID_FROM_INDEX			
https://www.nexusmods.com/morrowind/mods/50541	VALID_FROM_INDEX			
https://www.nexusmods.com/morrowind/mods/50546	VALID_FROM_INDEX			
https://www.nexusmods.com/morrowind/mods/50552	VALID_FROM_INDEX			
https://www.nexusmods.com/morrowind/mods/50556	VALID_FROM_INDEX			
https://www.nexusmods.com/morrowind/mods/50563	VALID_FROM_INDEX			
https://www.nexusmods.com/morrowind/mods/50599	VALID_FROM_INDEX			
https://www.nexusmods.com/morrowind/mods/50610	VALID_FROM_INDEX			
https://www.nexusmods.com/morrowind/mods/50627	VALID_FROM_INDEX			
https://www.nexusmods.com/morrowind/mods/50629	VALID_FROM_INDEX			
https://www.nexusmods.com/morrowind/mods/50630	VALID_FROM_INDEX			
https://www.nexusmods.com/morrowind/mods/50643	VALID_FROM_INDEX			
https://www.nexusmods.com/morrowind/mods/50647	VALID_FROM_INDEX			
https://www.nexusmods.com/morrowind/mods/50670	VALID_FROM_INDEX			
https://www.nexusmods.com/morrowind/mods/50682	VALID_FROM_INDEX			
https://www.nexusmods.com/morrowind/mods/507	VALID_FROM_INDEX			
https://www.nexusmods.com/morrowind/mods/50729	VALID_FROM_INDEX			
https://www.nexusmods.com/morrowind/mods/50738	VALID_FROM_INDEX			
https://www.nexusmods.com/morrowind/mods/50740	VALID_FROM_INDEX			
https://www.nexusmods.com/morrowind/mods/50745	VALID_FROM_INDEX			
https://www.nexusmods.com/morrowind/mods/50746	VALID_FROM_INDEX			
https://www.nexusmods.com/morrowind/mods/50753	VALID_FROM_INDEX			
https://www.nexusmods.com/morrowind/mods/50763	VALID_FROM_INDEX			
https://www.nexusmods.com/morrowind/mods/50765	VALID_FROM_INDEX			
https://www.nexusmods.com/morrowind/mods/50796	VALID_FROM_INDEX			
https://www.nexusmods.com/morrowind/mods/50796/	VALID_FROM_INDEX	https://www.nexusmods.com/morrowind/mods/50796	DERIVED	
https://www.nexusmods.com/morrowind/mods/50806	VALID_FROM_INDEX			
https://www.nexusmods.com/morrowind/mods/50810	VALID_FROM_INDEX			
https://www.nexusmods.com/morrowind/mods/50816	VALID_FROM_INDEX			
https://www.nexusmods.com/morrowind/mods/50877	VALID_FROM_INDEX			
https://www.nexusmods.com/morrowind/mods/50886	VALID_FROM_INDEX			
https://www.nexusmods.com/morrowind/mods/50893	VALID_FROM_INDEX			
https://www.nexusmods.com/morrowind/mods/50916	VALID_FROM_INDEX			
https://www.nexusmods.com/morrowind/mods/50928	VALID_FROM_INDEX			
https://www.nexusmods.com/morrowind/mods/50947	VALID_FROM_INDEX			
https://www.nexusmods.com/morrowind/mods/50954	VALID_FROM_INDEX			
https://www.nexusmods.com/morrowind/mods/50979	VALID_FROM_INDEX			
https://www.nexusmods.com/morrowind/mods/51039	VALID_FROM_INDEX			
https://www.nexusmods.com/morrowind/mods/51044	VALID_FROM_INDEX			
https://www.nexusmods.com/morrowind/mods/51050	VALID_FROM_INDEX			
https://www.nexusmods.com/morrowind/mods/51086	VALID_FROM_INDEX			
https://www.nexusmods.com/morrowind/mods/51096	VALID_FROM_INDEX			
https://www.nexusmods.com/morrowind/mods/51107	VALID_FROM_INDEX			
https://www.nexusmods.com/morrowind/mods/51107/	VALID_FROM_INDEX	https://www.nexusmods.com/morrowind/mods/51107	DERIVED	
https://www.nexusmods.com/morrowind/mods/51133	VALID_FROM_INDEX			
https://www.nexusmods.com/morrowind/mods/51144	VALID_FROM_INDEX			
https://www.nexusmods.com/morrowind/mods/51171	VALID_FROM_INDEX			
https://www.nexusmods.com/morrowind/mods/51174	VALID_FROM_INDEX			
https://www.nexusmods.com/morrowind/mods/51194	VALID_FROM_INDEX			
https://www.nexusmods.com/morrowind/mods/51210	VALID_FROM_INDEX			
https://www.nexusmods.com/morrowind/mods/51216	VALID_FROM_INDEX			
https://www.nexusmods.com/morrowind/mods/51218	VALID_FROM_INDEX			
https://www.nexusmods.com/morrowind/mods/51223	VALID_FROM_INDEX			
https://www.nexusmods.com/morrowind/mods/51236	VALID_FROM_INDEX			
https://www.nexusmods.com/morrowind/mods/51237	VALID_FROM_INDEX			
https://www.nexusmods.com/morrowind/mods/51247	VALID_FROM_INDEX			
https://www.nexusmods.com/morrowind/mods/51256	VALID_FROM_INDEX			
https://www.nexusmods.com/morrowind/mods/51293	VALID_FROM_INDEX			
https://www.nexusmods.com/morrowind/mods/51296	VALID_FROM_INDEX			
https://www.nexusmods.com/morrowind/mods/51312	VALID_FROM_INDEX			
https://www.nexusmods.com/morrowind/mods/51313	VALID_FROM_INDEX			
https://www.nexusmods.com/morrowind/mods/51322	VALID_FROM_INDEX			
https://www.nexusmods.com/morrowind/mods/51327	VALID_FROM_INDEX			
https://www.nexusmods.com/morrowind/mods/51345	VALID_FROM_INDEX			
https://www.nexusmods.com/morrowind/mods/51364	VALID_FROM_INDEX			
https://www.nexusmods.com/morrowind/mods/51387	VALID_FROM_INDEX			
https://www.nexusmods.com/morrowind/mods/51409	VALID_FROM_INDEX			
https://www.nexusmods.com/morrowind/mods/51419	VALID_FROM_INDEX			
https://www.nexusmods.com/morrowind/mods/51419/	VALID_FROM_INDEX	https://www.nexusmods.com/morrowind/mods/51419	DERIVED	
https://www.nexusmods.com/morrowind/mods/51424	VALID_FROM_INDEX			
https://www.nexusmods.com/morrowind/mods/51431	VALID_FROM_INDEX			
https://www.nexusmods.com/morrowind/mods/51449	VALID_FROM_INDEX			
https://www.nexusmods.com/morrowind/mods/51488	VALID_FROM_INDEX			
https://www.nexusmods.com/morrowind/mods/51493	VALID_FROM_INDEX			
https://www.nexusmods.com/morrowind/mods/51501	VALID_FROM_INDEX			
https://www.nexusmods.com/morrowind/mods/51514	VALID_FROM_INDEX			
https://www.nexusmods.com/morrowind/mods/51515	VALID_FROM_INDEX			
https://www.nexusmods.com/morrowind/mods/51516	VALID_FROM_INDEX			
https://www.nexusmods.com/morrowind/mods/51518	VALID_FROM_INDEX			
https://www.nexusmods.com/morrowind/mods/51530	VALID_FROM_INDEX			
https://www.nexusmods.com/morrowind/mods/51537	VALID_FROM_INDEX			
https://www.nexusmods.com/morrowind/mods/51538	VALID_FROM_INDEX			
https://www.nexusmods.com/morrowind/mods/5155	VALID_FROM_INDEX			
https://www.nexusmods.com/morrowind/mods/51550	VALID_FROM_INDEX			
https://www.nexusmods.com/morrowind/mods/51552	VALID_FROM_INDEX			
https://www.nexusmods.com/morrowind/mods/51556	VALID_FROM_INDEX			
https://www.nexusmods.com/morrowind/mods/51564	VALID_FROM_INDEX			
https://www.nexusmods.com/morrowind/mods/51566	VALID_FROM_INDEX			
https://www.nexusmods.com/morrowind/mods/51571	VALID_FROM_INDEX			
https://www.nexusmods.com/morrowind/mods/51579	VALID_FROM_INDEX			
https://www.nexusmods.com/morrowind/mods/51607	VALID_FROM_INDEX			
https://www.nexusmods.com/morrowind/mods/51632	VALID_FROM_INDEX			
https://www.nexusmods.com/morrowind/mods/51636	VALID_FROM_INDEX			
https://www.nexusmods.com/morrowind/mods/51639	VALID_FROM_INDEX			
https://www.nexusmods.com/morrowind/mods/51656	VALID_FROM_INDEX			
https://www.nexusmods.com/morrowind/mods/51657	VALID_FROM_INDEX			
https://www.nexusmods.com/morrowind/mods/51672	VALID_FROM_INDEX			
https://www.nexusmods.com/morrowind/mods/51689	VALID_FROM_INDEX			
https://www.nexusmods.com/morrowind/mods/51696	VALID_FROM_INDEX			
https://www.nexusmods.com/morrowind/mods/51699	VALID_FROM_INDEX			
https://www.nexusmods.com/morrowind/mods/51700	VALID_FROM_INDEX			
https://www.nexusmods.com/morrowind/mods/51712	VALID_FROM_INDEX			
https://www.nexusmods.com/morrowind/mods/51744	VALID_FROM_INDEX			
https://www.nexusmods.com/morrowind/mods/51762	VALID_FROM_INDEX			
https://www.nexusmods.com/morrowind/mods/51768	VALID_FROM_INDEX			
https://www.nexusmods.com/morrowind/mods/51776	VALID_FROM_INDEX			
https://www.nexusmods.com/morrowind/mods/51777	VALID_FROM_INDEX			
https://www.nexusmods.com/morrowind/mods/51778	VALID_FROM_INDEX			
https://www.nexusmods.com/morrowind/mods/51801	VALID_FROM_INDEX			
https://www.nexusmods.com/morrowind/mods/51813	VALID_FROM_INDEX			
https://www.nexusmods.com/morrowind/mods/51829	VALID_FROM_INDEX			
https://www.nexusmods.com/morrowind/mods/51851	VALID_FROM_INDEX			
https://www.nexusmods.com/morrowind/mods/51853	VALID_FROM_INDEX			
https://www.nexusmods.com/morrowind/mods/51875	VALID_FROM_INDEX			
https://www.nexusmods.com/morrowind/mods/51882	VALID_FROM_INDEX			
https://www.nexusmods.com/morrowind/mods/51890	VALID_FROM_INDEX			
https://www.nexusmods.com/morrowind/mods/51897	VALID_FROM_INDEX			
https://www.nexusmods.com/morrowind/mods/51922	VALID_FROM_INDEX			
https://www.nexusmods.com/morrowind/mods/51925	VALID_FROM_INDEX			
https://www.nexusmods.com/morrowind/mods/51928	VALID_FROM_INDEX			
https://www.nexusmods.com/morrowind/mods/51932	VALID_FROM_INDEX			
https://www.nexusmods.com/morrowind/mods/51939	VALID_FROM_INDEX			
https://www.nexusmods.com/morrowind/mods/51940	VALID_FROM_INDEX			
https://www.nexusmods.com/morrowind/mods/51951	VALID_FROM_INDEX			
https://www.nexusmods.com/morrowind/mods/51961	VALID_FROM_INDEX			
https://www.nexusmods.com/morrowind/mods/51974	VALID_FROM_INDEX			
https://www.nexusmods.com/morrowind/mods/51975	VALID_FROM_INDEX			
https://www.nexusmods.com/morrowind/mods/51980	VALID_FROM_INDEX			
https://www.nexusmods.com/morrowind/mods/51984	VALID_FROM_INDEX			
https://www.nexusmods.com/morrowind/mods/51997	VALID_FROM_INDEX			
https://www.nexusmods.com/morrowind/mods/51998	VALID_FROM_INDEX			
https://www.nexusmods.com/morrowind/mods/52001	VALID_FROM_INDEX			
https://www.nexusmods.com/morrowind/mods/52010	VALID_FROM_INDEX			
https://www.nexusmods.com/morrowind/mods/52013	VALID_FROM_INDEX			
https://www.nexusmods.com/morrowind/mods/52014	VALID_FROM_INDEX			
https://www.nexusmods.com/morrowind/mods/52032	VALID_FROM_INDEX			
https://www.nexusmods.com/morrowind/mods/52034	VALID_FROM_INDEX			
https://www.nexusmods.com/morrowind/mods/52045	VALID_FROM_INDEX			
https://www.nexusmods.com/morrowind/mods/52050	VALID_FROM_INDEX			
https://www.nexusmods.com/morrowind/mods/52077	VALID_FROM_INDEX			
https://www.nexusmods.com/morrowind/mods/52081	VALID_FROM_INDEX			
https://www.nexusmods.com/morrowind/mods/52087	VALID_FROM_INDEX			
https://www.nexusmods.com/morrowind/mods/52091	VALID_FROM_INDEX			
https://www.nexusmods.com/morrowind/mods/52093	VALID_FROM_INDEX			
https://www.nexusmods.com/morrowind/mods/52119	VALID_FROM_INDEX			
https://www.nexusmods.com/morrowind/mods/52120	VALID_FROM_INDEX			
https://www.nexusmods.com/morrowind/mods/52120/	VALID_FROM_INDEX	https://www.nexusmods.com/morrowind/mods/52120	DERIVED	
https://www.nexusmods.com/morrowind/mods/52122	VALID_FROM_INDEX			
https://www.nexusmods.com/morrowind/mods/52149	VALID_FROM_INDEX			
https://www.nexusmods.com/morrowind/mods/52150	VALID_FROM_INDEX			
https://www.nexusmods.com/morrowind/mods/52153	VALID_FROM_INDEX			
https://www.nexusmods.com/morrowind/mods/52158	VALID_FROM_INDEX			
https://www.nexusmods.com/morrowind/mods/52167	VALID_FROM_INDEX			
https://www.nexusmods.com/morrowind/mods/52183	VALID_FROM_INDEX			
https://www.nexusmods.com/morrowind/mods/52188	VALID_FROM_INDEX			
https://www.nexusmods.com/morrowind/mods/52199	VALID_FROM_INDEX			
https://www.nexusmods.com/morrowind/mods/52237	VALID_FROM_INDEX			
https://www.nexusmods.com/morrowind/mods/52247	VALID_FROM_INDEX			
https://www.nexusmods.com/morrowind/mods/52249	VALID_FROM_INDEX			
https://www.nexusmods.com/morrowind/mods/52265	VALID_FROM_INDEX			
https://www.nexusmods.com/morrowind/mods/52266	VALID_FROM_INDEX			
https://www.nexusmods.com/morrowind/mods/52282	VALID_FROM_INDEX			
https://www.nexusmods.com/morrowind/mods/52283	VALID_FROM_INDEX			
https://www.nexusmods.com/morrowind/mods/52309	VALID_FROM_INDEX			
https://www.nexusmods.com/morrowind/mods/52318	VALID_FROM_INDEX			
https://www.nexusmods.com/morrowind/mods/52323	VALID_FROM_INDEX			
https://www.nexusmods.com/morrowind/mods/52330	VALID_FROM_INDEX			
https://www.nexusmods.com/morrowind/mods/52331	VALID_FROM_INDEX			
https://www.nexusmods.com/morrowind/mods/52356	VALID_FROM_INDEX			
https://www.nexusmods.com/morrowind/mods/52384	VALID_FROM_INDEX			
https://www.nexusmods.com/morrowind/mods/52389	VALID_FROM_INDEX			
https://www.nexusmods.com/morrowind/mods/52413	VALID_FROM_INDEX			
https://www.nexusmods.com/morrowind/mods/52417	VALID_FROM_INDEX			
https://www.nexusmods.com/morrowind/mods/52429	VALID_FROM_INDEX			
https://www.nexusmods.com/morrowind/mods/52485	VALID_FROM_INDEX			
https://www.nexusmods.com/morrowind/mods/52503	VALID_FROM_INDEX			
https://www.nexusmods.com/morrowind/mods/52508	VALID_FROM_INDEX			
https://www.nexusmods.com/morrowind/mods/52515	VALID_FROM_INDEX			
https://www.nexusmods.com/morrowind/mods/52516	VALID_FROM_INDEX			
https://www.nexusmods.com/morrowind/mods/52523	VALID_FROM_INDEX			
https://www.nexusmods.com/morrowind/mods/52527	VALID_FROM_INDEX			
https://www.nexusmods.com/morrowind/mods/52536	VALID_FROM_INDEX			
https://www.nexusmods.com/morrowind/mods/52547	VALID_FROM_INDEX			
https://www.nexusmods.com/morrowind/mods/52548	VALID_FROM_INDEX			
https://www.nexusmods.com/morrowind/mods/52576	VALID_FROM_INDEX			
https://www.nexusmods.com/morrowind/mods/52580	VALID_FROM_INDEX			
https://www.nexusmods.com/morrowind/mods/52586	VALID_FROM_INDEX			
https://www.nexusmods.com/morrowind/mods/526	VALID_FROM_INDEX			
https://www.nexusmods.com/morrowind/mods/52601	VALID_FROM_INDEX			
https://www.nexusmods.com/morrowind/mods/52619	VALID_FROM_INDEX			
https://www.nexusmods.com/morrowind/mods/52625	VALID_FROM_INDEX			
https://www.nexusmods.com/morrowind/mods/52626	VALID_FROM_INDEX			
https://www.nexusmods.com/morrowind/mods/52629	VALID_FROM_INDEX			
https://www.nexusmods.com/morrowind/mods/52632	VALID_FROM_INDEX			
https://www.nexusmods.com/morrowind/mods/52654	VALID_FROM_INDEX			
https://www.nexusmods.com/morrowind/mods/52655	VALID_FROM_INDEX			
https://www.nexusmods.com/morrowind/mods/52663	VALID_FROM_INDEX			
https://www.nexusmods.com/morrowind/mods/52666	VALID_FROM_INDEX			
https://www.nexusmods.com/morrowind/mods/52669	VALID_FROM_INDEX			
https://www.nexusmods.com/morrowind/mods/52681	VALID_FROM_INDEX			
https://www.nexusmods.com/morrowind/mods/52685	VALID_FROM_INDEX			
https://www.nexusmods.com/morrowind/mods/52687	VALID_FROM_INDEX			
https://www.nexusmods.com/morrowind/mods/52693	VALID_FROM_INDEX			
https://www.nexusmods.com/morrowind/mods/52697	VALID_FROM_INDEX			
https://www.nexusmods.com/morrowind/mods/52700	VALID_FROM_INDEX			
https://www.nexusmods.com/morrowind/mods/52724	VALID_FROM_INDEX			
https://www.nexusmods.com/morrowind/mods/52726	VALID_FROM_INDEX			
https://www.nexusmods.com/morrowind/mods/52740	VALID_FROM_INDEX			
https://www.nexusmods.com/morrowind/mods/52749	VALID_FROM_INDEX			
https://www.nexusmods.com/morrowind/mods/52758	VALID_FROM_INDEX			
https://www.nexusmods.com/morrowind/mods/52763	VALID_FROM_INDEX			
https://www.nexusmods.com/morrowind/mods/52781	VALID_FROM_INDEX			
https://www.nexusmods.com/morrowind/mods/52880	VALID_FROM_INDEX			
https://www.nexusmods.com/morrowind/mods/52888	VALID_FROM_INDEX			
https://www.nexusmods.com/morrowind/mods/52890	VALID_FROM_INDEX			
https://www.nexusmods.com/morrowind/mods/52898	VALID_FROM_INDEX			
https://www.nexusmods.com/morrowind/mods/52916	VALID_FROM_INDEX			
https://www.nexusmods.com/morrowind/mods/52924	VALID_FROM_INDEX			
https://www.nexusmods.com/morrowind/mods/52930	VALID_FROM_INDEX			
https://www.nexusmods.com/morrowind/mods/52968	VALID_FROM_INDEX			
https://www.nexusmods.com/morrowind/mods/52969	VALID_FROM_INDEX			
https://www.nexusmods.com/morrowind/mods/52977	VALID_FROM_INDEX			
https://www.nexusmods.com/morrowind/mods/52989	VALID_FROM_INDEX			
https://www.nexusmods.com/morrowind/mods/53001	VALID_FROM_INDEX			
https://www.nexusmods.com/morrowind/mods/53006	VALID_FROM_INDEX			
https://www.nexusmods.com/morrowind/mods/53026	VALID_FROM_INDEX			
https://www.nexusmods.com/morrowind/mods/53037	VALID_FROM_INDEX			
https://www.nexusmods.com/morrowind/mods/53043	VALID_FROM_INDEX			
https://www.nexusmods.com/morrowind/mods/53044	VALID_FROM_INDEX			
https://www.nexusmods.com/morrowind/mods/53046	VALID_FROM_INDEX			
https://www.nexusmods.com/morrowind/mods/53062	VALID_FROM_INDEX			
https://www.nexusmods.com/morrowind/mods/53066	VALID_FROM_INDEX			
https://www.nexusmods.com/morrowind/mods/5307	VALID_FROM_INDEX			
https://www.nexusmods.com/morrowind/mods/53079	VALID_FROM_INDEX			
https://www.nexusmods.com/morrowind/mods/53086	VALID_FROM_INDEX			
https://www.nexusmods.com/morrowind/mods/53097	VALID_FROM_INDEX			
https://www.nexusmods.com/morrowind/mods/53118	VALID_FROM_INDEX			
https://www.nexusmods.com/morrowind/mods/53121	VALID_FROM_INDEX			
https://www.nexusmods.com/morrowind/mods/53125	VALID_FROM_INDEX			
https://www.nexusmods.com/morrowind/mods/53138	VALID_FROM_INDEX			
https://www.nexusmods.com/morrowind/mods/53139	VALID_FROM_INDEX			
https://www.nexusmods.com/morrowind/mods/53140	VALID_FROM_INDEX			
https://www.nexusmods.com/morrowind/mods/53143	VALID_FROM_INDEX			
https://www.nexusmods.com/morrowind/mods/53154	VALID_FROM_INDEX			
https://www.nexusmods.com/morrowind/mods/53159	VALID_FROM_INDEX			
https://www.nexusmods.com/morrowind/mods/53166	VALID_FROM_INDEX			
https://www.nexusmods.com/morrowind/mods/53171	VALID_FROM_INDEX			
https://www.nexusmods.com/morrowind/mods/53183	VALID_FROM_INDEX			
https://www.nexusmods.com/morrowind/mods/53210	VALID_FROM_INDEX			
https://www.nexusmods.com/morrowind/mods/53215	VALID_FROM_INDEX			
https://www.nexusmods.com/morrowind/mods/53220	VALID_FROM_INDEX			
https://www.nexusmods.com/morrowind/mods/53232	VALID_FROM_INDEX			
https://www.nexusmods.com/morrowind/mods/53235	VALID_FROM_INDEX			
https://www.nexusmods.com/morrowind/mods/53242	VALID_FROM_INDEX			
https://www.nexusmods.com/morrowind/mods/53249	VALID_FROM_INDEX			
https://www.nexusmods.com/morrowind/mods/53257	VALID_FROM_INDEX			
https://www.nexusmods.com/morrowind/mods/53274	VALID_FROM_INDEX			
https://www.nexusmods.com/morrowind/mods/53277	VALID_FROM_INDEX			
https://www.nexusmods.com/morrowind/mods/53290	VALID_FROM_INDEX			
https://www.nexusmods.com/morrowind/mods/533	VALID_FROM_INDEX			
https://www.nexusmods.com/morrowind/mods/53307	VALID_FROM_INDEX			
https://www.nexusmods.com/morrowind/mods/53323	VALID_FROM_INDEX			
https://www.nexusmods.com/morrowind/mods/53332	VALID_FROM_INDEX			
https://www.nexusmods.com/morrowind/mods/53341	VALID_FROM_INDEX			
https://www.nexusmods.com/morrowind/mods/53366	VALID_FROM_INDEX			
https://www.nexusmods.com/morrowind/mods/53391	VALID_FROM_INDEX			
https://www.nexusmods.com/morrowind/mods/53393	VALID_FROM_INDEX			
https://www.nexusmods.com/morrowind/mods/53398	VALID_FROM_INDEX			
https://www.nexusmods.com/morrowind/mods/53400	VALID_FROM_INDEX			
https://www.nexusmods.com/morrowind/mods/53438	VALID_FROM_INDEX			
https://www.nexusmods.com/morrowind/mods/53458	VALID_FROM_INDEX			
https://www.nexusmods.com/morrowind/mods/53475	VALID_FROM_INDEX			
https://www.nexusmods.com/morrowind/mods/53484	VALID_FROM_INDEX			
https://www.nexusmods.com/morrowind/mods/53485	VALID_FROM_INDEX			
https://www.nexusmods.com/morrowind/mods/53492	VALID_FROM_INDEX			
https://www.nexusmods.com/morrowind/mods/535	VALID_FROM_INDEX			
https://www.nexusmods.com/morrowind/mods/53501	VALID_FROM_INDEX			
https://www.nexusmods.com/morrowind/mods/53528	VALID_FROM_INDEX			
https://www.nexusmods.com/morrowind/mods/53530	VALID_FROM_INDEX			
https://www.nexusmods.com/morrowind/mods/53531	VALID_FROM_INDEX			
https://www.nexusmods.com/morrowind/mods/53538	VALID_FROM_INDEX			
https://www.nexusmods.com/morrowind/mods/53550	VALID_FROM_INDEX			
https://www.nexusmods.com/morrowind/mods/53552	VALID_FROM_INDEX			
https://www.nexusmods.com/morrowind/mods/53562	VALID_FROM_INDEX			
https://www.nexusmods.com/morrowind/mods/53564	VALID_FROM_INDEX			
https://www.nexusmods.com/morrowind/mods/53566	VALID_FROM_INDEX			
https://www.nexusmods.com/morrowind/mods/53572	VALID_FROM_INDEX			
https://www.nexusmods.com/morrowind/mods/53574	VALID_FROM_INDEX			
https://www.nexusmods.com/morrowind/mods/53580	VALID_FROM_INDEX			
https://www.nexusmods.com/morrowind/mods/53583	VALID_FROM_INDEX			
https://www.nexusmods.com/morrowind/mods/53586	VALID_FROM_INDEX			
https://www.nexusmods.com/morrowind/mods/53587	VALID_FROM_INDEX			
https://www.nexusmods.com/morrowind/mods/53588	VALID_FROM_INDEX			
https://www.nexusmods.com/morrowind/mods/53589	VALID_FROM_INDEX			
https://www.nexusmods.com/morrowind/mods/53593	VALID_FROM_INDEX			
https://www.nexusmods.com/morrowind/mods/53605	VALID_FROM_INDEX			
https://www.nexusmods.com/morrowind/mods/53607	VALID_FROM_INDEX			
https://www.nexusmods.com/morrowind/mods/53613	VALID_FROM_INDEX			
https://www.nexusmods.com/morrowind/mods/53640	VALID_FROM_INDEX			
https://www.nexusmods.com/morrowind/mods/53644	VALID_FROM_INDEX			
https://www.nexusmods.com/morrowind/mods/53651	VALID_FROM_INDEX			
https://www.nexusmods.com/morrowind/mods/53653	VALID_FROM_INDEX			
https://www.nexusmods.com/morrowind/mods/53655	VALID_FROM_INDEX			
https://www.nexusmods.com/morrowind/mods/53657	VALID_FROM_INDEX			
https://www.nexusmods.com/morrowind/mods/53672	VALID_FROM_INDEX			
https://www.nexusmods.com/morrowind/mods/53674	VALID_FROM_INDEX			
https://www.nexusmods.com/morrowind/mods/53675	VALID_FROM_INDEX			
https://www.nexusmods.com/morrowind/mods/53687	VALID_FROM_INDEX			
https://www.nexusmods.com/morrowind/mods/53695	VALID_FROM_INDEX			
https://www.nexusmods.com/morrowind/mods/53720	VALID_FROM_INDEX			
https://www.nexusmods.com/morrowind/mods/53730	VALID_FROM_INDEX			
https://www.nexusmods.com/morrowind/mods/53734	VALID_FROM_INDEX			
https://www.nexusmods.com/morrowind/mods/53739	VALID_FROM_INDEX			
https://www.nexusmods.com/morrowind/mods/53743	VALID_FROM_INDEX			
https://www.nexusmods.com/morrowind/mods/53746	VALID_FROM_INDEX			
https://www.nexusmods.com/morrowind/mods/53765	VALID_FROM_INDEX			
https://www.nexusmods.com/morrowind/mods/53766	VALID_FROM_INDEX			
https://www.nexusmods.com/morrowind/mods/53773	VALID_FROM_INDEX			
https://www.nexusmods.com/morrowind/mods/53775	VALID_FROM_INDEX			
https://www.nexusmods.com/morrowind/mods/53783	VALID_FROM_INDEX			
https://www.nexusmods.com/morrowind/mods/538	VALID_FROM_INDEX			
https://www.nexusmods.com/morrowind/mods/53811	VALID_FROM_INDEX			
https://www.nexusmods.com/morrowind/mods/53814	VALID_FROM_INDEX			
https://www.nexusmods.com/morrowind/mods/5384	VALID_FROM_INDEX			
https://www.nexusmods.com/morrowind/mods/53858	VALID_FROM_INDEX			
https://www.nexusmods.com/morrowind/mods/53861	VALID_FROM_INDEX			
https://www.nexusmods.com/morrowind/mods/53865	VALID_FROM_INDEX			
https://www.nexusmods.com/morrowind/mods/53866	VALID_FROM_INDEX			
https://www.nexusmods.com/morrowind/mods/53874	VALID_FROM_INDEX			
https://www.nexusmods.com/morrowind/mods/53880	VALID_FROM_INDEX			
https://www.nexusmods.com/morrowind/mods/53883	VALID_FROM_INDEX			
https://www.nexusmods.com/morrowind/mods/53897	VALID_FROM_INDEX			
https://www.nexusmods.com/morrowind/mods/53904	VALID_FROM_INDEX			
https://www.nexusmods.com/morrowind/mods/53906	VALID_FROM_INDEX			
https://www.nexusmods.com/morrowind/mods/53907	VALID_FROM_INDEX			
https://www.nexusmods.com/morrowind/mods/53914	VALID_FROM_INDEX			
https://www.nexusmods.com/morrowind/mods/53914/	VALID_FROM_INDEX	https://www.nexusmods.com/morrowind/mods/53914	DERIVED	
https://www.nexusmods.com/morrowind/mods/53916	VALID_FROM_INDEX			
https://www.nexusmods.com/morrowind/mods/53919	VALID_FROM_INDEX			
https://www.nexusmods.com/morrowind/mods/53939	VALID_FROM_INDEX			
https://www.nexusmods.com/morrowind/mods/53941	VALID_FROM_INDEX			
https://www.nexusmods.com/morrowind/mods/53967	VALID_FROM_INDEX			
https://www.nexusmods.com/morrowind/mods/53968	VALID_FROM_INDEX			
https://www.nexusmods.com/morrowind/mods/54007	VALID_FROM_INDEX			
https://www.nexusmods.com/morrowind/mods/54042	VALID_FROM_INDEX			
https://www.nexusmods.com/morrowind/mods/54043	VALID_FROM_INDEX			
https://www.nexusmods.com/morrowind/mods/54047	VALID_FROM_INDEX			
https://www.nexusmods.com/morrowind/mods/54055	VALID_FROM_INDEX			
https://www.nexusmods.com/morrowind/mods/54060	VALID_FROM_INDEX			
https://www.nexusmods.com/morrowind/mods/54068	VALID_FROM_INDEX			
https://www.nexusmods.com/morrowind/mods/54070	VALID_FROM_INDEX			
https://www.nexusmods.com/morrowind/mods/54086	VALID_FROM_INDEX			
https://www.nexusmods.com/morrowind/mods/54090	VALID_FROM_INDEX			
https://www.nexusmods.com/morrowind/mods/54114	VALID_FROM_INDEX			
https://www.nexusmods.com/morrowind/mods/54116	VALID_FROM_INDEX			
https://www.nexusmods.com/morrowind/mods/54129	VALID_FROM_INDEX			
https://www.nexusmods.com/morrowind/mods/54144	VALID_FROM_INDEX			
https://www.nexusmods.com/morrowind/mods/54149	VALID_FROM_INDEX			
https://www.nexusmods.com/morrowind/mods/54175	VALID_FROM_INDEX			
https://www.nexusmods.com/morrowind/mods/54188	VALID_FROM_INDEX			
https://www.nexusmods.com/morrowind/mods/54192	VALID_FROM_INDEX			
https://www.nexusmods.com/morrowind/mods/54194	VALID_FROM_INDEX			
https://www.nexusmods.com/morrowind/mods/54200	VALID_FROM_INDEX			
https://www.nexusmods.com/morrowind/mods/54207	VALID_FROM_INDEX			
https://www.nexusmods.com/morrowind/mods/54215	VALID_FROM_INDEX			
https://www.nexusmods.com/morrowind/mods/54216	VALID_FROM_INDEX			
https://www.nexusmods.com/morrowind/mods/54218	VALID_FROM_INDEX			
https://www.nexusmods.com/morrowind/mods/54265	VALID_FROM_INDEX			
https://www.nexusmods.com/morrowind/mods/54270	VALID_FROM_INDEX			
https://www.nexusmods.com/morrowind/mods/54286	VALID_FROM_INDEX			
https://www.nexusmods.com/morrowind/mods/54308	VALID_FROM_INDEX			
https://www.nexusmods.com/morrowind/mods/54313	VALID_FROM_INDEX			
https://www.nexusmods.com/morrowind/mods/54315	VALID_FROM_INDEX			
https://www.nexusmods.com/morrowind/mods/54316	VALID_FROM_INDEX			
https://www.nexusmods.com/morrowind/mods/54321	VALID_FROM_INDEX			
https://www.nexusmods.com/morrowind/mods/54323	VALID_FROM_INDEX			
https://www.nexusmods.com/morrowind/mods/54332	VALID_FROM_INDEX			
https://www.nexusmods.com/morrowind/mods/54345	VALID_FROM_INDEX			
https://www.nexusmods.com/morrowind/mods/54363	VALID_FROM_INDEX			
https://www.nexusmods.com/morrowind/mods/54373	VALID_FROM_INDEX			
https://www.nexusmods.com/morrowind/mods/54378	VALID_FROM_INDEX			
https://www.nexusmods.com/morrowind/mods/54401	VALID_FROM_INDEX			
https://www.nexusmods.com/morrowind/mods/54446	VALID_FROM_INDEX			
https://www.nexusmods.com/morrowind/mods/54453	VALID_FROM_INDEX			
https://www.nexusmods.com/morrowind/mods/54494	VALID_FROM_INDEX			
https://www.nexusmods.com/morrowind/mods/54507	VALID_FROM_INDEX			
https://www.nexusmods.com/morrowind/mods/54518	VALID_FROM_INDEX			
https://www.nexusmods.com/morrowind/mods/54524	VALID_FROM_INDEX			
https://www.nexusmods.com/morrowind/mods/54534	VALID_FROM_INDEX			
https://www.nexusmods.com/morrowind/mods/54553	VALID_FROM_INDEX			
https://www.nexusmods.com/morrowind/mods/54567	VALID_FROM_INDEX			
https://www.nexusmods.com/morrowind/mods/54597	VALID_FROM_INDEX			
https://www.nexusmods.com/morrowind/mods/54650	VALID_FROM_INDEX			
https://www.nexusmods.com/morrowind/mods/54662	VALID_FROM_INDEX			
https://www.nexusmods.com/morrowind/mods/54679	VALID_FROM_INDEX			
https://www.nexusmods.com/morrowind/mods/54682	VALID_FROM_INDEX			
https://www.nexusmods.com/morrowind/mods/54685	VALID_FROM_INDEX			
https://www.nexusmods.com/morrowind/mods/54694	VALID_FROM_INDEX			
https://www.nexusmods.com/morrowind/mods/54731	VALID_FROM_INDEX			
https://www.nexusmods.com/morrowind/mods/54750	VALID_FROM_INDEX			
https://www.nexusmods.com/morrowind/mods/54797	VALID_FROM_INDEX			
https://www.nexusmods.com/morrowind/mods/54814	VALID_FROM_INDEX			
https://www.nexusmods.com/morrowind/mods/54820	VALID_FROM_INDEX			
https://www.nexusmods.com/morrowind/mods/54829	VALID_FROM_INDEX			
https://www.nexusmods.com/morrowind/mods/54831	VALID_FROM_INDEX			
https://www.nexusmods.com/morrowind/mods/54833	VALID_FROM_INDEX			
https://www.nexusmods.com/morrowind/mods/54839	VALID_FROM_INDEX			
https://www.nexusmods.com/morrowind/mods/54841	VALID_FROM_INDEX			
https://www.nexusmods.com/morrowind/mods/54843	VALID_FROM_INDEX			
https://www.nexusmods.com/morrowind/mods/54846	VALID_FROM_INDEX			
https://www.nexusmods.com/morrowind/mods/54856	VALID_FROM_INDEX			
https://www.nexusmods.com/morrowind/mods/54872	VALID_FROM_INDEX			
https://www.nexusmods.com/morrowind/mods/54873	VALID_FROM_INDEX			
https://www.nexusmods.com/morrowind/mods/54945	VALID_FROM_INDEX			
https://www.nexusmods.com/morrowind/mods/54946	VALID_FROM_INDEX			
https://www.nexusmods.com/morrowind/mods/54965	VALID_FROM_INDEX			
https://www.nexusmods.com/morrowind/mods/54977	VALID_FROM_INDEX			
https://www.nexusmods.com/morrowind/mods/55012	VALID_FROM_INDEX			
https://www.nexusmods.com/morrowind/mods/55022	VALID_FROM_INDEX			
https://www.nexusmods.com/morrowind/mods/55058	VALID_FROM_INDEX			
https://www.nexusmods.com/morrowind/mods/55063	VALID_FROM_INDEX			
https://www.nexusmods.com/morrowind/mods/55066	VALID_FROM_INDEX			
https://www.nexusmods.com/morrowind/mods/55068	VALID_FROM_INDEX			
https://www.nexusmods.com/morrowind/mods/55091	VALID_FROM_INDEX			
https://www.nexusmods.com/morrowind/mods/55099	VALID_FROM_INDEX			
https://www.nexusmods.com/morrowind/mods/55129	VALID_FROM_INDEX			
https://www.nexusmods.com/morrowind/mods/55140	VALID_FROM_INDEX			
https://www.nexusmods.com/morrowind/mods/55158	VALID_FROM_INDEX			
https://www.nexusmods.com/morrowind/mods/55169	VALID_FROM_INDEX			
https://www.nexusmods.com/morrowind/mods/55173	VALID_FROM_INDEX			
https://www.nexusmods.com/morrowind/mods/55178	VALID_FROM_INDEX			
https://www.nexusmods.com/morrowind/mods/55207	VALID_FROM_INDEX			
https://www.nexusmods.com/morrowind/mods/55220	VALID_FROM_INDEX			
https://www.nexusmods.com/morrowind/mods/55272	VALID_FROM_INDEX			
https://www.nexusmods.com/morrowind/mods/55279	VALID_FROM_INDEX			
https://www.nexusmods.com/morrowind/mods/55322	VALID_FROM_INDEX			
https://www.nexusmods.com/morrowind/mods/55343	VALID_FROM_INDEX			
https://www.nexusmods.com/morrowind/mods/55407	VALID_FROM_INDEX			
https://www.nexusmods.com/morrowind/mods/55409	VALID_FROM_INDEX			
https://www.nexusmods.com/morrowind/mods/55410	VALID_FROM_INDEX			
https://www.nexusmods.com/morrowind/mods/55411	VALID_FROM_INDEX			
https://www.nexusmods.com/morrowind/mods/55414	VALID_FROM_INDEX			
https://www.nexusmods.com/morrowind/mods/55429	VALID_FROM_INDEX			
https://www.nexusmods.com/morrowind/mods/55446	VALID_FROM_INDEX			
https://www.nexusmods.com/morrowind/mods/55447	VALID_FROM_INDEX			
https://www.nexusmods.com/morrowind/mods/55454	VALID_FROM_INDEX			
https://www.nexusmods.com/morrowind/mods/55464	VALID_FROM_INDEX			
https://www.nexusmods.com/morrowind/mods/55468	VALID_FROM_INDEX			
https://www.nexusmods.com/morrowind/mods/55469	VALID_FROM_INDEX			
https://www.nexusmods.com/morrowind/mods/55475	VALID_FROM_INDEX			
https://www.nexusmods.com/morrowind/mods/55476	VALID_FROM_INDEX			
https://www.nexusmods.com/morrowind/mods/55505	VALID_FROM_INDEX			
https://www.nexusmods.com/morrowind/mods/55525	VALID_FROM_INDEX			
https://www.nexusmods.com/morrowind/mods/55536	VALID_FROM_INDEX			
https://www.nexusmods.com/morrowind/mods/55538	VALID_FROM_INDEX			
https://www.nexusmods.com/morrowind/mods/5554	VALID_FROM_INDEX			
https://www.nexusmods.com/morrowind/mods/55558	VALID_FROM_INDEX			
https://www.nexusmods.com/morrowind/mods/55564	VALID_FROM_INDEX			
https://www.nexusmods.com/morrowind/mods/55567	VALID_FROM_INDEX			
https://www.nexusmods.com/morrowind/mods/55573	VALID_FROM_INDEX			
https://www.nexusmods.com/morrowind/mods/55628	VALID_FROM_INDEX			
https://www.nexusmods.com/morrowind/mods/55666	VALID_FROM_INDEX			
https://www.nexusmods.com/morrowind/mods/55674	VALID_FROM_INDEX			
https://www.nexusmods.com/morrowind/mods/55683	VALID_FROM_INDEX			
https://www.nexusmods.com/morrowind/mods/55702	VALID_FROM_INDEX			
https://www.nexusmods.com/morrowind/mods/55719	VALID_FROM_INDEX			
https://www.nexusmods.com/morrowind/mods/55724	VALID_FROM_INDEX			
https://www.nexusmods.com/morrowind/mods/55726	VALID_FROM_INDEX			
https://www.nexusmods.com/morrowind/mods/55768	VALID_FROM_INDEX			
https://www.nexusmods.com/morrowind/mods/55783	VALID_FROM_INDEX			
https://www.nexusmods.com/morrowind/mods/55784	VALID_FROM_INDEX			
https://www.nexusmods.com/morrowind/mods/55785	VALID_FROM_INDEX			
https://www.nexusmods.com/morrowind/mods/55805	VALID_FROM_INDEX			
https://www.nexusmods.com/morrowind/mods/55812	VALID_FROM_INDEX			
https://www.nexusmods.com/morrowind/mods/55863	VALID_FROM_INDEX			
https://www.nexusmods.com/morrowind/mods/55866	VALID_FROM_INDEX			
https://www.nexusmods.com/morrowind/mods/55892	VALID_FROM_INDEX			
https://www.nexusmods.com/morrowind/mods/55897	VALID_FROM_INDEX			
https://www.nexusmods.com/morrowind/mods/55904	VALID_FROM_INDEX			
https://www.nexusmods.com/morrowind/mods/55908	VALID_FROM_INDEX			
https://www.nexusmods.com/morrowind/mods/55918	VALID_FROM_INDEX			
https://www.nexusmods.com/morrowind/mods/56006	VALID_FROM_INDEX			
https://www.nexusmods.com/morrowind/mods/56012	VALID_FROM_INDEX			
https://www.nexusmods.com/morrowind/mods/56043	VALID_FROM_INDEX			
https://www.nexusmods.com/morrowind/mods/56060	VALID_FROM_INDEX			
https://www.nexusmods.com/morrowind/mods/56075	VALID_FROM_INDEX			
https://www.nexusmods.com/morrowind/mods/56101/	VALID_FROM_INDEX	https://www.nexusmods.com/morrowind/mods/56101	DERIVED	
https://www.nexusmods.com/morrowind/mods/56124	VALID_FROM_INDEX			
https://www.nexusmods.com/morrowind/mods/56169	VALID_FROM_INDEX			
https://www.nexusmods.com/morrowind/mods/56176	VALID_FROM_INDEX			
https://www.nexusmods.com/morrowind/mods/56193	VALID_FROM_INDEX			
https://www.nexusmods.com/morrowind/mods/56212	VALID_FROM_INDEX			
https://www.nexusmods.com/morrowind/mods/56218	VALID_FROM_INDEX			
https://www.nexusmods.com/morrowind/mods/56220	VALID_FROM_INDEX			
https://www.nexusmods.com/morrowind/mods/56223	VALID_FROM_INDEX			
https://www.nexusmods.com/morrowind/mods/56224	VALID_FROM_INDEX			
https://www.nexusmods.com/morrowind/mods/56254	VALID_FROM_INDEX			
https://www.nexusmods.com/morrowind/mods/56259	VALID_FROM_INDEX			
https://www.nexusmods.com/morrowind/mods/56339	VALID_FROM_INDEX			
https://www.nexusmods.com/morrowind/mods/56351	VALID_FROM_INDEX			
https://www.nexusmods.com/morrowind/mods/56368	VALID_FROM_INDEX			
https://www.nexusmods.com/morrowind/mods/56388	VALID_FROM_INDEX			
https://www.nexusmods.com/morrowind/mods/56397	VALID_FROM_INDEX			
https://www.nexusmods.com/morrowind/mods/56399	VALID_FROM_INDEX			
https://www.nexusmods.com/morrowind/mods/56432	VALID_FROM_INDEX			
https://www.nexusmods.com/morrowind/mods/56462	VALID_FROM_INDEX			
https://www.nexusmods.com/morrowind/mods/56484	VALID_FROM_INDEX			
https://www.nexusmods.com/morrowind/mods/56540	VALID_FROM_INDEX			
https://www.nexusmods.com/morrowind/mods/56601	VALID_FROM_INDEX			
https://www.nexusmods.com/morrowind/mods/56603	VALID_FROM_INDEX			
https://www.nexusmods.com/morrowind/mods/56610	VALID_FROM_INDEX			
https://www.nexusmods.com/morrowind/mods/56612	VALID_FROM_INDEX			
https://www.nexusmods.com/morrowind/mods/56613	VALID_FROM_INDEX			
https://www.nexusmods.com/morrowind/mods/56617	VALID_FROM_INDEX			
https://www.nexusmods.com/morrowind/mods/56652	VALID_FROM_INDEX			
https://www.nexusmods.com/morrowind/mods/56678	VALID_FROM_INDEX			
https://www.nexusmods.com/morrowind/mods/56729	VALID_FROM_INDEX			
https://www.nexusmods.com/morrowind/mods/56736	VALID_FROM_INDEX			
https://www.nexusmods.com/morrowind/mods/56741	VALID_FROM_INDEX			
https://www.nexusmods.com/morrowind/mods/56807	VALID_FROM_INDEX			
https://www.nexusmods.com/morrowind/mods/56814/	VALID_FROM_INDEX	https://www.nexusmods.com/morrowind/mods/56814	DERIVED	
https://www.nexusmods.com/morrowind/mods/56858	VALID_FROM_INDEX			
https://www.nexusmods.com/morrowind/mods/56869	VALID_FROM_INDEX			
https://www.nexusmods.com/morrowind/mods/56875	VALID_FROM_INDEX			
https://www.nexusmods.com/morrowind/mods/56916	VALID_FROM_INDEX			
https://www.nexusmods.com/morrowind/mods/56927	VALID_FROM_INDEX			
https://www.nexusmods.com/morrowind/mods/56934	VALID_FROM_INDEX			
https://www.nexusmods.com/morrowind/mods/56962	VALID_FROM_INDEX			
https://www.nexusmods.com/morrowind/mods/56963	VALID_FROM_INDEX			
https://www.nexusmods.com/morrowind/mods/56982	VALID_FROM_INDEX			
https://www.nexusmods.com/morrowind/mods/57012	VALID_FROM_INDEX			
https://www.nexusmods.com/morrowind/mods/57019	VALID_FROM_INDEX			
https://www.nexusmods.com/morrowind/mods/57020	VALID_FROM_INDEX			
https://www.nexusmods.com/morrowind/mods/57060	VALID_FROM_INDEX			
https://www.nexusmods.com/morrowind/mods/57080	VALID_FROM_INDEX			
https://www.nexusmods.com/morrowind/mods/571	VALID_FROM_INDEX			
https://www.nexusmods.com/morrowind/mods/57139	VALID_FROM_INDEX			
https://www.nexusmods.com/morrowind/mods/57182	VALID_FROM_INDEX			
https://www.nexusmods.com/morrowind/mods/57184	VALID_FROM_INDEX			
https://www.nexusmods.com/morrowind/mods/57186	VALID_FROM_INDEX			
https://www.nexusmods.com/morrowind/mods/57193	VALID_FROM_INDEX			
https://www.nexusmods.com/morrowind/mods/57200	VALID_FROM_INDEX			
https://www.nexusmods.com/morrowind/mods/57244	VALID_FROM_INDEX			
https://www.nexusmods.com/morrowind/mods/57302	VALID_FROM_INDEX			
https://www.nexusmods.com/morrowind/mods/57311	VALID_FROM_INDEX			
https://www.nexusmods.com/morrowind/mods/57317	VALID_FROM_INDEX			
https://www.nexusmods.com/morrowind/mods/57410	VALID_FROM_INDEX			
https://www.nexusmods.com/morrowind/mods/57452	VALID_FROM_INDEX			
https://www.nexusmods.com/morrowind/mods/57559	VALID_FROM_INDEX			
https://www.nexusmods.com/morrowind/mods/57577	VALID_FROM_INDEX			
https://www.nexusmods.com/morrowind/mods/57595	VALID_FROM_INDEX			
https://www.nexusmods.com/morrowind/mods/57614	VALID_FROM_INDEX			
https://www.nexusmods.com/morrowind/mods/57632	VALID_FROM_INDEX			
https://www.nexusmods.com/morrowind/mods/57662	VALID_FROM_INDEX			
https://www.nexusmods.com/morrowind/mods/578	VALID_FROM_INDEX			
https://www.nexusmods.com/morrowind/mods/580	VALID_FROM_INDEX			
https://www.nexusmods.com/morrowind/mods/5847	VALID_FROM_INDEX			
https://www.nexusmods.com/morrowind/mods/587	VALID_FROM_INDEX			
https://www.nexusmods.com/morrowind/mods/588	VALID_FROM_INDEX			
https://www.nexusmods.com/morrowind/mods/589	VALID_FROM_INDEX			
https://www.nexusmods.com/morrowind/mods/594	VALID_FROM_INDEX			
https://www.nexusmods.com/morrowind/mods/6006	VALID_FROM_INDEX			
https://www.nexusmods.com/morrowind/mods/6035	VALID_FROM_INDEX			
https://www.nexusmods.com/morrowind/mods/6036	VALID_FROM_INDEX			
https://www.nexusmods.com/morrowind/mods/6040	VALID_FROM_INDEX			
https://www.nexusmods.com/morrowind/mods/6046	VALID_FROM_INDEX			
https://www.nexusmods.com/morrowind/mods/6047	VALID_FROM_INDEX			
https://www.nexusmods.com/morrowind/mods/6051	VALID_FROM_INDEX			
https://www.nexusmods.com/morrowind/mods/6212	VALID_FROM_INDEX			
https://www.nexusmods.com/morrowind/mods/6497	VALID_FROM_INDEX			
https://www.nexusmods.com/morrowind/mods/6749	VALID_FROM_INDEX			
https://www.nexusmods.com/morrowind/mods/6932	VALID_FROM_INDEX			
https://www.nexusmods.com/morrowind/mods/6958	VALID_FROM_INDEX			
https://www.nexusmods.com/morrowind/mods/7015	VALID_FROM_INDEX			
https://www.nexusmods.com/morrowind/mods/7237	VALID_FROM_INDEX			
https://www.nexusmods.com/morrowind/mods/7240	VALID_FROM_INDEX			
https://www.nexusmods.com/morrowind/mods/7272	VALID_FROM_INDEX			
https://www.nexusmods.com/morrowind/mods/7555	VALID_FROM_INDEX			
https://www.nexusmods.com/morrowind/mods/7716	VALID_FROM_INDEX			
https://www.nexusmods.com/morrowind/mods/8010	VALID_FROM_INDEX			
https://www.nexusmods.com/morrowind/mods/8306	VALID_FROM_INDEX			
https://www.nexusmods.com/morrowind/mods/8318	VALID_FROM_INDEX			
https://www.nexusmods.com/morrowind/mods/8359	VALID_FROM_INDEX			
https://www.nexusmods.com/morrowind/mods/8517	VALID_FROM_INDEX			
https://www.nexusmods.com/morrowind/mods/8530	VALID_FROM_INDEX			
https://www.nexusmods.com/morrowind/mods/8620	VALID_FROM_INDEX			
https://www.nexusmods.com/morrowind/mods/8729	VALID_FROM_INDEX			
https://www.nexusmods.com/morrowind/mods/8920	VALID_FROM_INDEX			
https://www.nexusmods.com/morrowind/mods/9235	VALID_FROM_INDEX			
https://www.nexusmods.com/morrowind/mods/937	VALID_FROM_INDEX			
https://www.nexusmods.com/morrowind/mods/940	VALID_FROM_INDEX			
https://www.nexusmods.com/morrowind/mods/944	VALID_FROM_INDEX			
https://www.nexusmods.com/morrowind/mods/947	VALID_FROM_INDEX			
https://www.nexusmods.com/morrowind/mods/955	VALID_FROM_INDEX			
https://www.nexusmods.com/morrowind/mods/9688	VALID_FROM_INDEX			
https://www.nexusmods.com/morrowind/mods/982	VALID_FROM_INDEX			
https://www.nexusmods.com/morrowind/mods/991	VALID_FROM_INDEX			
https://www.nexusmods.com/morrowind/mods/9967	VALID_FROM_INDEX			
https://www.nexusmods.com/morrowind/mods/998	VALID_FROM_INDEX			
https://www.nexusmods.com/morrowind/mods/9990	VALID_FROM_INDEX			
http://abitoftaste.altervista.org/morrowind/index.php?option=downloads&Itemid=50&task=info&id=52&-MW-Containers-Animated-TR-1-02	VALID_VERIFIED	https://abitoftaste.altervista.org/morrowind/index.php?option=downloads&Itemid=50&task=info&id=52&-MW-Containers-Animated-TR-1-02	DERIVED	
http://abitoftaste.altervista.org/morrowind/index.php?option=downloads&task=info&id=26&Itemid=50&-NOM3-penalties-fix	VALID_VERIFIED	https://abitoftaste.altervista.org/morrowind/index.php?option=downloads&task=info&id=26&Itemid=50&-NOM3-penalties-fix	DERIVED	
http://abitoftaste.altervista.org/morrowind/index.php?option=downloads&task=info&id=50&Itemid=50&-MCA-8-lore-friendly-NPC-names	VALID_VERIFIED	https://abitoftaste.altervista.org/morrowind/index.php?option=downloads&task=info&id=50&Itemid=50&-MCA-8-lore-friendly-NPC-names	DERIVED	
http://abitoftaste.altervista.org/morrowind/index.php?option=downloads&task=info&id=56&Itemid=50&-ACEG-Animated-Containers-Expansion-Generator	VALID_VERIFIED	https://abitoftaste.altervista.org/morrowind/index.php?option=downloads&task=info&id=56&Itemid=50&-ACEG-Animated-Containers-Expansion-Generator	DERIVED	
http://abitoftaste.altervista.org/morrowind/index.php?option=downloads&task=info&id=59&Itemid=50&-Julan-Real-Time-Transport-Patch	VALID_VERIFIED	https://abitoftaste.altervista.org/morrowind/index.php?option=downloads&task=info&id=59&Itemid=50&-Julan-Real-Time-Transport-Patch	DERIVED	
http://abitoftaste.altervista.org/morrowind/index.php?option=downloads&task=info&id=72&Itemid=50	VALID_VERIFIED	https://abitoftaste.altervista.org/morrowind/index.php?option=downloads&task=info&id=72&Itemid=50	DERIVED	
http://fallingawkwardly.com/files/KS_Julan_MRM_Patch_1.0.ESP	VALID_VERIFIED	https://fallingawkwardly.com/files/KS_Julan_MRM_Patch_1.0.ESP	DERIVED	
http://fallingawkwardly.com/mods/Julan.html	VALID_VERIFIED	https://fallingawkwardly.com/mods/Julan.html	DERIVED	
http://fallingawkwardly.com/mods/JulanFAQ.html	VALID_VERIFIED	https://fallingawkwardly.com/mods/JulanFAQ.html	DERIVED	
http://forums.nexusmods.com/index.php?/topic/2458519-take-all-hotkey-mod/?p=21660169	VALID_VERIFIED	https://forums.nexusmods.com/index.php?/topic/2458519-take-all-hotkey-mod/?p=21660169	DERIVED	
http://lovkullen.net/Emma/Apartement.htm	VALID_VERIFIED	https://lovkullen.net/Emma/Apartement.htm	DERIVED	
http://lovkullen.net/Emma/Asgard.htm	VALID_VERIFIED	https://lovkullen.net/Emma/Asgard.htm	DERIVED	
http://lovkullen.net/Emma/Domehome.htm#fix	VALID_VERIFIED	https://lovkullen.net/Emma/Domehome.htm#fix	DERIVED	
http://lovkullen.net/Emma/Downloads/Asgard_BE_fix.zip	VALID_VERIFIED	https://lovkullen.net/Emma/Downloads/Asgard_BE_fix.zip	DERIVED	
http://lovkullen.net/Emma/Downloads/Asgard_Domehome_BE_fix.zip	VALID_VERIFIED	https://lovkullen.net/Emma/Downloads/Asgard_Domehome_BE_fix.zip	DERIVED	
http://lovkullen.net/Emma/Downloads/Asgard_Domehomefix.zip	VALID_VERIFIED	https://lovkullen.net/Emma/Downloads/Asgard_Domehomefix.zip	DERIVED	
http://lovkullen.net/Emma/laura.htm	VALID_VERIFIED	https://lovkullen.net/Emma/laura.htm	DERIVED	
http://lovkullen.net/Emma/lokken.htm	VALID_VERIFIED	https://lovkullen.net/Emma/lokken.htm	DERIVED	
http://lovkullen.net/Emma/lokken.htm#Add-ons	VALID_VERIFIED	https://lovkullen.net/Emma/lokken.htm#Add-ons	DERIVED	
http://morrowind.nexusmods.com/mods/19510	VALID_VERIFIED	https://www.nexusmods.com/morrowind/mods/19510	DERIVED	
http://morrowind.nexusmods.com/mods/29341	VALID_VERIFIED	https://www.nexusmods.com/morrowind/mods/29341	DERIVED	
http://morrowind.nexusmods.com/mods/31635	VALID_VERIFIED	https://www.nexusmods.com/morrowind/mods/31635	DERIVED	
http://princessstomper.wordpress.com/2009/02/22/fairytales-of-vvardenfell/	VALID_VERIFIED	https://princessstomper.wordpress.com/2009/02/22/fairytales-of-vvardenfell/	DERIVED	
http://web.archive.org/web/20080308192235/http://home1.gte.net/cdcooley/BPC_MWSE_1.2.zip	VALID_VERIFIED	https://web.archive.org/web/20080308192235/http://home1.gte.net/cdcooley/BPC_MWSE_1.2.zip	DERIVED	
http://wryemusings.com/GMST%20Vaccine.html	VALID_VERIFIED	https://wryemusings.com/GMST%20Vaccine.html	DERIVED	
http://wryemusings.com/Wrye%20Mash.html#RenumberRefs	VALID_VERIFIED	https://wryemusings.com/Wrye%20Mash.html#RenumberRefs	DERIVED	
http://wryemusings.com/Wrye%20Patches.html	VALID_VERIFIED	https://wryemusings.com/Wrye%20Patches.html	DERIVED	
http://wryemusings.com/Wrye%20Patches.html#AlternateVersions	VALID_VERIFIED	https://wryemusings.com/Wrye%20Patches.html#AlternateVersions	DERIVED	
http://www.automatichamster.com/keening/downloads.shtml	VALID_VERIFIED	https://www.automatichamster.com/keening/downloads.shtml	DERIVED	
http://www.automatichamster.com/keening/faq.shtml	VALID_VERIFIED	https://www.automatichamster.com/keening/faq.shtml	DERIVED	
http://www.calislahn.com/elder-scrolls/clothing/	VALID_VERIFIED	https://www.calislahn.com/elder-scrolls/clothing/	DERIVED	
http://www.lgnpc.org/downloads	VALID_VERIFIED			
http://www.mediafire.com/file/zmnr0gzzwy5/GCD_BigMod2_patch.zip	VALID_VERIFIED	https://www.mediafire.com/file/zmnr0gzzwy5/GCD_BigMod2_patch.zip	DERIVED	
http://www.nexusmods.com/morrowind/mods/19510/	VALID_VERIFIED	https://www.nexusmods.com/morrowind/mods/19510	DERIVED	
http://www.nexusmods.com/morrowind/mods/39605/?	VALID_VERIFIED	https://www.nexusmods.com/morrowind/mods/39605	DERIVED	
http://www.nexusmods.com/morrowind/mods/43310/	VALID_VERIFIED	https://www.nexusmods.com/morrowind/mods/43310	DERIVED	
http://www.nexusmods.com/morrowind/mods/43310/?	VALID_VERIFIED	https://www.nexusmods.com/morrowind/mods/43310	DERIVED	
http://www.nexusmods.com/morrowind/mods/43880/?	VALID_VERIFIED	https://www.nexusmods.com/morrowind/mods/43880	DERIVED	
http://www.sabregirl.com/mods/creature.html	VALID_VERIFIED	https://www.sabregirl.com/mods/creature.html	DERIVED	
http://www.sheikizza.boneflower.com/Sheikizza.html	VALID_VERIFIED			
http://www.uesp.net/wiki/Morrowind:Magas_Volar#Notes	VALID_VERIFIED			
http://www.uesp.net/wiki/Tes3Mod:GMST_Contamination	VALID_VERIFIED			
http://www.uesp.net/wiki/Tes3Mod:Leveled_Lists	VALID_VERIFIED			
http://www.uesp.net/wiki/Tes3Mod:Leveled_Lists	VALID_VERIFIED			
http://www.uesp.net/wiki/Tes3Mod:Morrowind_Patch_Project	VALID_VERIFIED			
http://www.youtube.com/watch?v=H59W_ayT5Qo	VALID_VERIFIED	https://www.youtube.com/watch?v=H59W_ayT5Qo	DERIVED	
http://www.youtube.com/watch?v=c30ITDt9DBo	VALID_VERIFIED	https://www.youtube.com/watch?v=c30ITDt9DBo	DERIVED	
https://code.google.com/p/mlox/wiki/Tes3cmd	VALID_VERIFIED			
https://discord.me/mwmods	VALID_VERIFIED			
https://en.m.uesp.net/wiki/Morrowind:Plugins	VALID_VERIFIED			
https://github.com/DanaePlays/mlox-rules	VALID_VERIFIED			
https://gitlab.com/bmwinger/delta-plugin/	VALID_VERIFIED			
https://loot.github.io/latest-thread/	VALID_VERIFIED			
https://modding-openmw.gitlab.io/momw-patches/	VALID_VERIFIED			
https://web.archive.org/web/20161103153751/http://download.fliggerty.com/file.php?id=940	VALID_VERIFIED			
https://www.elderscrollsportal.de/ressourcen/huebsche-katzen.36/	VALID_VERIFIED			
https://www.nexusmods.com/morrowind/mods/46870	VALID_VERIFIED			
https://www.nexusmods.com/morrowind/mods/46870/	VALID_VERIFIED	https://www.nexusmods.com/morrowind/mods/46870	DERIVED	
https://www.nexusmods.com/morrowind/mods/51408?tab=description	VALID_VERIFIED	https://www.nexusmods.com/morrowind/mods/51408	DERIVED	
https://www.nexusmods.com/morrowind/mods/57765/	VALID_VERIFIED	https://www.nexusmods.com/morrowind/mods/57765	DERIVED	
https://www.nexusmods.com/morrowind/mods/57801/	VALID_VERIFIED	https://www.nexusmods.com/morrowind/mods/57801	DERIVED	
https://www.nexusmods.com/morrowind/mods/57802/	VALID_VERIFIED	https://www.nexusmods.com/morrowind/mods/57802	DERIVED	
https://www.youtube.com/watch?v=0nW8wnvo2pc	VALID_VERIFIED			
https://www.youtube.com/watch?v=9fLEcHbN-XE	VALID_VERIFIED			
https://www.youtube.com/watch?v=DDswXCJC7Qs	VALID_VERIFIED			
https://www.youtube.com/watch?v=H59W_ayT5Qo	VALID_VERIFIED			
https://www.youtube.com/watch?v=KEA-IRuj1Io	VALID_VERIFIED			
https://www.youtube.com/watch?v=V4iStbPKdDA	VALID_VERIFIED			
https://www.youtube.com/watch?v=c30ITDt9DBo	VALID_VERIFIED			
https://www.youtube.com/watch?v=iv-wLAPfWAc	VALID_VERIFIED			
https://www.youtube.com/watch?v=qIXMZ-HaNLY	VALID_VERIFIED			
https://www.youtube.com/watch?v=rGDXOPi7nPE	VALID_VERIFIED			
https://www.youtube.com/watch?v=v7o8R_2u17g	VALID_VERIFIED			
https://www.youtube.com/watch?v=zVI9KLrDrLQ	VALID_VERIFIED			
